SOIL_PH,TEMP,RELATIVE_HUMIDITY,N,P,K,CROPS,True_Crop,Predicted_Crop,Prediction_Score,Top3_Recommendations,Top3_Scores
6.3,23.0,16.4,32.9,26.9,29.6,panivaragu,panivaragu,thinai,56,"['thinai', 'panivaragu', 'ragi']","[56, 19, 19]"
7.1,35.1,81.0,45.5,25.5,31.8,pearl millet,pearl millet,pearl millet,67,"['pearl millet', 'horsegram', 'gingely']","[67, 31, 1]"
6.2,25.0,97.7,138.3,92.3,93.6,bhendi,bhendi,bhendi,89,"['bhendi', 'cabbage', 'capsicum']","[89, 11, 0]"
7.9,23.8,82.4,49.2,23.4,30.8,sunflower,sunflower,sunflower,54,"['sunflower', 'castor', 'pearl millet']","[54, 45, 1]"
7.2,33.8,83.3,97.6,56.1,47.0,annual moringa,annual moringa,annual moringa,81,"['annual moringa', 'elephant foot yam', 'jute']","[81, 6, 5]"
6.4,21.2,50.7,82.7,42.3,49.0,wheat,wheat,wheat,99,"['wheat', 'rice', 'small onion']","[99, 1, 0]"
6.6,43.3,65.0,69.7,59.6,51.5,groundnut,groundnut,groundnut,98,"['groundnut', 'cucumber', 'rice']","[98, 1, 0]"
5.7,25.9,15.3,38.7,22.4,25.1,varagu,varagu,varagu,78,"['varagu', 'thinai', 'ragi']","[78, 12, 6]"
7.0,25.6,89.5,61.9,53.8,78.7,bitter gourd,bitter gourd,bitter gourd,89,"['bitter gourd', 'snake gourd', 'ribbed gourd']","[89, 9, 2]"
6.3,37.2,66.4,50.2,29.8,35.6,horsegram,horsegram,horsegram,99,"['horsegram', 'soyabean', 'greengram']","[99, 0, 0]"
6.7,20.5,89.8,75.6,24.7,21.7,sunflower,sunflower,sunflower,67,"['sunflower', 'soyabean', 'castor']","[67, 30, 2]"
6.8,18.3,65.1,63.4,56.8,82.4,pumpkin,pumpkin,pumpkin,99,"['pumpkin', 'carrot', 'bottle gourd']","[99, 0, 0]"
6.6,21.6,76.4,68.0,44.4,96.4,bottle gourd,bottle gourd,bottle gourd,85,"['bottle gourd', 'pumpkin', 'ribbed gourd']","[85, 12, 1]"
7.2,25.2,77.4,104.5,52.6,71.5,watermelon,watermelon,watermelon,77,"['watermelon', 'muskmelon', 'tomato']","[77, 20, 1]"
6.4,22.1,90.5,143.7,77.5,115.0,capsicum,capsicum,capsicum,49,"['capsicum', 'cabbage', 'brinjal']","[49, 35, 10]"
5.6,26.8,18.7,35.8,22.2,24.3,thinai,thinai,varagu,79,"['varagu', 'thinai', 'ragi']","[79, 11, 6]"
6.7,27.0,79.7,62.4,49.0,57.3,tinda,tinda,tinda,81,"['tinda', 'elephant foot yam', 'bitter gourd']","[81, 11, 2]"
6.6,26.1,19.4,30.6,23.6,27.6,ragi,ragi,thinai,41,"['thinai', 'blackgram', 'ragi']","[41, 16, 15]"
7.2,22.3,82.3,103.7,59.7,95.9,tomato,tomato,tomato,89,"['tomato', 'watermelon', 'brinjal']","[89, 6, 3]"
7.2,28.1,75.5,60.1,51.6,55.1,tinda,tinda,tinda,95,"['tinda', 'jute', 'ribbed gourd']","[95, 2, 1]"
7.2,16.8,83.8,102.1,52.5,42.4,peas,peas,peas,100,"['peas', 'cotton', 'cluster bean']","[100, 0, 0]"
7.3,32.2,79.7,85.4,56.9,51.5,rice,rice,annual moringa,77,"['annual moringa', 'rice', 'tinda']","[77, 7, 6]"
5.8,16.3,84.4,96.6,49.3,52.7,french bean,french bean,french bean,97,"['french bean', 'chowchow', 'vegetable cowpea']","[97, 2, 0]"
6.9,26.6,84.4,86.2,49.6,79.3,ribbed gourd,ribbed gourd,watermelon,39,"['watermelon', 'bitter gourd', 'muskmelon']","[39, 24, 20]"
6.0,18.9,80.7,62.2,55.4,43.9,chowchow,chowchow,chowchow,84,"['chowchow', 'french bean', 'vegetable cowpea']","[84, 13, 3]"
5.3,34.0,67.8,94.5,42.5,56.3,rice,rice,rice,100,"['rice', 'cucumber', 'tapoica']","[100, 0, 0]"
6.6,12.8,97.0,80.1,44.8,49.1,cauliflower,cauliflower,radish,80,"['radish', 'cauliflower', 'sorghum']","[80, 18, 1]"
6.6,25.2,88.2,106.8,57.8,44.3,sweet potato,sweet potato,sweet potato,88,"['sweet potato', 'peas', 'cotton']","[88, 10, 1]"
7.5,35.0,78.6,51.3,29.9,29.2,horsegram,horsegram,horsegram,93,"['horsegram', 'pearl millet', 'jute']","[93, 5, 1]"
6.9,23.1,66.3,123.7,77.5,71.4,sugarbeet,sugarbeet,sugarbeet,78,"['sugarbeet', 'maize', 'tomato']","[78, 21, 0]"
6.7,17.9,18.9,31.6,22.6,22.4,ragi,ragi,ragi,67,"['ragi', 'panivaragu', 'thinai']","[67, 31, 2]"
6.4,28.0,53.9,87.6,54.9,65.9,ash gourd,ash gourd,ash gourd,98,"['ash gourd', 'tapoica', 'pumpkin']","[98, 1, 0]"
6.1,21.9,87.1,97.3,44.1,51.1,sweet potato,sweet potato,sweet potato,98,"['sweet potato', 'chowchow', 'snake gourd']","[98, 1, 1]"
6.5,22.6,86.2,88.6,64.1,93.8,snake gourd,snake gourd,snake gourd,95,"['snake gourd', 'bottle gourd', 'bitter gourd']","[95, 2, 1]"
7.5,25.6,89.3,109.5,58.0,58.3,cotton,cotton,cotton,77,"['cotton', 'peas', 'annual moringa']","[77, 20, 1]"
6.4,20.0,90.0,115.1,75.3,87.9,brinjal,brinjal,brinjal,55,"['brinjal', 'cabbage', 'capsicum']","[55, 27, 15]"
7.3,21.8,78.7,98.2,43.4,54.2,cluster bean,cluster bean,cluster bean,58,"['cluster bean', 'cotton', 'peas']","[58, 25, 14]"
7.0,25.9,99.8,66.1,39.0,37.5,castor,castor,castor,77,"['castor', 'sunflower', 'sorghum']","[77, 13, 5]"
6.1,30.0,88.5,56.4,36.0,36.5,soyabean,soyabean,pearl millet,51,"['pearl millet', 'soyabean', 'jute']","[51, 41, 6]"
5.9,27.6,53.8,74.2,45.1,49.8,tapoica,tapoica,tapoica,100,"['tapoica', 'ash gourd', 'cowpea']","[100, 0, 0]"
6.6,44.3,87.0,47.7,22.6,27.8,pearl millet,pearl millet,pearl millet,99,"['pearl millet', 'soyabean', 'gingely']","[99, 1, 0]"
6.7,19.6,69.8,92.3,63.9,93.3,carrot,carrot,pumpkin,59,"['pumpkin', 'carrot', 'tomato']","[59, 39, 1]"
5.9,25.6,79.3,75.1,46.2,43.0,french bean,french bean,vegetable cowpea,65,"['vegetable cowpea', 'french bean', 'elephant foot yam']","[65, 25, 9]"
6.5,27.0,78.8,80.6,43.7,82.9,watermelon,watermelon,watermelon,30,"['watermelon', 'bitter gourd', 'muskmelon']","[30, 23, 17]"
6.5,22.2,100.0,115.9,40.1,49.8,cauliflower,cauliflower,cauliflower,99,"['cauliflower', 'beetroot', 'sweet potato']","[99, 1, 0]"
6.4,26.1,16.5,33.2,21.4,22.2,thinai,thinai,varagu,77,"['varagu', 'thinai', 'panivaragu']","[77, 13, 5]"
7.8,22.2,77.3,91.6,54.1,51.8,cluster bean,cluster bean,cluster bean,67,"['cluster bean', 'cotton', 'rice']","[67, 26, 5]"
7.8,22.5,85.5,113.5,52.5,59.7,cotton,cotton,cotton,91,"['cotton', 'peas', 'cluster bean']","[91, 6, 2]"
6.8,18.4,98.9,76.9,59.9,54.0,beetroot,beetroot,beetroot,92,"['beetroot', 'sorghum', 'radish']","[92, 5, 1]"
5.6,24.0,83.1,90.4,45.9,45.8,vegetable cowpea,vegetable cowpea,vegetable cowpea,45,"['vegetable cowpea', 'french bean', 'sweet potato']","[45, 32, 20]"
6.8,24.7,81.5,144.6,69.4,109.7,chillies,chillies,tomato,50,"['tomato', 'chillies', 'onion']","[50, 40, 7]"
6.4,20.5,78.6,133.9,63.0,87.2,onion,onion,onion,75,"['onion', 'maize', 'tomato']","[75, 10, 9]"
6.6,14.6,65.0,50.9,54.4,43.7,groundnut,groundnut,groundnut,100,"['groundnut', 'small onion', 'peas']","[100, 0, 0]"
5.7,23.2,88.4,42.7,27.0,31.4,pearl millet,pearl millet,castor,67,"['castor', 'pearl millet', 'soyabean']","[67, 31, 1]"
6.6,23.0,86.8,88.8,45.8,96.5,snake gourd,snake gourd,snake gourd,88,"['snake gourd', 'bitter gourd', 'bottle gourd']","[88, 4, 3]"
6.4,28.7,90.0,119.7,55.1,102.6,brinjal,brinjal,brinjal,72,"['brinjal', 'capsicum', 'chillies']","[72, 27, 1]"
6.2,19.0,75.0,83.7,51.1,40.8,chowchow,chowchow,small onion,52,"['small onion', 'chowchow', 'peas']","[52, 41, 3]"
6.8,25.4,80.4,50.8,23.6,39.4,redgram,redgram,redgram,85,"['redgram', 'soyabean', 'pearl millet']","[85, 7, 3]"
7.7,25.2,17.9,24.1,27.0,34.0,blackgram,blackgram,blackgram,98,"['blackgram', 'ragi', 'samai']","[98, 1, 0]"
6.6,19.7,98.2,72.1,52.9,49.8,beetroot,beetroot,beetroot,94,"['beetroot', 'sorghum', 'radish']","[94, 5, 1]"
6.7,26.1,82.6,98.2,43.8,36.5,jute,jute,jute,70,"['jute', 'tinda', 'peas']","[70, 10, 6]"
7.1,33.2,77.2,93.8,33.8,40.8,jute,jute,jute,98,"['jute', 'annual moringa', 'rice']","[98, 1, 0]"
6.3,26.6,79.9,87.2,31.2,42.2,jute,jute,jute,96,"['jute', 'soyabean', 'elephant foot yam']","[96, 1, 1]"
5.9,25.8,18.1,35.1,23.3,22.6,varagu,varagu,varagu,79,"['varagu', 'thinai', 'ragi']","[79, 12, 6]"
6.4,12.5,17.4,31.4,20.8,22.3,ragi,ragi,ragi,65,"['ragi', 'panivaragu', 'thinai']","[65, 34, 0]"
7.9,22.0,67.0,151.0,79.1,124.5,sugarcane,sugarcane,sugarcane,100,"['sugarcane', 'sugarbeet', 'maize']","[100, 0, 0]"
6.7,20.4,99.8,93.9,57.2,44.2,beetroot,beetroot,beetroot,84,"['beetroot', 'cauliflower', 'radish']","[84, 15, 0]"
6.8,23.8,79.8,57.1,39.9,26.4,redgram,redgram,redgram,82,"['redgram', 'soyabean', 'sunflower']","[82, 8, 6]"
7.3,31.7,76.7,66.9,39.2,40.3,jute,jute,jute,98,"['jute', 'tinda', 'horsegram']","[98, 1, 0]"
6.8,15.9,95.8,85.8,57.7,50.1,radish,radish,cauliflower,51,"['cauliflower', 'radish', 'sorghum']","[51, 44, 3]"
7.5,20.1,77.7,127.7,51.7,97.7,tomato,tomato,tomato,99,"['tomato', 'sugarbeet', 'onion']","[99, 1, 0]"
6.7,18.4,90.0,110.0,46.1,80.5,brinjal,brinjal,brinjal,70,"['brinjal', 'capsicum', 'snake gourd']","[70, 28, 1]"
6.1,24.9,86.3,97.4,50.2,47.0,sweet potato,sweet potato,sweet potato,97,"['sweet potato', 'jute', 'vegetable cowpea']","[97, 1, 1]"
7.2,29.0,82.4,73.7,53.5,59.9,tinda,tinda,tinda,71,"['tinda', 'ribbed gourd', 'elephant foot yam']","[71, 16, 5]"
6.8,24.0,86.2,51.5,30.5,39.9,soyabean,soyabean,sunflower,43,"['sunflower', 'castor', 'soyabean']","[43, 23, 15]"
6.8,25.3,77.6,49.5,33.1,27.8,redgram,redgram,redgram,90,"['redgram', 'horsegram', 'soyabean']","[90, 6, 3]"
6.5,16.7,99.2,67.3,44.0,55.7,sorghum,sorghum,radish,66,"['radish', 'sorghum', 'beetroot']","[66, 22, 10]"
7.2,25.9,79.9,75.8,63.3,67.7,ribbed gourd,ribbed gourd,ribbed gourd,92,"['ribbed gourd', 'bitter gourd', 'bottle gourd']","[92, 6, 1]"
7.4,35.0,84.9,82.9,68.8,87.4,ribbed gourd,ribbed gourd,ribbed gourd,94,"['ribbed gourd', 'muskmelon', 'bitter gourd']","[94, 5, 1]"
7.0,23.2,90.7,51.1,25.1,35.8,sunflower,sunflower,sunflower,65,"['sunflower', 'castor', 'pearl millet']","[65, 25, 8]"
6.7,27.7,98.5,92.7,53.2,54.7,cauliflower,cauliflower,cauliflower,99,"['cauliflower', 'sorghum', 'peas']","[99, 1, 0]"
5.8,29.6,60.3,85.6,49.9,44.9,rice,rice,rice,64,"['rice', 'tapoica', 'cucumber']","[64, 34, 1]"
6.3,29.4,60.1,75.9,61.3,84.8,ash gourd,ash gourd,ash gourd,98,"['ash gourd', 'pumpkin', 'bottle gourd']","[98, 2, 0]"
5.9,44.9,16.0,30.1,22.4,21.6,panivaragu,panivaragu,panivaragu,99,"['panivaragu', 'blackgram', 'thinai']","[99, 1, 0]"
6.2,22.6,76.7,53.6,39.4,25.1,soyabean,soyabean,soyabean,60,"['soyabean', 'redgram', 'castor']","[60, 29, 5]"
6.3,35.9,97.8,74.3,42.8,41.2,sorghum,sorghum,sorghum,98,"['sorghum', 'jute', 'elephant foot yam']","[98, 2, 0]"
8.2,24.2,96.4,57.1,35.2,34.4,castor,castor,castor,75,"['castor', 'sunflower', 'pearl millet']","[75, 25, 0]"
5.6,20.0,15.0,53.2,33.9,31.2,kudiraivali,kudiraivali,kudiraivali,100,"['kudiraivali', 'thinai', 'ragi']","[100, 0, 0]"
7.6,24.2,75.8,79.0,53.2,46.5,cluster bean,cluster bean,cluster bean,88,"['cluster bean', 'cotton', 'rice']","[88, 8, 1]"
6.6,18.7,67.8,88.9,90.2,96.1,carrot,carrot,carrot,94,"['carrot', 'pumpkin', 'bottle gourd']","[94, 5, 0]"
6.7,30.9,69.7,84.0,55.1,41.7,cucumber,cucumber,cucumber,66,"['cucumber', 'rice', 'jute']","[66, 27, 3]"
8.8,32.2,19.5,37.8,27.5,25.3,samai,samai,samai,100,"['samai', 'blackgram', 'panivaragu']","[100, 0, 0]"
6.6,35.6,65.0,78.6,50.8,50.0,groundnut,groundnut,groundnut,79,"['groundnut', 'cucumber', 'rice']","[79, 17, 3]"
6.6,28.2,78.9,117.2,58.9,64.6,muskmelon,muskmelon,muskmelon,80,"['muskmelon', 'watermelon', 'chillies']","[80, 9, 4]"
7.3,21.8,90.0,123.2,76.2,112.5,brinjal,brinjal,brinjal,96,"['brinjal', 'capsicum', 'tomato']","[96, 3, 1]"
7.2,31.2,86.6,36.7,27.7,30.6,gingely,gingely,gingely,99,"['gingely', 'pearl millet', 'soyabean']","[99, 1, 0]"
6.6,38.6,17.4,39.8,38.9,32.2,blackgram,blackgram,blackgram,97,"['blackgram', 'panivaragu', 'horsegram']","[97, 2, 1]"
7.9,23.1,69.9,189.3,64.8,139.3,sugarcane,sugarcane,sugarcane,100,"['sugarcane', 'sugarbeet', 'tomato']","[100, 0, 0]"
6.9,21.2,83.1,142.7,73.0,87.6,tomato,tomato,tomato,73,"['tomato', 'maize', 'onion']","[73, 16, 4]"
6.5,15.2,91.9,130.3,65.4,98.3,cabbage,cabbage,cabbage,67,"['cabbage', 'capsicum', 'brinjal']","[67, 33, 0]"
7.3,36.0,63.2,58.9,37.7,38.2,horsegram,horsegram,horsegram,98,"['horsegram', 'groundnut', 'greengram']","[98, 1, 0]"
6.7,21.9,92.8,73.6,51.9,51.7,sorghum,sorghum,sorghum,96,"['sorghum', 'beetroot', 'cauliflower']","[96, 2, 1]"
6.6,28.1,81.0,111.0,67.8,83.5,chillies,chillies,chillies,54,"['chillies', 'tomato', 'muskmelon']","[54, 34, 4]"
6.4,8.1,91.3,148.8,62.3,112.0,cabbage,cabbage,cabbage,99,"['cabbage', 'capsicum', 'brinjal']","[99, 1, 0]"
7.4,13.2,83.4,46.5,26.2,33.5,pearl millet,pearl millet,pearl millet,99,"['pearl millet', 'soyabean', 'sunflower']","[99, 1, 0]"
5.9,23.1,81.3,137.0,73.7,89.0,onion,onion,onion,75,"['onion', 'maize', 'chillies']","[75, 17, 6]"
6.7,25.5,87.8,79.5,55.9,93.8,bitter gourd,bitter gourd,bitter gourd,62,"['bitter gourd', 'snake gourd', 'bottle gourd']","[62, 34, 2]"
6.1,19.0,75.9,97.8,48.4,40.6,chowchow,chowchow,chowchow,85,"['chowchow', 'small onion', 'french bean']","[85, 6, 4]"
7.2,34.7,60.6,37.6,38.1,24.9,greengram,greengram,greengram,99,"['greengram', 'horsegram', 'blackgram']","[99, 1, 0]"
6.6,22.8,51.9,112.1,53.7,42.6,wheat,wheat,wheat,100,"['wheat', 'rice', 'peas']","[100, 0, 0]"
6.9,28.4,87.0,81.3,54.2,63.2,bitter gourd,bitter gourd,bitter gourd,93,"['bitter gourd', 'ribbed gourd', 'muskmelon']","[93, 3, 1]"
6.3,22.5,15.1,32.1,21.8,29.9,thinai,thinai,thinai,50,"['thinai', 'panivaragu', 'ragi']","[50, 21, 19]"
6.7,25.5,83.7,94.7,51.4,54.1,annual moringa,annual moringa,tinda,37,"['tinda', 'elephant foot yam', 'peas']","[37, 22, 15]"
6.6,19.1,77.3,49.6,36.6,29.1,redgram,redgram,redgram,96,"['redgram', 'soyabean', 'pearl millet']","[96, 3, 0]"
6.9,29.3,84.9,97.8,50.2,43.1,tinda,tinda,tinda,40,"['tinda', 'annual moringa', 'elephant foot yam']","[40, 18, 15]"
7.5,24.6,91.9,50.4,30.4,36.8,castor,castor,sunflower,49,"['sunflower', 'castor', 'pearl millet']","[49, 42, 8]"
6.1,22.4,75.9,89.4,51.1,98.5,bottle gourd,bottle gourd,bottle gourd,74,"['bottle gourd', 'onion', 'chillies']","[74, 10, 6]"
7.0,32.8,62.2,38.1,29.6,38.1,greengram,greengram,greengram,99,"['greengram', 'horsegram', 'bengalgram']","[99, 1, 0]"
6.5,42.1,65.0,75.1,54.3,42.7,groundnut,groundnut,groundnut,98,"['groundnut', 'cucumber', 'rice']","[98, 1, 0]"
7.1,25.6,82.5,109.1,53.1,94.0,muskmelon,muskmelon,watermelon,54,"['watermelon', 'muskmelon', 'tomato']","[54, 23, 20]"
6.6,14.6,97.0,117.8,54.4,58.2,cauliflower,cauliflower,cauliflower,98,"['cauliflower', 'radish', 'peas']","[98, 2, 0]"
6.4,17.2,60.6,94.9,72.1,86.5,carrot,carrot,carrot,98,"['carrot', 'pumpkin', 'sugarbeet']","[98, 2, 0]"
5.5,20.2,16.7,34.1,22.5,20.3,thinai,thinai,ragi,44,"['ragi', 'thinai', 'panivaragu']","[44, 38, 15]"
6.6,11.1,98.4,86.5,55.4,48.6,radish,radish,cauliflower,56,"['cauliflower', 'radish', 'beetroot']","[56, 44, 0]"
6.9,27.3,93.6,103.0,67.9,85.2,capsicum,capsicum,capsicum,78,"['capsicum', 'brinjal', 'bitter gourd']","[78, 12, 4]"
6.6,25.8,18.2,31.1,21.2,22.6,thinai,thinai,thinai,45,"['thinai', 'varagu', 'ragi']","[45, 23, 17]"
6.3,18.6,79.0,82.5,44.2,58.4,chowchow,chowchow,chowchow,86,"['chowchow', 'bottle gourd', 'french bean']","[86, 8, 2]"
7.2,25.3,80.6,98.0,44.1,67.1,watermelon,watermelon,watermelon,70,"['watermelon', 'muskmelon', 'ribbed gourd']","[70, 18, 8]"
6.7,22.9,58.7,80.6,51.3,48.6,wheat,wheat,wheat,97,"['wheat', 'rice', 'small onion']","[97, 1, 1]"
6.4,21.2,56.5,92.6,52.4,56.6,wheat,wheat,wheat,98,"['wheat', 'rice', 'small onion']","[98, 1, 0]"
6.6,28.3,83.5,81.3,49.4,44.9,tinda,tinda,tinda,52,"['tinda', 'elephant foot yam', 'annual moringa']","[52, 27, 10]"
5.8,25.1,87.0,114.6,53.6,56.3,sweet potato,sweet potato,sweet potato,100,"['sweet potato', 'vegetable cowpea', 'french bean']","[100, 0, 0]"
7.5,31.3,90.7,64.6,51.8,55.6,sorghum,sorghum,sorghum,98,"['sorghum', 'jute', 'ribbed gourd']","[98, 1, 0]"
7.0,19.0,73.5,65.3,46.9,43.3,small onion,small onion,small onion,90,"['small onion', 'cluster bean', 'groundnut']","[90, 5, 2]"
5.2,28.5,66.7,85.0,40.4,41.0,rice,rice,rice,99,"['rice', 'tapoica', 'vegetable cowpea']","[99, 0, 0]"
6.6,22.6,68.3,76.5,44.7,41.7,small onion,small onion,small onion,81,"['small onion', 'groundnut', 'rice']","[81, 10, 6]"
7.9,31.9,81.7,111.1,50.9,46.1,annual moringa,annual moringa,annual moringa,95,"['annual moringa', 'cotton', 'peas']","[95, 4, 0]"
5.7,24.0,19.1,36.1,21.2,21.7,thinai,thinai,thinai,48,"['thinai', 'ragi', 'varagu']","[48, 20, 19]"
6.1,20.7,50.3,31.6,37.3,30.0,cowpea,cowpea,cowpea,98,"['cowpea', 'thinai', 'panivaragu']","[98, 1, 1]"
6.6,28.9,80.2,70.3,56.9,40.7,elephant foot yam,elephant foot yam,tinda,72,"['tinda', 'elephant foot yam', 'jute']","[72, 23, 3]"
6.7,27.0,89.9,95.1,52.9,45.0,peas,peas,sweet potato,49,"['sweet potato', 'peas', 'jute']","[49, 29, 4]"
7.4,24.3,17.3,23.4,27.7,26.5,blackgram,blackgram,blackgram,96,"['blackgram', 'ragi', 'thinai']","[96, 3, 1]"
6.4,17.6,95.9,127.7,60.4,106.6,cabbage,cabbage,cabbage,80,"['cabbage', 'capsicum', 'brinjal']","[80, 19, 0]"
7.3,30.3,78.2,106.2,50.1,77.9,muskmelon,muskmelon,muskmelon,97,"['muskmelon', 'ribbed gourd', 'watermelon']","[97, 1, 0]"
5.5,18.3,76.2,82.5,44.4,58.9,chowchow,chowchow,chowchow,59,"['chowchow', 'french bean', 'vegetable cowpea']","[59, 37, 2]"
7.4,30.8,78.0,75.9,56.6,65.4,ribbed gourd,ribbed gourd,ribbed gourd,95,"['ribbed gourd', 'muskmelon', 'bitter gourd']","[95, 4, 0]"
6.3,24.4,80.3,116.7,45.1,118.4,onion,onion,onion,55,"['onion', 'chillies', 'watermelon']","[55, 38, 5]"
5.8,23.1,79.9,87.1,49.6,41.0,vegetable cowpea,vegetable cowpea,vegetable cowpea,64,"['vegetable cowpea', 'french bean', 'chowchow']","[64, 25, 5]"
8.7,34.2,16.6,32.1,23.3,20.7,samai,samai,samai,100,"['samai', 'blackgram', 'panivaragu']","[100, 0, 0]"
6.7,41.9,17.9,29.3,21.1,33.9,blackgram,blackgram,blackgram,94,"['blackgram', 'panivaragu', 'thinai']","[94, 6, 0]"
8.0,23.4,71.2,150.6,94.8,128.9,sugarcane,sugarcane,sugarcane,100,"['sugarcane', 'sugarbeet', 'maize']","[100, 0, 0]"
6.9,20.6,78.8,50.0,35.6,39.4,redgram,redgram,redgram,93,"['redgram', 'sunflower', 'soyabean']","[93, 3, 3]"
6.2,25.3,15.4,30.6,27.2,29.6,thinai,thinai,varagu,73,"['varagu', 'thinai', 'ragi']","[73, 13, 5]"
6.9,20.0,19.5,52.7,20.3,25.6,kudiraivali,kudiraivali,kudiraivali,99,"['kudiraivali', 'thinai', 'ragi']","[99, 0, 0]"
5.4,22.2,97.2,40.9,27.5,26.6,castor,castor,castor,98,"['castor', 'pearl millet', 'sunflower']","[98, 2, 0]"
6.7,29.0,77.9,78.3,51.2,71.8,ribbed gourd,ribbed gourd,ribbed gourd,55,"['ribbed gourd', 'bitter gourd', 'muskmelon']","[55, 34, 7]"
6.1,28.8,57.0,66.8,58.8,51.2,tapoica,tapoica,tapoica,99,"['tapoica', 'ash gourd', 'cucumber']","[99, 1, 0]"
6.0,25.1,81.1,104.5,77.5,82.0,chillies,chillies,chillies,61,"['chillies', 'onion', 'maize']","[61, 18, 7]"
5.4,20.6,52.1,30.8,36.4,31.6,cowpea,cowpea,cowpea,99,"['cowpea', 'ragi', 'thinai']","[99, 0, 0]"
7.1,31.0,68.9,38.1,20.3,21.8,greengram,greengram,greengram,98,"['greengram', 'horsegram', 'gingely']","[98, 2, 0]"
6.6,20.1,98.9,75.3,49.7,56.7,beetroot,beetroot,beetroot,95,"['beetroot', 'sorghum', 'cauliflower']","[95, 4, 1]"
6.8,18.6,68.7,97.6,60.6,92.0,carrot,carrot,pumpkin,57,"['pumpkin', 'carrot', 'tomato']","[57, 40, 2]"
6.9,21.4,54.7,112.8,57.7,43.6,wheat,wheat,wheat,100,"['wheat', 'peas', 'rice']","[100, 0, 0]"
7.0,29.1,74.1,90.1,58.1,54.1,cotton,cotton,rice,20,"['rice', 'tinda', 'cotton']","[20, 18, 17]"
6.4,16.0,98.0,120.2,88.3,106.3,cabbage,cabbage,cabbage,100,"['cabbage', 'capsicum', 'bhendi']","[100, 0, 0]"
6.4,32.7,87.1,95.6,41.4,33.9,jute,jute,jute,99,"['jute', 'elephant foot yam', 'soyabean']","[99, 0, 0]"
6.9,29.2,81.4,99.1,64.9,67.6,ribbed gourd,ribbed gourd,bitter gourd,53,"['bitter gourd', 'ribbed gourd', 'muskmelon']","[53, 40, 5]"
6.0,19.6,83.4,72.3,72.2,92.9,bottle gourd,bottle gourd,bottle gourd,71,"['bottle gourd', 'snake gourd', 'bitter gourd']","[71, 29, 0]"
7.1,21.3,89.5,42.7,23.0,25.5,sunflower,sunflower,sunflower,82,"['sunflower', 'pearl millet', 'castor']","[82, 10, 8]"
6.7,8.1,99.8,97.0,59.6,50.2,cauliflower,cauliflower,cauliflower,93,"['cauliflower', 'radish', 'beetroot']","[93, 7, 0]"
6.7,33.8,82.6,69.6,43.7,59.9,elephant foot yam,elephant foot yam,elephant foot yam,77,"['elephant foot yam', 'ribbed gourd', 'jute']","[77, 14, 3]"
6.7,18.2,75.6,107.8,49.7,113.5,tomato,tomato,tomato,97,"['tomato', 'onion', 'chillies']","[97, 2, 0]"
6.0,26.3,16.0,35.2,29.1,28.7,varagu,varagu,varagu,80,"['varagu', 'thinai', 'ragi']","[80, 12, 4]"
7.5,25.2,78.1,101.5,49.0,49.1,cotton,cotton,cotton,46,"['cotton', 'annual moringa', 'peas']","[46, 34, 8]"
6.6,13.7,65.0,62.5,43.7,57.1,groundnut,groundnut,groundnut,99,"['groundnut', 'small onion', 'peas']","[99, 1, 0]"
7.4,34.0,61.4,82.5,43.8,46.0,cucumber,cucumber,cucumber,84,"['cucumber', 'rice', 'jute']","[84, 15, 0]"
7.4,30.0,76.1,148.0,76.8,83.6,tomato,tomato,tomato,86,"['tomato', 'muskmelon', 'maize']","[86, 4, 3]"
6.5,26.1,60.0,59.8,34.4,33.6,bengalgram,bengalgram,bengalgram,92,"['bengalgram', 'horsegram', 'cowpea']","[92, 5, 1]"
5.6,29.1,93.1,107.0,42.4,95.5,capsicum,capsicum,capsicum,100,"['capsicum', 'brinjal', 'bhendi']","[100, 0, 0]"
7.2,30.3,78.8,109.8,56.6,60.1,muskmelon,muskmelon,annual moringa,62,"['annual moringa', 'muskmelon', 'cotton']","[62, 29, 4]"
6.2,21.1,85.9,107.5,49.9,44.4,sweet potato,sweet potato,sweet potato,99,"['sweet potato', 'peas', 'chowchow']","[99, 0, 0]"
6.1,17.9,65.8,96.9,57.5,42.7,small onion,small onion,small onion,97,"['small onion', 'peas', 'rice']","[97, 1, 1]"
8.9,28.3,19.1,38.8,23.8,26.0,samai,samai,samai,100,"['samai', 'ragi', 'blackgram']","[100, 0, 0]"
5.7,25.5,18.4,30.0,27.2,25.7,varagu,varagu,varagu,74,"['varagu', 'thinai', 'ragi']","[74, 12, 9]"
6.0,30.0,53.3,98.2,63.6,89.3,ash gourd,ash gourd,ash gourd,100,"['ash gourd', 'pumpkin', 'tapoica']","[100, 0, 0]"
6.2,18.8,66.8,82.6,49.3,48.3,small onion,small onion,small onion,95,"['small onion', 'rice', 'groundnut']","[95, 2, 1]"
6.9,31.1,18.0,31.3,22.6,23.1,panivaragu,panivaragu,panivaragu,52,"['panivaragu', 'blackgram', 'thinai']","[52, 45, 3]"
5.6,19.0,93.3,57.1,30.5,35.2,pearl millet,pearl millet,pearl millet,89,"['pearl millet', 'castor', 'soyabean']","[89, 7, 3]"
7.4,11.6,16.5,38.7,24.7,26.7,ragi,ragi,ragi,97,"['ragi', 'panivaragu', 'blackgram']","[97, 3, 0]"
6.9,44.4,16.5,32.5,26.1,24.7,panivaragu,panivaragu,panivaragu,83,"['panivaragu', 'blackgram', 'thinai']","[83, 16, 0]"
6.3,27.0,79.7,60.4,33.8,20.2,soyabean,soyabean,soyabean,80,"['soyabean', 'redgram', 'horsegram']","[80, 10, 4]"
6.2,24.0,75.4,144.1,53.3,86.5,chillies,chillies,onion,55,"['onion', 'chillies', 'tomato']","[55, 39, 2]"
7.4,25.8,66.4,86.1,59.7,52.8,cucumber,cucumber,cucumber,62,"['cucumber', 'rice', 'cotton']","[62, 28, 6]"
6.9,25.7,67.8,80.3,52.5,59.8,cucumber,cucumber,cucumber,75,"['cucumber', 'rice', 'groundnut']","[75, 10, 4]"
6.4,15.8,64.9,98.0,62.2,79.5,carrot,carrot,carrot,98,"['carrot', 'pumpkin', 'sugarbeet']","[98, 1, 1]"
6.2,25.1,88.1,88.3,54.9,95.5,snake gourd,snake gourd,snake gourd,92,"['snake gourd', 'bitter gourd', 'watermelon']","[92, 3, 2]"
8.0,17.2,78.2,101.5,70.6,60.9,sugarbeet,sugarbeet,sugarbeet,99,"['sugarbeet', 'peas', 'tomato']","[99, 0, 0]"
6.8,26.4,76.3,155.8,91.6,134.5,sugarcane,sugarcane,sugarcane,99,"['sugarcane', 'maize', 'chillies']","[99, 0, 0]"
5.9,14.2,80.7,77.7,48.3,56.4,french bean,french bean,french bean,99,"['french bean', 'chowchow', 'vegetable cowpea']","[99, 1, 0]"
6.3,20.3,87.7,52.3,27.3,23.1,pearl millet,pearl millet,soyabean,44,"['soyabean', 'pearl millet', 'sunflower']","[44, 41, 11]"
6.2,26.2,19.9,36.1,25.2,27.2,varagu,varagu,varagu,77,"['varagu', 'thinai', 'panivaragu']","[77, 12, 5]"
5.7,23.3,88.6,119.9,57.0,50.7,sweet potato,sweet potato,sweet potato,100,"['sweet potato', 'vegetable cowpea', 'french bean']","[100, 0, 0]"
6.0,25.9,87.6,67.0,42.4,71.6,snake gourd,snake gourd,snake gourd,98,"['snake gourd', 'bitter gourd', 'bottle gourd']","[98, 1, 1]"
7.8,29.4,77.7,109.4,40.3,50.7,annual moringa,annual moringa,annual moringa,67,"['annual moringa', 'cotton', 'peas']","[67, 31, 1]"
7.0,22.2,65.5,177.8,72.4,66.7,maize,maize,maize,88,"['maize', 'sugarbeet', 'sugarcane']","[88, 11, 0]"
7.0,28.8,90.9,115.3,77.7,90.9,capsicum,capsicum,capsicum,68,"['capsicum', 'brinjal', 'bitter gourd']","[68, 29, 2]"
6.9,17.0,71.3,90.3,55.5,50.1,small onion,small onion,small onion,81,"['small onion', 'peas', 'groundnut']","[81, 18, 0]"
6.1,25.9,17.4,30.8,27.5,25.3,varagu,varagu,varagu,78,"['varagu', 'thinai', 'ragi']","[78, 12, 5]"
7.7,25.3,88.3,56.6,38.0,27.5,castor,castor,castor,72,"['castor', 'sunflower', 'pearl millet']","[72, 23, 4]"
6.3,20.9,75.2,74.1,43.6,96.1,bottle gourd,bottle gourd,bottle gourd,82,"['bottle gourd', 'pumpkin', 'ash gourd']","[82, 16, 1]"
5.8,20.7,78.9,78.1,46.2,59.2,french bean,french bean,chowchow,52,"['chowchow', 'vegetable cowpea', 'french bean']","[52, 26, 19]"
5.7,20.8,79.6,78.2,56.2,49.9,chowchow,chowchow,chowchow,47,"['chowchow', 'vegetable cowpea', 'french bean']","[47, 32, 20]"
7.4,23.9,95.1,48.2,39.6,31.1,sunflower,sunflower,sunflower,67,"['sunflower', 'castor', 'pearl millet']","[67, 29, 4]"
6.6,29.4,77.7,63.4,65.0,84.8,ribbed gourd,ribbed gourd,ribbed gourd,61,"['ribbed gourd', 'bitter gourd', 'ash gourd']","[61, 36, 2]"
6.2,22.5,82.5,74.7,62.7,93.5,bottle gourd,bottle gourd,bottle gourd,76,"['bottle gourd', 'snake gourd', 'bitter gourd']","[76, 23, 1]"
6.7,23.0,57.7,104.7,42.7,47.9,wheat,wheat,wheat,100,"['wheat', 'rice', 'peas']","[100, 0, 0]"
6.8,24.8,65.0,78.0,51.6,52.9,groundnut,groundnut,groundnut,72,"['groundnut', 'cucumber', 'small onion']","[72, 20, 7]"
6.9,25.2,79.8,68.6,63.1,62.6,bitter gourd,bitter gourd,bitter gourd,47,"['bitter gourd', 'ribbed gourd', 'bottle gourd']","[47, 43, 8]"
6.7,23.0,68.2,70.2,76.6,75.0,pumpkin,pumpkin,pumpkin,95,"['pumpkin', 'ash gourd', 'bottle gourd']","[95, 4, 0]"
6.5,18.1,98.5,99.0,57.7,41.7,beetroot,beetroot,beetroot,68,"['beetroot', 'cauliflower', 'radish']","[68, 25, 7]"
5.7,25.8,78.1,73.7,55.7,53.8,vegetable cowpea,vegetable cowpea,vegetable cowpea,70,"['vegetable cowpea', 'french bean', 'elephant foot yam']","[70, 25, 4]"
6.2,21.3,90.0,107.6,72.2,112.6,brinjal,brinjal,brinjal,63,"['brinjal', 'capsicum', 'cabbage']","[63, 19, 13]"
7.2,22.0,84.8,106.4,55.8,58.0,cotton,cotton,cotton,60,"['cotton', 'peas', 'cluster bean']","[60, 36, 3]"
6.5,31.8,65.0,58.7,57.1,47.6,groundnut,groundnut,groundnut,90,"['groundnut', 'cucumber', 'tapoica']","[90, 9, 0]"
7.4,33.5,62.3,25.9,32.3,38.3,greengram,greengram,greengram,100,"['greengram', 'horsegram', 'blackgram']","[100, 0, 0]"
7.3,25.8,68.5,98.0,45.6,57.3,cucumber,cucumber,cucumber,53,"['cucumber', 'rice', 'cotton']","[53, 26, 13]"
6.4,28.3,83.8,109.8,51.7,100.2,chillies,chillies,chillies,82,"['chillies', 'brinjal', 'tomato']","[82, 6, 5]"
7.0,23.7,57.6,117.4,40.9,53.9,wheat,wheat,wheat,100,"['wheat', 'peas', 'cotton']","[100, 0, 0]"
6.3,17.0,99.7,111.6,93.4,86.9,cabbage,cabbage,cabbage,100,"['cabbage', 'capsicum', 'bhendi']","[100, 0, 0]"
6.5,7.4,98.4,95.2,56.6,46.1,cauliflower,cauliflower,cauliflower,85,"['cauliflower', 'radish', 'beetroot']","[85, 14, 0]"
6.1,23.7,84.3,129.6,52.3,119.2,chillies,chillies,onion,76,"['onion', 'chillies', 'tomato']","[76, 23, 0]"
6.6,28.2,58.8,63.8,47.9,46.6,tapoica,tapoica,tapoica,92,"['tapoica', 'cucumber', 'groundnut']","[92, 6, 1]"
6.7,13.4,76.8,113.4,58.1,53.4,peas,peas,peas,100,"['peas', 'sugarbeet', 'small onion']","[100, 0, 0]"
6.9,18.8,84.1,143.1,47.0,90.9,tomato,tomato,tomato,78,"['tomato', 'brinjal', 'capsicum']","[78, 20, 1]"
6.0,28.5,84.1,110.1,47.8,119.0,chillies,chillies,chillies,96,"['chillies', 'tomato', 'watermelon']","[96, 1, 1]"
7.9,13.3,19.2,30.8,22.0,26.2,ragi,ragi,ragi,100,"['ragi', 'panivaragu', 'blackgram']","[100, 0, 0]"
6.4,23.6,90.3,109.3,94.5,104.3,cabbage,cabbage,cabbage,67,"['cabbage', 'bhendi', 'capsicum']","[67, 26, 3]"
6.6,29.5,60.0,53.9,25.2,22.6,bengalgram,bengalgram,bengalgram,87,"['bengalgram', 'horsegram', 'cowpea']","[87, 11, 1]"
6.4,18.5,17.2,38.0,20.4,27.2,panivaragu,panivaragu,ragi,48,"['ragi', 'panivaragu', 'thinai']","[48, 39, 9]"
6.6,41.1,65.0,72.1,54.2,40.8,groundnut,groundnut,groundnut,98,"['groundnut', 'cucumber', 'jute']","[98, 2, 0]"
6.9,14.9,65.0,76.3,40.1,53.0,groundnut,groundnut,groundnut,96,"['groundnut', 'small onion', 'peas']","[96, 3, 0]"
6.0,26.7,99.3,101.1,94.9,101.4,bhendi,bhendi,bhendi,91,"['bhendi', 'cabbage', 'capsicum']","[91, 9, 0]"
7.2,32.4,17.1,24.6,36.9,25.4,blackgram,blackgram,blackgram,100,"['blackgram', 'panivaragu', 'samai']","[100, 0, 0]"
6.1,26.5,88.8,88.1,51.1,86.9,snake gourd,snake gourd,snake gourd,92,"['snake gourd', 'bitter gourd', 'watermelon']","[92, 4, 1]"
6.4,26.8,99.2,100.4,71.5,119.5,bhendi,bhendi,bhendi,86,"['bhendi', 'cabbage', 'capsicum']","[86, 13, 1]"
6.3,24.4,62.8,79.2,43.8,69.0,pumpkin,pumpkin,pumpkin,52,"['pumpkin', 'ash gourd', 'small onion']","[52, 48, 0]"
7.5,28.7,69.2,91.0,47.0,44.2,cucumber,cucumber,cucumber,58,"['cucumber', 'rice', 'cotton']","[58, 26, 10]"
7.0,22.7,66.0,187.4,67.5,141.1,sugarcane,sugarcane,sugarcane,99,"['sugarcane', 'maize', 'sugarbeet']","[99, 0, 0]"
6.0,21.4,88.2,112.6,57.8,46.7,sweet potato,sweet potato,sweet potato,100,"['sweet potato', 'chowchow', 'vegetable cowpea']","[100, 0, 0]"
6.8,17.3,99.8,98.4,45.4,47.7,cauliflower,cauliflower,cauliflower,62,"['cauliflower', 'radish', 'beetroot']","[62, 29, 8]"
6.3,21.8,92.5,137.3,92.9,82.0,cabbage,cabbage,cabbage,70,"['cabbage', 'bhendi', 'capsicum']","[70, 24, 5]"
6.7,28.7,96.2,91.0,59.8,55.5,cauliflower,cauliflower,cauliflower,96,"['cauliflower', 'sorghum', 'peas']","[96, 2, 0]"
6.4,25.8,89.8,75.5,30.5,43.8,jute,jute,jute,62,"['jute', 'soyabean', 'castor']","[62, 26, 8]"
6.6,26.4,85.6,87.4,73.1,71.5,bitter gourd,bitter gourd,bitter gourd,73,"['bitter gourd', 'snake gourd', 'bottle gourd']","[73, 21, 3]"
5.6,26.4,59.7,75.9,50.7,57.8,tapoica,tapoica,tapoica,98,"['tapoica', 'ash gourd', 'rice']","[98, 1, 1]"
6.4,28.5,83.0,146.4,68.4,108.2,chillies,chillies,chillies,96,"['chillies', 'tomato', 'brinjal']","[96, 3, 0]"
6.9,25.0,94.7,74.5,57.2,46.3,sorghum,sorghum,sorghum,98,"['sorghum', 'cauliflower', 'bitter gourd']","[98, 1, 0]"
6.6,26.9,78.6,131.1,57.1,96.4,tomato,tomato,chillies,68,"['chillies', 'tomato', 'watermelon']","[68, 25, 3]"
6.2,18.3,91.8,130.4,53.2,102.6,capsicum,capsicum,capsicum,90,"['capsicum', 'cabbage', 'brinjal']","[90, 7, 3]"
6.0,32.9,17.0,40.0,23.6,25.2,panivaragu,panivaragu,panivaragu,95,"['panivaragu', 'thinai', 'blackgram']","[95, 3, 1]"
6.2,25.1,84.2,100.1,54.9,116.1,chillies,chillies,chillies,64,"['chillies', 'watermelon', 'onion']","[64, 20, 10]"
5.5,25.4,76.8,76.5,44.3,56.2,french bean,french bean,french bean,55,"['french bean', 'vegetable cowpea', 'elephant foot yam']","[55, 40, 4]"
6.6,34.4,84.1,82.0,51.1,49.6,annual moringa,annual moringa,elephant foot yam,73,"['elephant foot yam', 'annual moringa', 'jute']","[73, 19, 4]"
6.8,20.9,67.7,80.0,49.4,62.6,pumpkin,pumpkin,pumpkin,88,"['pumpkin', 'small onion', 'groundnut']","[88, 7, 3]"
6.1,34.2,56.6,40.6,20.7,23.9,horsegram,horsegram,horsegram,95,"['horsegram', 'cowpea', 'panivaragu']","[95, 3, 1]"
7.6,25.3,76.5,104.6,42.1,47.1,annual moringa,annual moringa,cotton,49,"['cotton', 'annual moringa', 'peas']","[49, 45, 3]"
5.9,28.1,54.9,43.6,36.3,20.6,cowpea,cowpea,cowpea,88,"['cowpea', 'bengalgram', 'horsegram']","[88, 6, 5]"
6.9,26.8,89.9,67.9,46.1,92.7,bitter gourd,bitter gourd,bitter gourd,90,"['bitter gourd', 'snake gourd', 'ribbed gourd']","[90, 9, 1]"
6.9,21.4,59.4,92.4,47.7,54.5,wheat,wheat,wheat,97,"['wheat', 'rice', 'small onion']","[97, 2, 1]"
6.6,28.1,84.4,21.9,32.7,26.0,gingely,gingely,gingely,100,"['gingely', 'redgram', 'pearl millet']","[100, 0, 0]"
6.9,20.0,84.9,132.4,45.1,85.4,tomato,tomato,tomato,68,"['tomato', 'brinjal', 'capsicum']","[68, 27, 2]"
6.0,22.5,85.8,94.4,49.9,85.2,snake gourd,snake gourd,snake gourd,96,"['snake gourd', 'bottle gourd', 'brinjal']","[96, 2, 1]"
6.5,26.6,60.7,97.9,55.8,44.1,cucumber,cucumber,cucumber,37,"['cucumber', 'tapoica', 'rice']","[37, 32, 27]"
7.3,29.1,78.5,102.0,52.6,40.9,annual moringa,annual moringa,annual moringa,56,"['annual moringa', 'cotton', 'peas']","[56, 23, 11]"
7.6,27.0,17.9,22.7,24.4,30.0,blackgram,blackgram,blackgram,98,"['blackgram', 'ragi', 'samai']","[98, 1, 0]"
6.7,31.3,79.8,114.0,58.0,95.5,muskmelon,muskmelon,muskmelon,80,"['muskmelon', 'chillies', 'tomato']","[80, 11, 7]"
6.1,20.0,18.6,55.9,28.4,26.4,kudiraivali,kudiraivali,kudiraivali,99,"['kudiraivali', 'cowpea', 'thinai']","[99, 0, 0]"
6.1,32.0,75.4,48.6,28.3,27.9,horsegram,horsegram,horsegram,92,"['horsegram', 'soyabean', 'pearl millet']","[92, 6, 1]"
7.8,23.0,67.8,95.5,46.0,55.6,rice,rice,rice,63,"['rice', 'cotton', 'cluster bean']","[63, 31, 3]"
7.9,23.6,95.3,80.0,20.2,25.6,sunflower,sunflower,sunflower,52,"['sunflower', 'castor', 'soyabean']","[52, 48, 0]"
7.0,28.8,89.3,80.6,57.6,58.5,peas,peas,peas,34,"['peas', 'bitter gourd', 'cotton']","[34, 21, 20]"
6.2,25.3,58.4,65.2,42.0,54.7,tapoica,tapoica,tapoica,98,"['tapoica', 'cucumber', 'ash gourd']","[98, 1, 1]"
6.7,21.8,57.0,99.6,59.3,59.1,wheat,wheat,wheat,97,"['wheat', 'sugarbeet', 'rice']","[97, 1, 1]"
6.2,16.0,69.8,117.5,87.6,91.1,carrot,carrot,carrot,99,"['carrot', 'sugarbeet', 'maize']","[99, 1, 0]"
6.9,34.5,77.9,101.3,53.1,99.7,muskmelon,muskmelon,muskmelon,91,"['muskmelon', 'ribbed gourd', 'ash gourd']","[91, 5, 2]"
5.6,20.0,19.0,53.4,23.3,30.1,kudiraivali,kudiraivali,kudiraivali,99,"['kudiraivali', 'cowpea', 'ragi']","[99, 1, 0]"
7.2,29.3,90.0,125.8,63.6,92.3,brinjal,brinjal,brinjal,93,"['brinjal', 'capsicum', 'tomato']","[93, 5, 1]"
5.6,25.4,17.3,30.9,23.6,22.9,varagu,varagu,varagu,79,"['varagu', 'thinai', 'ragi']","[79, 11, 7]"
7.4,13.0,71.7,85.7,51.8,43.2,peas,peas,peas,98,"['peas', 'small onion', 'cotton']","[98, 2, 0]"
6.9,10.3,86.5,104.0,56.9,49.8,peas,peas,peas,100,"['peas', 'cauliflower', 'cotton']","[100, 0, 0]"
6.2,21.8,50.4,32.9,28.4,33.6,cowpea,cowpea,cowpea,96,"['cowpea', 'thinai', 'panivaragu']","[96, 2, 1]"
6.6,31.6,67.6,69.0,44.5,40.2,cucumber,cucumber,cucumber,65,"['cucumber', 'groundnut', 'jute']","[65, 16, 16]"
6.1,18.8,98.3,70.0,59.4,48.5,beetroot,beetroot,beetroot,93,"['beetroot', 'sorghum', 'radish']","[93, 6, 2]"
6.3,21.0,99.7,97.6,56.3,48.3,beetroot,beetroot,beetroot,94,"['beetroot', 'cauliflower', 'radish']","[94, 4, 1]"
6.5,16.8,73.0,67.3,57.3,46.5,small onion,small onion,small onion,97,"['small onion', 'groundnut', 'chowchow']","[97, 2, 0]"
6.5,20.0,20.0,58.2,31.9,27.4,kudiraivali,kudiraivali,kudiraivali,81,"['kudiraivali', 'cowpea', 'bengalgram']","[81, 15, 2]"
6.4,11.1,91.7,110.0,69.0,115.4,cabbage,cabbage,cabbage,97,"['cabbage', 'capsicum', 'brinjal']","[97, 3, 0]"
7.5,26.3,87.8,60.0,21.4,31.8,pearl millet,pearl millet,castor,62,"['castor', 'sunflower', 'pearl millet']","[62, 19, 11]"
6.4,23.3,77.8,92.1,58.7,82.8,bottle gourd,bottle gourd,bottle gourd,76,"['bottle gourd', 'watermelon', 'onion']","[76, 16, 2]"
6.8,21.2,91.2,59.2,28.0,23.5,sunflower,sunflower,sunflower,80,"['sunflower', 'soyabean', 'pearl millet']","[80, 8, 7]"
7.9,21.6,69.1,136.2,69.7,78.3,sugarbeet,sugarbeet,sugarbeet,99,"['sugarbeet', 'maize', 'sugarcane']","[99, 1, 0]"
6.2,25.8,53.5,68.1,41.2,48.8,tapoica,tapoica,tapoica,99,"['tapoica', 'ash gourd', 'cowpea']","[99, 0, 0]"
7.2,27.8,81.3,86.8,46.5,58.4,annual moringa,annual moringa,tinda,54,"['tinda', 'annual moringa', 'cotton']","[54, 20, 15]"
6.2,25.9,82.9,62.5,46.0,50.9,elephant foot yam,elephant foot yam,elephant foot yam,80,"['elephant foot yam', 'vegetable cowpea', 'jute']","[80, 9, 3]"
6.3,32.6,50.4,58.8,34.8,33.3,horsegram,horsegram,horsegram,70,"['horsegram', 'cowpea', 'bengalgram']","[70, 28, 1]"
7.7,26.9,71.6,116.5,55.8,48.3,cotton,cotton,cotton,87,"['cotton', 'annual moringa', 'peas']","[87, 6, 4]"
6.7,28.5,65.4,77.9,48.4,48.7,cucumber,cucumber,cucumber,77,"['cucumber', 'groundnut', 'tapoica']","[77, 18, 1]"
6.3,16.4,75.6,77.0,37.0,37.3,soyabean,soyabean,soyabean,97,"['soyabean', 'peas', 'french bean']","[97, 2, 0]"
7.0,29.8,69.4,21.4,31.9,21.0,greengram,greengram,greengram,99,"['greengram', 'gingely', 'horsegram']","[99, 0, 0]"
8.7,34.0,18.8,38.6,28.9,21.7,samai,samai,samai,100,"['samai', 'blackgram', 'panivaragu']","[100, 0, 0]"
6.1,27.4,88.5,59.3,35.4,25.8,pearl millet,pearl millet,soyabean,54,"['soyabean', 'pearl millet', 'castor']","[54, 40, 3]"
6.3,21.0,78.4,85.3,64.1,85.7,bottle gourd,bottle gourd,bottle gourd,96,"['bottle gourd', 'snake gourd', 'onion']","[96, 2, 1]"
6.2,24.0,54.1,39.3,20.1,36.5,cowpea,cowpea,cowpea,97,"['cowpea', 'bengalgram', 'thinai']","[97, 1, 1]"
8.2,25.9,82.5,63.5,30.4,31.2,castor,castor,castor,91,"['castor', 'sunflower', 'jute']","[91, 6, 2]"
6.3,31.6,88.6,73.5,47.2,40.2,jute,jute,jute,81,"['jute', 'sorghum', 'elephant foot yam']","[81, 9, 8]"
8.0,32.0,70.5,93.7,48.9,47.3,rice,rice,rice,73,"['rice', 'cucumber', 'annual moringa']","[73, 19, 3]"
6.8,10.8,97.8,61.0,43.5,52.3,radish,radish,radish,93,"['radish', 'sorghum', 'cauliflower']","[93, 4, 3]"
6.6,18.1,75.6,121.9,64.8,81.2,tomato,tomato,sugarbeet,43,"['sugarbeet', 'tomato', 'maize']","[43, 43, 13]"
7.2,28.9,76.8,96.2,54.5,48.8,annual moringa,annual moringa,tinda,45,"['tinda', 'annual moringa', 'cotton']","[45, 27, 16]"
6.3,18.9,98.1,74.7,45.6,58.6,beetroot,beetroot,beetroot,92,"['beetroot', 'sorghum', 'radish']","[92, 7, 2]"
6.6,27.5,77.9,63.3,58.8,48.7,tinda,tinda,tinda,91,"['tinda', 'elephant foot yam', 'jute']","[91, 5, 2]"
7.0,26.1,77.1,91.5,56.0,95.7,watermelon,watermelon,watermelon,47,"['watermelon', 'muskmelon', 'ribbed gourd']","[47, 27, 17]"
6.3,24.4,83.4,92.2,42.2,85.5,watermelon,watermelon,watermelon,59,"['watermelon', 'bottle gourd', 'snake gourd']","[59, 29, 6]"
5.3,34.7,63.4,95.1,48.3,57.0,rice,rice,rice,100,"['rice', 'tapoica', 'cucumber']","[100, 0, 0]"
5.9,25.4,84.3,72.1,41.9,43.5,french bean,french bean,vegetable cowpea,51,"['vegetable cowpea', 'french bean', 'elephant foot yam']","[51, 22, 22]"
7.0,30.2,79.6,76.3,31.2,49.7,jute,jute,jute,95,"['jute', 'tinda', 'soyabean']","[95, 2, 2]"
6.6,16.5,64.8,95.8,90.4,77.1,carrot,carrot,carrot,100,"['carrot', 'pumpkin', 'sugarbeet']","[100, 0, 0]"
6.6,22.9,82.0,72.0,48.6,98.1,bottle gourd,bottle gourd,bottle gourd,90,"['bottle gourd', 'snake gourd', 'bitter gourd']","[90, 5, 3]"
6.0,19.4,78.2,99.7,54.7,55.4,chowchow,chowchow,chowchow,84,"['chowchow', 'french bean', 'vegetable cowpea']","[84, 10, 3]"
8.0,31.9,77.0,97.6,43.5,50.9,rice,rice,annual moringa,73,"['annual moringa', 'rice', 'cotton']","[73, 18, 4]"
5.8,15.0,90.0,123.5,52.2,107.4,capsicum,capsicum,capsicum,88,"['capsicum', 'cabbage', 'brinjal']","[88, 9, 3]"
6.7,26.7,97.6,104.0,83.4,81.3,bhendi,bhendi,bhendi,96,"['bhendi', 'cabbage', 'capsicum']","[96, 3, 0]"
7.3,24.5,81.8,94.0,47.7,52.3,cluster bean,cluster bean,cluster bean,57,"['cluster bean', 'cotton', 'peas']","[57, 28, 9]"
6.0,23.3,90.0,146.0,63.5,101.1,brinjal,brinjal,brinjal,58,"['brinjal', 'capsicum', 'bhendi']","[58, 18, 14]"
6.4,32.0,72.0,60.3,32.5,31.6,jute,jute,horsegram,39,"['horsegram', 'soyabean', 'jute']","[39, 38, 22]"
6.7,20.6,98.1,65.5,54.3,56.9,beetroot,beetroot,beetroot,88,"['beetroot', 'sorghum', 'cauliflower']","[88, 12, 1]"
6.9,26.0,65.3,60.5,53.9,42.0,cucumber,cucumber,cucumber,48,"['cucumber', 'groundnut', 'tapoica']","[48, 48, 1]"
6.0,26.5,18.5,38.9,26.0,26.5,varagu,varagu,varagu,77,"['varagu', 'thinai', 'ragi']","[77, 13, 5]"
5.9,25.6,84.0,72.7,46.8,46.2,vegetable cowpea,vegetable cowpea,vegetable cowpea,52,"['vegetable cowpea', 'elephant foot yam', 'french bean']","[52, 25, 21]"
6.8,24.0,92.1,68.7,29.1,29.6,sunflower,sunflower,sunflower,58,"['sunflower', 'castor', 'soyabean']","[58, 31, 10]"
6.5,25.9,88.2,110.1,53.2,58.4,sweet potato,sweet potato,sweet potato,95,"['sweet potato', 'peas', 'annual moringa']","[95, 4, 0]"
8.6,35.3,18.8,30.5,29.2,27.0,samai,samai,samai,100,"['samai', 'blackgram', 'panivaragu']","[100, 0, 0]"
6.9,34.7,62.8,82.3,56.6,54.4,cucumber,cucumber,cucumber,81,"['cucumber', 'rice', 'groundnut']","[81, 17, 1]"
6.9,14.8,80.0,85.8,56.4,56.1,peas,peas,peas,99,"['peas', 'small onion', 'french bean']","[99, 0, 0]"
6.8,26.3,63.2,96.1,46.4,55.3,cucumber,cucumber,cucumber,78,"['cucumber', 'rice', 'tapoica']","[78, 14, 6]"
5.7,43.4,15.9,36.8,24.0,25.8,panivaragu,panivaragu,panivaragu,99,"['panivaragu', 'thinai', 'blackgram']","[99, 0, 0]"
5.9,21.4,15.4,35.9,20.2,21.9,thinai,thinai,thinai,61,"['thinai', 'ragi', 'panivaragu']","[61, 20, 17]"
6.4,22.9,53.8,104.8,46.0,59.5,wheat,wheat,wheat,100,"['wheat', 'rice', 'tapoica']","[100, 0, 0]"
6.8,27.6,77.9,96.0,76.0,84.4,ribbed gourd,ribbed gourd,ribbed gourd,52,"['ribbed gourd', 'bitter gourd', 'muskmelon']","[52, 41, 3]"
6.1,20.0,18.6,45.6,37.9,39.2,kudiraivali,kudiraivali,kudiraivali,100,"['kudiraivali', 'cowpea', 'bengalgram']","[100, 0, 0]"
6.5,21.0,89.9,80.5,64.5,91.9,snake gourd,snake gourd,snake gourd,99,"['snake gourd', 'bottle gourd', 'bitter gourd']","[99, 0, 0]"
7.2,28.5,80.1,93.0,42.2,48.1,jute,jute,tinda,55,"['tinda', 'annual moringa', 'cotton']","[55, 19, 13]"
5.9,25.2,80.3,84.1,42.1,56.0,vegetable cowpea,vegetable cowpea,vegetable cowpea,59,"['vegetable cowpea', 'french bean', 'elephant foot yam']","[59, 24, 13]"
6.4,7.9,92.6,123.1,81.0,91.9,cabbage,cabbage,cabbage,100,"['cabbage', 'capsicum', 'brinjal']","[100, 0, 0]"
7.1,15.5,83.4,119.8,50.9,58.5,peas,peas,peas,100,"['peas', 'cotton', 'sugarbeet']","[100, 0, 0]"
6.2,28.1,90.0,138.1,60.2,99.5,brinjal,brinjal,brinjal,70,"['brinjal', 'capsicum', 'chillies']","[70, 29, 1]"
6.3,29.5,58.0,93.7,59.6,92.9,ash gourd,ash gourd,ash gourd,100,"['ash gourd', 'pumpkin', 'tapoica']","[100, 0, 0]"
7.0,37.4,65.0,52.5,48.6,53.4,groundnut,groundnut,groundnut,99,"['groundnut', 'cucumber', 'horsegram']","[99, 1, 0]"
8.8,29.5,15.5,32.8,22.6,25.6,samai,samai,samai,100,"['samai', 'ragi', 'blackgram']","[100, 0, 0]"
6.6,24.3,76.2,42.1,33.3,35.5,redgram,redgram,redgram,96,"['redgram', 'soyabean', 'horsegram']","[96, 2, 1]"
6.9,28.4,90.0,118.8,71.8,109.3,brinjal,brinjal,brinjal,85,"['brinjal', 'capsicum', 'tomato']","[85, 13, 1]"
6.1,23.6,70.8,73.0,59.5,57.4,small onion,small onion,small onion,89,"['small onion', 'ash gourd', 'bottle gourd']","[89, 5, 3]"
6.8,33.3,65.3,73.2,58.2,52.5,cucumber,cucumber,cucumber,72,"['cucumber', 'groundnut', 'rice']","[72, 27, 1]"
6.8,32.6,15.9,33.1,23.1,23.0,panivaragu,panivaragu,panivaragu,83,"['panivaragu', 'blackgram', 'thinai']","[83, 13, 3]"
6.8,27.1,98.6,119.9,59.3,41.1,cauliflower,cauliflower,cauliflower,99,"['cauliflower', 'sweet potato', 'peas']","[99, 1, 0]"
6.7,23.1,87.5,69.1,64.1,89.2,snake gourd,snake gourd,snake gourd,93,"['snake gourd', 'bottle gourd', 'bitter gourd']","[93, 4, 3]"
7.4,17.4,69.9,143.4,63.7,71.8,sugarbeet,sugarbeet,sugarbeet,99,"['sugarbeet', 'carrot', 'maize']","[99, 1, 1]"
6.6,32.9,69.0,44.2,35.1,37.5,horsegram,horsegram,horsegram,95,"['horsegram', 'greengram', 'soyabean']","[95, 4, 1]"
6.7,11.6,95.9,68.3,57.1,42.2,radish,radish,radish,92,"['radish', 'sorghum', 'cauliflower']","[92, 4, 3]"
6.4,26.7,98.3,140.4,61.9,104.5,bhendi,bhendi,bhendi,87,"['bhendi', 'cabbage', 'capsicum']","[87, 10, 2]"
6.0,20.5,73.6,86.9,55.3,58.1,small onion,small onion,small onion,46,"['small onion', 'chowchow', 'rice']","[46, 22, 15]"
6.1,23.8,52.1,40.5,38.0,23.2,cowpea,cowpea,cowpea,94,"['cowpea', 'bengalgram', 'thinai']","[94, 4, 1]"
6.3,24.8,93.8,64.3,55.2,52.7,sorghum,sorghum,sorghum,99,"['sorghum', 'sweet potato', 'snake gourd']","[99, 0, 0]"
5.6,21.9,91.2,57.7,20.6,37.7,pearl millet,pearl millet,castor,67,"['castor', 'pearl millet', 'soyabean']","[67, 29, 3]"
6.6,14.3,82.2,99.0,51.2,49.9,peas,peas,peas,99,"['peas', 'french bean', 'chowchow']","[99, 0, 0]"
6.1,23.2,86.9,119.6,57.5,54.6,sweet potato,sweet potato,sweet potato,100,"['sweet potato', 'peas', 'snake gourd']","[100, 0, 0]"
6.6,27.9,90.4,62.2,61.7,95.4,bitter gourd,bitter gourd,bitter gourd,92,"['bitter gourd', 'snake gourd', 'ribbed gourd']","[92, 7, 0]"
6.9,25.9,92.6,63.7,20.6,25.9,castor,castor,castor,52,"['castor', 'soyabean', 'sunflower']","[52, 29, 15]"
6.3,22.5,96.1,63.5,59.9,59.0,sorghum,sorghum,sorghum,86,"['sorghum', 'beetroot', 'radish']","[86, 12, 0]"
6.8,32.2,81.0,98.7,53.0,65.6,muskmelon,muskmelon,muskmelon,72,"['muskmelon', 'ribbed gourd', 'bitter gourd']","[72, 24, 2]"
6.1,20.4,67.5,131.7,70.5,78.1,sugarbeet,sugarbeet,sugarbeet,55,"['sugarbeet', 'maize', 'carrot']","[55, 42, 2]"
6.6,24.8,85.7,93.8,40.7,45.4,sweet potato,sweet potato,sweet potato,72,"['sweet potato', 'peas', 'jute']","[72, 13, 8]"
7.1,43.9,83.6,57.5,26.2,25.8,pearl millet,pearl millet,pearl millet,97,"['pearl millet', 'horsegram', 'soyabean']","[97, 3, 0]"
5.9,13.8,83.5,89.9,57.9,49.7,french bean,french bean,french bean,99,"['french bean', 'chowchow', 'peas']","[99, 1, 0]"
6.8,24.3,17.4,32.2,36.6,36.8,blackgram,blackgram,blackgram,98,"['blackgram', 'thinai', 'ragi']","[98, 1, 0]"
6.6,29.0,92.1,132.8,54.2,113.4,capsicum,capsicum,capsicum,87,"['capsicum', 'brinjal', 'chillies']","[87, 12, 0]"
6.4,26.9,60.0,57.2,37.3,33.7,bengalgram,bengalgram,bengalgram,92,"['bengalgram', 'horsegram', 'cowpea']","[92, 5, 3]"
6.6,24.6,77.8,81.6,52.4,62.3,bottle gourd,bottle gourd,watermelon,64,"['watermelon', 'bottle gourd', 'ribbed gourd']","[64, 16, 7]"
6.1,23.5,90.0,114.3,62.6,89.2,brinjal,brinjal,brinjal,55,"['brinjal', 'bhendi', 'cabbage']","[55, 19, 12]"
5.9,14.9,82.0,84.0,44.7,43.3,french bean,french bean,french bean,98,"['french bean', 'chowchow', 'peas']","[98, 1, 0]"
6.6,9.0,99.2,104.9,45.3,57.1,cauliflower,cauliflower,cauliflower,98,"['cauliflower', 'radish', 'peas']","[98, 2, 0]"
6.7,26.1,82.4,137.8,45.2,117.1,chillies,chillies,chillies,64,"['chillies', 'tomato', 'onion']","[64, 31, 3]"
6.2,30.5,83.7,57.9,33.5,24.9,soyabean,soyabean,soyabean,47,"['soyabean', 'pearl millet', 'horsegram']","[47, 46, 4]"
7.2,34.5,70.7,100.0,48.6,34.8,jute,jute,jute,88,"['jute', 'rice', 'cucumber']","[88, 6, 3]"
5.8,23.0,87.1,99.9,43.0,40.9,sweet potato,sweet potato,sweet potato,99,"['sweet potato', 'vegetable cowpea', 'french bean']","[99, 1, 0]"
5.8,34.7,93.3,25.6,34.4,27.8,gingely,gingely,gingely,100,"['gingely', 'pearl millet', 'castor']","[100, 0, 0]"
7.5,22.9,80.9,134.1,49.9,95.6,tomato,tomato,tomato,98,"['tomato', 'watermelon', 'chillies']","[98, 1, 1]"
6.6,20.6,98.3,86.8,47.5,45.7,beetroot,beetroot,beetroot,76,"['beetroot', 'cauliflower', 'radish']","[76, 23, 0]"
6.6,10.5,88.3,115.5,48.2,42.2,peas,peas,peas,89,"['peas', 'cauliflower', 'sweet potato']","[89, 11, 0]"
6.1,21.9,89.1,86.4,46.5,54.1,sweet potato,sweet potato,sweet potato,97,"['sweet potato', 'snake gourd', 'chowchow']","[97, 1, 1]"
7.6,20.0,84.5,60.5,34.0,29.1,sunflower,sunflower,sunflower,94,"['sunflower', 'castor', 'pearl millet']","[94, 3, 2]"
5.6,20.0,15.1,47.6,31.5,32.2,kudiraivali,kudiraivali,kudiraivali,100,"['kudiraivali', 'thinai', 'ragi']","[100, 0, 0]"
7.7,23.9,65.6,111.4,77.7,71.8,sugarbeet,sugarbeet,sugarbeet,99,"['sugarbeet', 'maize', 'sugarcane']","[99, 0, 0]"
6.7,27.1,91.1,69.6,60.3,95.1,bitter gourd,bitter gourd,bitter gourd,86,"['bitter gourd', 'snake gourd', 'bottle gourd']","[86, 13, 0]"
6.0,15.1,77.0,100.0,51.3,49.8,french bean,french bean,french bean,85,"['french bean', 'peas', 'chowchow']","[85, 8, 5]"
5.8,25.8,79.5,68.0,42.4,55.9,vegetable cowpea,vegetable cowpea,vegetable cowpea,64,"['vegetable cowpea', 'french bean', 'elephant foot yam']","[64, 27, 8]"
7.4,24.2,64.4,91.1,43.4,59.3,rice,rice,rice,79,"['rice', 'cucumber', 'cotton']","[79, 9, 5]"
6.6,29.9,76.8,96.8,55.9,49.2,tinda,tinda,tinda,39,"['tinda', 'annual moringa', 'rice']","[39, 38, 8]"
6.6,21.2,93.2,68.8,22.8,28.0,sunflower,sunflower,sunflower,79,"['sunflower', 'soyabean', 'castor']","[79, 14, 6]"
5.8,23.5,60.0,49.4,34.0,21.9,bengalgram,bengalgram,bengalgram,98,"['bengalgram', 'cowpea', 'horsegram']","[98, 2, 0]"
6.8,21.3,59.5,110.1,51.3,40.3,wheat,wheat,wheat,100,"['wheat', 'peas', 'rice']","[100, 0, 0]"
6.5,27.9,68.6,67.6,45.7,97.4,ash gourd,ash gourd,ash gourd,92,"['ash gourd', 'pumpkin', 'ribbed gourd']","[92, 7, 0]"
7.2,20.2,97.0,79.5,33.0,32.8,sunflower,sunflower,sunflower,94,"['sunflower', 'castor', 'soyabean']","[94, 3, 2]"
6.9,28.3,63.3,77.1,44.2,55.1,cucumber,cucumber,cucumber,88,"['cucumber', 'groundnut', 'tapoica']","[88, 7, 4]"
6.8,28.2,79.5,137.8,50.2,104.3,tomato,tomato,chillies,56,"['chillies', 'tomato', 'muskmelon']","[56, 42, 1]"
6.1,18.1,60.4,82.7,48.8,76.8,pumpkin,pumpkin,pumpkin,91,"['pumpkin', 'carrot', 'small onion']","[91, 8, 0]"
6.1,22.9,52.5,107.2,54.5,52.0,wheat,wheat,wheat,100,"['wheat', 'rice', 'tapoica']","[100, 0, 0]"
6.4,13.5,95.3,105.2,90.6,101.0,cabbage,cabbage,cabbage,100,"['cabbage', 'capsicum', 'brinjal']","[100, 0, 0]"
6.4,25.1,57.6,74.9,49.7,73.9,ash gourd,ash gourd,ash gourd,91,"['ash gourd', 'pumpkin', 'tapoica']","[91, 9, 0]"
6.6,35.0,62.6,39.9,38.5,32.6,greengram,greengram,greengram,65,"['greengram', 'horsegram', 'bengalgram']","[65, 34, 0]"
6.8,28.8,80.2,118.4,52.3,99.8,muskmelon,muskmelon,chillies,35,"['chillies', 'tomato', 'muskmelon']","[35, 34, 27]"
6.7,25.2,58.0,81.4,43.5,53.8,tapoica,tapoica,tapoica,94,"['tapoica', 'cucumber', 'wheat']","[94, 4, 1]"
6.6,23.4,66.4,77.7,41.1,56.6,small onion,small onion,small onion,76,"['small onion', 'groundnut', 'cucumber']","[76, 16, 5]"
6.2,16.9,61.8,101.3,64.9,83.6,carrot,carrot,carrot,99,"['carrot', 'pumpkin', 'sugarbeet']","[99, 0, 0]"
6.0,28.2,78.7,91.5,43.7,53.5,vegetable cowpea,vegetable cowpea,vegetable cowpea,63,"['vegetable cowpea', 'elephant foot yam', 'rice']","[63, 16, 14]"
7.3,21.5,75.3,113.4,70.5,77.3,sugarbeet,sugarbeet,sugarbeet,92,"['sugarbeet', 'tomato', 'maize']","[92, 7, 1]"
6.2,24.9,50.5,56.7,35.5,27.6,cowpea,cowpea,cowpea,93,"['cowpea', 'bengalgram', 'horsegram']","[93, 4, 3]"
6.5,26.2,83.1,43.8,34.4,20.6,pearl millet,pearl millet,pearl millet,48,"['pearl millet', 'redgram', 'soyabean']","[48, 23, 12]"
5.9,22.4,60.6,158.4,71.2,61.8,maize,maize,maize,100,"['maize', 'sugarbeet', 'wheat']","[100, 0, 0]"
6.2,17.7,88.5,48.2,28.7,24.5,pearl millet,pearl millet,pearl millet,80,"['pearl millet', 'soyabean', 'sunflower']","[80, 20, 0]"
7.3,31.0,63.6,34.3,22.6,25.6,greengram,greengram,greengram,99,"['greengram', 'horsegram', 'panivaragu']","[99, 1, 0]"
6.8,26.3,84.2,91.9,44.8,52.5,tinda,tinda,tinda,45,"['tinda', 'elephant foot yam', 'peas']","[45, 19, 12]"
6.8,33.3,65.0,68.7,53.6,52.9,groundnut,groundnut,groundnut,68,"['groundnut', 'cucumber', 'rice']","[68, 32, 0]"
6.7,10.1,76.6,108.0,42.0,50.0,peas,peas,peas,100,"['peas', 'sugarbeet', 'cotton']","[100, 0, 0]"
6.1,18.3,79.2,68.6,49.9,58.0,chowchow,chowchow,chowchow,86,"['chowchow', 'bottle gourd', 'french bean']","[86, 7, 4]"
7.1,24.6,75.8,166.2,84.1,135.8,sugarcane,sugarcane,sugarcane,100,"['sugarcane', 'tomato', 'maize']","[100, 0, 0]"
6.6,23.5,97.5,88.7,45.5,56.9,cauliflower,cauliflower,cauliflower,97,"['cauliflower', 'beetroot', 'sweet potato']","[97, 1, 1]"
6.6,24.2,79.2,110.8,78.6,70.3,sugarbeet,sugarbeet,sugarbeet,63,"['sugarbeet', 'tomato', 'maize']","[63, 11, 10]"
5.6,24.2,88.6,42.0,24.7,23.3,castor,castor,castor,74,"['castor', 'pearl millet', 'soyabean']","[74, 26, 0]"
6.1,25.3,99.4,128.2,86.2,106.5,cabbage,cabbage,bhendi,91,"['bhendi', 'cabbage', 'capsicum']","[91, 9, 0]"
5.7,26.9,16.3,33.4,21.8,21.1,varagu,varagu,varagu,78,"['varagu', 'thinai', 'ragi']","[78, 14, 4]"
6.1,39.0,91.6,79.4,49.2,46.4,sorghum,sorghum,sorghum,90,"['sorghum', 'jute', 'elephant foot yam']","[90, 8, 1]"
6.8,26.2,78.0,78.4,59.3,46.7,tinda,tinda,tinda,86,"['tinda', 'elephant foot yam', 'annual moringa']","[86, 3, 3]"
7.7,23.1,67.8,149.6,62.7,79.5,sugarbeet,sugarbeet,sugarbeet,91,"['sugarbeet', 'maize', 'sugarcane']","[91, 8, 1]"
7.3,34.4,75.6,85.2,70.6,60.4,ribbed gourd,ribbed gourd,ribbed gourd,90,"['ribbed gourd', 'muskmelon', 'annual moringa']","[90, 5, 2]"
5.7,31.2,83.7,41.4,31.5,31.2,pearl millet,pearl millet,pearl millet,95,"['pearl millet', 'gingely', 'soyabean']","[95, 4, 1]"
6.9,29.4,86.3,83.3,54.2,66.6,bitter gourd,bitter gourd,bitter gourd,90,"['bitter gourd', 'ribbed gourd', 'muskmelon']","[90, 6, 3]"
7.3,38.0,95.2,74.2,48.8,40.2,sorghum,sorghum,sorghum,97,"['sorghum', 'jute', 'pearl millet']","[97, 3, 0]"
6.3,18.6,84.8,66.9,69.5,70.1,bottle gourd,bottle gourd,bottle gourd,66,"['bottle gourd', 'snake gourd', 'chowchow']","[66, 33, 0]"
6.6,22.5,86.2,82.6,41.0,64.6,snake gourd,snake gourd,snake gourd,87,"['snake gourd', 'bottle gourd', 'sweet potato']","[87, 7, 2]"
6.0,10.7,83.6,81.1,59.2,55.4,french bean,french bean,french bean,97,"['french bean', 'chowchow', 'peas']","[97, 1, 1]"
7.4,33.2,17.1,31.6,34.8,20.5,blackgram,blackgram,blackgram,99,"['blackgram', 'panivaragu', 'samai']","[99, 0, 0]"
6.6,27.7,56.9,66.7,46.1,57.7,tapoica,tapoica,tapoica,97,"['tapoica', 'cucumber', 'groundnut']","[97, 2, 1]"
7.5,26.7,79.0,113.0,53.8,68.2,muskmelon,muskmelon,watermelon,61,"['watermelon', 'muskmelon', 'tomato']","[61, 35, 1]"
7.0,33.4,78.7,86.6,48.6,48.0,rice,rice,annual moringa,58,"['annual moringa', 'jute', 'rice']","[58, 19, 10]"
6.2,21.3,64.5,61.3,55.1,80.8,pumpkin,pumpkin,pumpkin,98,"['pumpkin', 'ash gourd', 'bottle gourd']","[98, 2, 0]"
6.4,28.1,50.5,50.0,22.9,30.3,cowpea,cowpea,cowpea,83,"['cowpea', 'horsegram', 'bengalgram']","[83, 13, 4]"
5.6,18.6,78.7,72.9,41.9,56.0,chowchow,chowchow,chowchow,64,"['chowchow', 'french bean', 'vegetable cowpea']","[64, 32, 4]"
7.0,26.2,75.2,93.4,54.1,48.9,tinda,tinda,tinda,46,"['tinda', 'annual moringa', 'cotton']","[46, 16, 11]"
6.8,12.1,65.0,79.1,50.7,43.1,groundnut,groundnut,groundnut,87,"['groundnut', 'peas', 'small onion']","[87, 10, 3]"
7.8,27.5,73.7,93.4,55.7,41.2,cotton,cotton,cotton,52,"['cotton', 'rice', 'annual moringa']","[52, 29, 11]"
5.8,20.7,77.8,67.0,53.5,56.7,vegetable cowpea,vegetable cowpea,chowchow,51,"['chowchow', 'vegetable cowpea', 'french bean']","[51, 28, 19]"
6.7,20.0,15.5,55.5,34.9,37.6,kudiraivali,kudiraivali,kudiraivali,100,"['kudiraivali', 'ragi', 'thinai']","[100, 0, 0]"
5.6,26.1,15.4,38.2,26.1,24.6,varagu,varagu,varagu,75,"['varagu', 'thinai', 'ragi']","[75, 14, 6]"
6.8,28.8,83.2,85.9,63.1,67.6,bitter gourd,bitter gourd,bitter gourd,67,"['bitter gourd', 'ribbed gourd', 'muskmelon']","[67, 30, 2]"
8.8,38.2,18.5,34.4,21.3,28.0,samai,samai,samai,100,"['samai', 'blackgram', 'panivaragu']","[100, 0, 0]"
6.5,29.6,64.0,72.2,40.6,42.3,cucumber,cucumber,cucumber,68,"['cucumber', 'groundnut', 'tapoica']","[68, 22, 5]"
6.5,25.7,63.1,61.9,42.8,69.4,ash gourd,ash gourd,ash gourd,58,"['ash gourd', 'pumpkin', 'cucumber']","[58, 41, 0]"
5.7,21.7,84.7,84.5,53.2,50.3,chowchow,chowchow,vegetable cowpea,34,"['vegetable cowpea', 'chowchow', 'sweet potato']","[34, 26, 20]"
6.6,20.2,89.8,62.3,65.5,95.0,snake gourd,snake gourd,snake gourd,99,"['snake gourd', 'bottle gourd', 'bitter gourd']","[99, 1, 0]"
6.9,18.7,87.0,110.5,47.2,52.8,peas,peas,peas,99,"['peas', 'sweet potato', 'cotton']","[99, 1, 0]"
6.7,20.1,76.8,147.0,63.0,61.3,sugarbeet,sugarbeet,sugarbeet,71,"['sugarbeet', 'maize', 'tomato']","[71, 27, 1]"
6.0,8.6,95.4,141.9,66.9,103.2,cabbage,cabbage,cabbage,99,"['cabbage', 'capsicum', 'brinjal']","[99, 1, 0]"
6.5,18.7,100.0,86.2,59.5,56.9,beetroot,beetroot,beetroot,92,"['beetroot', 'cauliflower', 'radish']","[92, 5, 2]"
6.6,25.1,79.5,45.3,30.5,28.8,redgram,redgram,redgram,92,"['redgram', 'horsegram', 'soyabean']","[92, 4, 2]"
8.7,37.2,15.7,39.2,23.0,23.5,samai,samai,samai,100,"['samai', 'blackgram', 'panivaragu']","[100, 0, 0]"
7.8,23.8,15.2,35.4,23.3,28.1,ragi,ragi,ragi,95,"['ragi', 'blackgram', 'thinai']","[95, 3, 1]"
6.5,24.9,99.7,114.6,87.0,93.5,bhendi,bhendi,bhendi,95,"['bhendi', 'cabbage', 'capsicum']","[95, 5, 0]"
8.0,26.2,75.1,150.1,63.5,134.5,sugarcane,sugarcane,sugarcane,100,"['sugarcane', 'tomato', 'chillies']","[100, 0, 0]"
6.2,16.4,19.4,39.9,20.2,26.2,panivaragu,panivaragu,panivaragu,57,"['panivaragu', 'ragi', 'kudiraivali']","[57, 41, 1]"
6.1,21.7,97.5,101.8,63.7,88.4,cabbage,cabbage,cabbage,80,"['cabbage', 'bhendi', 'capsicum']","[80, 12, 7]"
5.9,22.3,76.6,95.4,59.2,46.1,vegetable cowpea,vegetable cowpea,vegetable cowpea,57,"['vegetable cowpea', 'french bean', 'chowchow']","[57, 23, 14]"
5.8,26.8,79.1,77.7,46.3,45.7,vegetable cowpea,vegetable cowpea,vegetable cowpea,68,"['vegetable cowpea', 'french bean', 'elephant foot yam']","[68, 23, 8]"
6.1,25.3,99.8,135.5,97.1,112.2,bhendi,bhendi,bhendi,89,"['bhendi', 'cabbage', 'capsicum']","[89, 11, 0]"
5.9,25.2,79.6,67.0,51.3,58.8,french bean,french bean,vegetable cowpea,62,"['vegetable cowpea', 'french bean', 'bottle gourd']","[62, 24, 6]"
5.9,33.2,88.0,28.2,25.5,30.7,gingely,gingely,gingely,100,"['gingely', 'pearl millet', 'soyabean']","[100, 0, 0]"
6.7,28.6,77.5,58.0,20.6,37.5,redgram,redgram,redgram,70,"['redgram', 'soyabean', 'horsegram']","[70, 20, 9]"
6.5,20.2,98.5,66.2,45.3,41.8,beetroot,beetroot,beetroot,96,"['beetroot', 'sorghum', 'radish']","[96, 3, 0]"
6.1,18.9,87.9,87.9,63.0,77.9,snake gourd,snake gourd,snake gourd,99,"['snake gourd', 'bottle gourd', 'brinjal']","[99, 1, 0]"
6.3,18.6,79.6,84.1,58.4,95.9,bottle gourd,bottle gourd,bottle gourd,97,"['bottle gourd', 'snake gourd', 'pumpkin']","[97, 2, 0]"
6.4,29.2,75.6,125.6,57.4,102.8,chillies,chillies,chillies,95,"['chillies', 'tomato', 'onion']","[95, 4, 0]"
6.7,13.7,65.0,67.5,45.7,53.9,groundnut,groundnut,groundnut,99,"['groundnut', 'small onion', 'peas']","[99, 1, 0]"
6.9,34.8,67.7,34.6,33.5,31.5,greengram,greengram,greengram,99,"['greengram', 'horsegram', 'gingely']","[99, 1, 0]"
6.9,25.2,78.9,70.4,67.4,66.7,bitter gourd,bitter gourd,ribbed gourd,46,"['ribbed gourd', 'bitter gourd', 'bottle gourd']","[46, 43, 9]"
6.8,26.3,18.5,34.8,20.6,27.7,thinai,thinai,thinai,48,"['thinai', 'ragi', 'varagu']","[48, 17, 17]"
6.9,23.3,71.0,192.6,60.6,147.8,sugarcane,sugarcane,sugarcane,99,"['sugarcane', 'maize', 'tomato']","[99, 0, 0]"
5.6,25.1,75.1,72.7,40.5,41.0,french bean,french bean,vegetable cowpea,62,"['vegetable cowpea', 'french bean', 'elephant foot yam']","[62, 31, 3]"
6.3,19.1,15.9,31.4,28.0,29.1,ragi,ragi,ragi,41,"['ragi', 'panivaragu', 'thinai']","[41, 40, 12]"
6.9,26.3,67.9,120.6,68.0,89.7,maize,maize,maize,50,"['maize', 'tomato', 'sugarcane']","[50, 30, 10]"
6.5,21.2,71.7,176.5,93.1,137.7,sugarcane,sugarcane,sugarcane,98,"['sugarcane', 'maize', 'sugarbeet']","[98, 2, 0]"
6.5,27.6,77.9,146.1,53.8,87.9,chillies,chillies,chillies,88,"['chillies', 'tomato', 'muskmelon']","[88, 10, 2]"
5.8,20.0,17.8,47.5,34.9,39.5,kudiraivali,kudiraivali,kudiraivali,100,"['kudiraivali', 'cowpea', 'ragi']","[100, 0, 0]"
7.0,22.9,80.1,90.5,57.3,42.1,peas,peas,cluster bean,43,"['cluster bean', 'peas', 'cotton']","[43, 29, 21]"
6.8,21.8,82.5,108.6,70.2,82.2,tomato,tomato,tomato,71,"['tomato', 'brinjal', 'onion']","[71, 11, 7]"
5.7,25.6,75.7,70.7,57.2,47.1,vegetable cowpea,vegetable cowpea,vegetable cowpea,70,"['vegetable cowpea', 'french bean', 'elephant foot yam']","[70, 27, 2]"
6.7,11.2,95.9,74.4,56.7,46.3,radish,radish,radish,90,"['radish', 'cauliflower', 'sorghum']","[90, 6, 4]"
6.8,31.2,77.1,90.2,45.2,68.3,muskmelon,muskmelon,muskmelon,65,"['muskmelon', 'ribbed gourd', 'bitter gourd']","[65, 32, 1]"
7.2,23.4,81.9,69.6,58.1,44.4,cluster bean,cluster bean,cluster bean,99,"['cluster bean', 'cotton', 'tinda']","[99, 0, 0]"
6.9,33.7,17.2,38.4,36.1,39.8,blackgram,blackgram,blackgram,99,"['blackgram', 'panivaragu', 'horsegram']","[99, 0, 0]"
6.8,25.3,89.1,98.3,51.4,94.8,bitter gourd,bitter gourd,bitter gourd,52,"['bitter gourd', 'brinjal', 'snake gourd']","[52, 20, 17]"
6.8,29.3,98.1,107.4,43.2,43.4,cauliflower,cauliflower,cauliflower,100,"['cauliflower', 'sweet potato', 'peas']","[100, 0, 0]"
6.7,22.1,77.7,56.2,23.9,28.9,redgram,redgram,redgram,88,"['redgram', 'soyabean', 'sunflower']","[88, 8, 3]"
7.1,23.5,69.3,130.4,62.7,61.3,sugarbeet,sugarbeet,sugarbeet,97,"['sugarbeet', 'maize', 'sugarcane']","[97, 2, 0]"
7.8,22.2,90.6,45.9,34.7,23.5,sunflower,sunflower,sunflower,68,"['sunflower', 'castor', 'pearl millet']","[68, 30, 1]"
6.5,30.0,81.9,70.3,44.8,53.5,tinda,tinda,elephant foot yam,77,"['elephant foot yam', 'tinda', 'jute']","[77, 18, 3]"
6.0,24.9,82.2,93.2,48.8,49.7,french bean,french bean,vegetable cowpea,57,"['vegetable cowpea', 'french bean', 'elephant foot yam']","[57, 16, 12]"
6.0,18.6,98.4,63.2,53.6,49.3,beetroot,beetroot,beetroot,92,"['beetroot', 'sorghum', 'radish']","[92, 4, 3]"
8.8,39.9,18.4,30.4,28.2,20.5,samai,samai,samai,100,"['samai', 'blackgram', 'panivaragu']","[100, 0, 0]"
7.0,27.7,82.0,92.0,40.9,58.5,elephant foot yam,elephant foot yam,tinda,58,"['tinda', 'annual moringa', 'elephant foot yam']","[58, 14, 9]"
7.4,23.2,77.2,111.1,45.2,44.6,cotton,cotton,cotton,64,"['cotton', 'peas', 'cluster bean']","[64, 30, 3]"
7.1,30.9,73.5,40.1,24.7,31.7,horsegram,horsegram,horsegram,62,"['horsegram', 'greengram', 'gingely']","[62, 36, 1]"
6.1,23.0,87.0,107.9,40.6,45.5,sweet potato,sweet potato,sweet potato,100,"['sweet potato', 'peas', 'cauliflower']","[100, 0, 0]"
9.0,37.8,17.7,38.5,29.2,22.0,samai,samai,samai,99,"['samai', 'blackgram', 'panivaragu']","[99, 1, 0]"
6.7,20.8,81.3,80.9,50.9,88.9,bottle gourd,bottle gourd,bottle gourd,92,"['bottle gourd', 'snake gourd', 'watermelon']","[92, 4, 2]"
7.0,23.9,91.1,69.9,30.6,25.5,sunflower,sunflower,sunflower,62,"['sunflower', 'castor', 'soyabean']","[62, 33, 5]"
6.0,21.2,80.0,73.1,43.4,40.6,vegetable cowpea,vegetable cowpea,chowchow,68,"['chowchow', 'vegetable cowpea', 'french bean']","[68, 19, 11]"
6.3,27.8,80.5,65.2,30.4,35.8,soyabean,soyabean,soyabean,74,"['soyabean', 'jute', 'horsegram']","[74, 21, 2]"
6.5,26.0,99.2,69.8,59.8,52.7,sorghum,sorghum,sorghum,97,"['sorghum', 'cauliflower', 'beetroot']","[97, 2, 0]"
6.7,26.0,71.8,182.6,64.0,127.5,sugarcane,sugarcane,sugarcane,99,"['sugarcane', 'maize', 'chillies']","[99, 0, 0]"
5.7,39.7,17.3,35.6,23.0,26.6,panivaragu,panivaragu,panivaragu,99,"['panivaragu', 'blackgram', 'thinai']","[99, 0, 0]"
6.1,29.1,60.0,54.7,36.8,33.8,bengalgram,bengalgram,bengalgram,91,"['bengalgram', 'horsegram', 'cowpea']","[91, 6, 2]"
6.0,22.0,84.5,114.2,71.7,94.9,onion,onion,onion,71,"['onion', 'brinjal', 'capsicum']","[71, 11, 9]"
7.2,23.9,87.2,51.5,27.4,33.0,castor,castor,sunflower,65,"['sunflower', 'castor', 'pearl millet']","[65, 26, 8]"
7.5,21.9,86.1,51.6,29.8,27.1,sunflower,sunflower,sunflower,84,"['sunflower', 'castor', 'pearl millet']","[84, 10, 6]"
8.5,32.5,15.0,30.8,29.9,28.3,samai,samai,samai,100,"['samai', 'blackgram', 'panivaragu']","[100, 0, 0]"
5.7,18.8,75.5,153.8,89.0,78.5,maize,maize,maize,100,"['maize', 'sugarbeet', 'onion']","[100, 0, 0]"
7.7,21.2,80.3,75.3,51.2,43.7,cluster bean,cluster bean,cluster bean,98,"['cluster bean', 'cotton', 'peas']","[98, 1, 0]"
5.9,21.5,84.7,82.2,56.9,41.6,vegetable cowpea,vegetable cowpea,chowchow,34,"['chowchow', 'vegetable cowpea', 'sweet potato']","[34, 31, 17]"
7.8,23.2,76.8,183.2,67.2,123.0,sugarcane,sugarcane,sugarcane,100,"['sugarcane', 'tomato', 'sugarbeet']","[100, 0, 0]"
6.4,20.1,76.1,149.7,78.3,80.9,maize,maize,maize,50,"['maize', 'onion', 'sugarbeet']","[50, 31, 18]"
6.2,23.9,66.7,91.5,41.8,58.7,small onion,small onion,small onion,72,"['small onion', 'rice', 'pumpkin']","[72, 18, 5]"
7.4,24.1,68.2,182.9,90.8,143.0,sugarcane,sugarcane,sugarcane,100,"['sugarcane', 'maize', 'sugarbeet']","[100, 0, 0]"
7.0,25.1,80.6,95.5,42.3,89.4,watermelon,watermelon,watermelon,72,"['watermelon', 'muskmelon', 'bitter gourd']","[72, 12, 7]"
7.0,24.1,60.0,40.4,23.7,30.4,bengalgram,bengalgram,bengalgram,92,"['bengalgram', 'greengram', 'horsegram']","[92, 6, 1]"
5.9,28.2,90.3,111.5,76.6,113.6,capsicum,capsicum,capsicum,94,"['capsicum', 'brinjal', 'cabbage']","[94, 5, 0]"
7.0,25.8,77.1,48.2,38.8,33.9,redgram,redgram,redgram,80,"['redgram', 'horsegram', 'soyabean']","[80, 16, 2]"
6.1,21.6,92.0,59.8,26.1,25.9,pearl millet,pearl millet,soyabean,34,"['soyabean', 'pearl millet', 'castor']","[34, 29, 26]"
6.5,14.1,95.9,110.6,67.6,91.4,cabbage,cabbage,cabbage,97,"['cabbage', 'capsicum', 'brinjal']","[97, 3, 0]"
6.2,23.2,58.2,119.5,53.5,47.1,wheat,wheat,wheat,100,"['wheat', 'rice', 'maize']","[100, 0, 0]"
6.6,22.1,50.6,100.4,40.7,51.7,wheat,wheat,wheat,100,"['wheat', 'rice', 'small onion']","[100, 0, 0]"
6.2,23.2,98.8,111.8,88.5,105.2,cabbage,cabbage,cabbage,65,"['cabbage', 'bhendi', 'capsicum']","[65, 35, 0]"
6.8,10.5,99.2,83.3,48.2,51.9,cauliflower,cauliflower,cauliflower,61,"['cauliflower', 'radish', 'beetroot']","[61, 38, 0]"
6.8,33.2,77.4,116.9,40.1,95.3,muskmelon,muskmelon,muskmelon,93,"['muskmelon', 'chillies', 'tomato']","[93, 3, 3]"
7.0,29.8,17.8,34.7,31.3,22.5,blackgram,blackgram,blackgram,77,"['blackgram', 'panivaragu', 'thinai']","[77, 15, 7]"
5.6,29.6,75.5,62.2,48.5,57.3,vegetable cowpea,vegetable cowpea,vegetable cowpea,78,"['vegetable cowpea', 'elephant foot yam', 'french bean']","[78, 19, 2]"
6.2,9.1,98.8,132.7,67.7,116.0,cabbage,cabbage,cabbage,100,"['cabbage', 'capsicum', 'brinjal']","[100, 0, 0]"
6.9,31.3,77.6,106.7,49.0,42.9,annual moringa,annual moringa,annual moringa,92,"['annual moringa', 'jute', 'peas']","[92, 2, 2]"
6.8,20.9,65.0,54.0,41.6,50.8,groundnut,groundnut,groundnut,99,"['groundnut', 'small onion', 'pumpkin']","[99, 1, 0]"
6.4,23.5,50.0,99.3,46.6,42.2,wheat,wheat,wheat,99,"['wheat', 'rice', 'tapoica']","[99, 0, 0]"
6.5,46.3,65.0,54.5,51.3,57.6,groundnut,groundnut,groundnut,100,"['groundnut', 'cucumber', 'horsegram']","[100, 0, 0]"
6.6,27.2,89.4,85.7,49.9,51.2,peas,peas,peas,34,"['peas', 'sweet potato', 'jute']","[34, 32, 6]"
6.2,20.2,78.3,67.4,65.3,71.5,bottle gourd,bottle gourd,bottle gourd,97,"['bottle gourd', 'snake gourd', 'pumpkin']","[97, 3, 0]"
6.5,21.2,60.0,49.4,26.0,35.6,bengalgram,bengalgram,bengalgram,98,"['bengalgram', 'cowpea', 'soyabean']","[98, 1, 0]"
7.2,34.2,83.6,78.8,36.7,47.5,jute,jute,jute,96,"['jute', 'annual moringa', 'elephant foot yam']","[96, 2, 1]"
6.9,21.7,93.6,61.5,39.3,34.0,sunflower,sunflower,sunflower,82,"['sunflower', 'soyabean', 'castor']","[82, 7, 7]"
5.8,44.3,18.4,33.9,27.8,28.3,panivaragu,panivaragu,panivaragu,99,"['panivaragu', 'blackgram', 'thinai']","[99, 0, 0]"
6.1,23.1,89.5,94.5,53.6,52.1,sweet potato,sweet potato,sweet potato,99,"['sweet potato', 'snake gourd', 'cauliflower']","[99, 1, 0]"
6.4,26.2,51.2,80.4,42.0,56.5,tapoica,tapoica,tapoica,99,"['tapoica', 'ash gourd', 'rice']","[99, 0, 0]"
6.6,27.3,76.8,114.6,50.6,68.6,muskmelon,muskmelon,muskmelon,74,"['muskmelon', 'watermelon', 'chillies']","[74, 17, 4]"
8.2,22.6,83.7,47.0,23.8,37.4,castor,castor,castor,72,"['castor', 'sunflower', 'pearl millet']","[72, 27, 1]"
6.5,24.9,15.7,33.0,28.6,20.2,panivaragu,panivaragu,thinai,52,"['thinai', 'panivaragu', 'varagu']","[52, 18, 17]"
6.1,20.0,17.5,55.2,39.3,31.2,kudiraivali,kudiraivali,kudiraivali,100,"['kudiraivali', 'cowpea', 'thinai']","[100, 0, 0]"
6.4,38.3,58.3,43.2,25.3,28.8,horsegram,horsegram,horsegram,98,"['horsegram', 'panivaragu', 'cowpea']","[98, 1, 0]"
6.8,27.5,90.0,135.3,58.5,113.6,brinjal,brinjal,brinjal,84,"['brinjal', 'capsicum', 'chillies']","[84, 15, 1]"
7.4,36.5,17.7,31.2,24.2,24.9,blackgram,blackgram,blackgram,94,"['blackgram', 'panivaragu', 'samai']","[94, 5, 1]"
6.6,19.4,95.4,71.5,42.8,59.7,sorghum,sorghum,sorghum,50,"['sorghum', 'beetroot', 'radish']","[50, 45, 3]"
5.7,27.7,50.6,32.5,28.7,27.3,cowpea,cowpea,cowpea,92,"['cowpea', 'thinai', 'panivaragu']","[92, 3, 2]"
6.5,16.3,74.3,67.6,40.9,43.5,small onion,small onion,small onion,83,"['small onion', 'peas', 'groundnut']","[83, 10, 3]"
7.6,25.7,75.4,83.6,57.5,45.2,cotton,cotton,cotton,40,"['cotton', 'annual moringa', 'tinda']","[40, 27, 11]"
5.7,19.5,93.1,116.9,64.4,91.0,capsicum,capsicum,capsicum,79,"['capsicum', 'cabbage', 'brinjal']","[79, 20, 0]"
5.6,25.6,93.2,112.1,66.9,83.0,capsicum,capsicum,capsicum,71,"['capsicum', 'bhendi', 'cabbage']","[71, 24, 5]"
7.6,22.1,80.4,69.0,44.0,56.3,cluster bean,cluster bean,cluster bean,99,"['cluster bean', 'cotton', 'peas']","[99, 0, 0]"
7.6,21.9,80.1,96.9,57.2,54.5,cluster bean,cluster bean,cluster bean,64,"['cluster bean', 'cotton', 'peas']","[64, 32, 2]"
7.3,25.9,90.0,113.7,74.3,96.2,brinjal,brinjal,brinjal,94,"['brinjal', 'capsicum', 'tomato']","[94, 5, 1]"
6.1,23.6,75.5,140.4,68.5,99.3,onion,onion,onion,67,"['onion', 'chillies', 'maize']","[67, 28, 3]"
6.8,24.2,94.1,50.5,28.0,36.3,castor,castor,sunflower,50,"['sunflower', 'castor', 'pearl millet']","[50, 35, 11]"
7.4,32.3,80.8,98.5,48.1,72.9,muskmelon,muskmelon,muskmelon,69,"['muskmelon', 'ribbed gourd', 'annual moringa']","[69, 30, 1]"
5.1,13.1,15.6,32.1,22.1,25.8,ragi,ragi,ragi,88,"['ragi', 'panivaragu', 'thinai']","[88, 12, 0]"
7.8,25.4,87.9,102.0,58.6,48.8,cotton,cotton,cotton,89,"['cotton', 'cluster bean', 'peas']","[89, 4, 4]"
8.9,34.3,18.0,36.5,29.5,26.6,samai,samai,samai,99,"['samai', 'blackgram', 'panivaragu']","[99, 1, 0]"
6.2,19.5,72.0,145.1,63.8,69.6,sugarbeet,sugarbeet,sugarbeet,57,"['sugarbeet', 'maize', 'carrot']","[57, 42, 1]"
7.0,29.7,92.6,52.6,35.6,39.1,pearl millet,pearl millet,pearl millet,80,"['pearl millet', 'soyabean', 'gingely']","[80, 13, 2]"
6.3,25.4,82.7,63.7,49.7,90.7,bottle gourd,bottle gourd,bottle gourd,73,"['bottle gourd', 'bitter gourd', 'snake gourd']","[73, 14, 9]"
7.4,31.0,75.5,72.6,45.1,38.3,jute,jute,jute,96,"['jute', 'annual moringa', 'tinda']","[96, 2, 1]"
6.4,25.7,85.8,98.9,56.4,68.4,snake gourd,snake gourd,snake gourd,67,"['snake gourd', 'bitter gourd', 'watermelon']","[67, 14, 10]"
6.9,25.3,85.3,78.4,38.9,37.3,soyabean,soyabean,jute,58,"['jute', 'soyabean', 'castor']","[58, 21, 15]"
7.7,18.6,75.8,138.2,73.8,78.7,sugarbeet,sugarbeet,sugarbeet,98,"['sugarbeet', 'tomato', 'maize']","[98, 2, 0]"
6.6,24.0,19.7,34.8,20.3,22.2,thinai,thinai,thinai,62,"['thinai', 'ragi', 'panivaragu']","[62, 17, 15]"
7.3,26.0,79.6,86.0,77.6,93.7,ribbed gourd,ribbed gourd,ribbed gourd,80,"['ribbed gourd', 'bitter gourd', 'watermelon']","[80, 9, 6]"
7.3,31.9,62.8,28.6,24.1,32.7,greengram,greengram,greengram,100,"['greengram', 'horsegram', 'blackgram']","[100, 0, 0]"
5.7,13.8,84.9,63.6,57.2,58.4,french bean,french bean,french bean,99,"['french bean', 'chowchow', 'radish']","[99, 1, 0]"
6.6,23.2,58.3,94.2,43.9,56.9,wheat,wheat,wheat,98,"['wheat', 'rice', 'small onion']","[98, 1, 0]"
6.6,22.0,17.6,35.1,23.2,27.4,thinai,thinai,thinai,50,"['thinai', 'ragi', 'panivaragu']","[50, 19, 16]"
6.4,26.2,96.9,24.8,36.3,35.5,gingely,gingely,gingely,100,"['gingely', 'castor', 'pearl millet']","[100, 0, 0]"
6.3,26.7,16.3,35.2,28.2,29.1,varagu,varagu,varagu,78,"['varagu', 'thinai', 'ragi']","[78, 13, 4]"
6.7,17.6,91.9,142.0,50.3,104.4,capsicum,capsicum,capsicum,97,"['capsicum', 'brinjal', 'cabbage']","[97, 2, 1]"
7.1,21.8,97.8,62.5,55.3,48.7,sorghum,sorghum,sorghum,81,"['sorghum', 'beetroot', 'sunflower']","[81, 18, 0]"
6.6,22.2,66.4,198.8,96.6,144.3,sugarcane,sugarcane,sugarcane,99,"['sugarcane', 'maize', 'sugarbeet']","[99, 1, 0]"
6.8,24.3,80.7,119.1,48.2,93.0,tomato,tomato,watermelon,45,"['watermelon', 'tomato', 'chillies']","[45, 28, 20]"
5.7,20.0,19.5,41.1,39.0,20.5,kudiraivali,kudiraivali,kudiraivali,97,"['kudiraivali', 'cowpea', 'ragi']","[97, 1, 0]"
6.0,37.9,60.3,82.5,45.6,54.6,rice,rice,rice,99,"['rice', 'cucumber', 'groundnut']","[99, 0, 0]"
6.4,26.8,80.2,140.0,49.4,118.5,chillies,chillies,chillies,93,"['chillies', 'onion', 'tomato']","[93, 3, 3]"
5.9,26.7,15.6,32.2,26.4,25.0,varagu,varagu,varagu,78,"['varagu', 'thinai', 'ragi']","[78, 13, 5]"
5.6,26.6,16.8,37.9,26.2,25.3,varagu,varagu,varagu,77,"['varagu', 'thinai', 'ragi']","[77, 12, 7]"
5.8,25.5,15.7,39.8,28.1,28.6,varagu,varagu,varagu,74,"['varagu', 'thinai', 'ragi']","[74, 14, 8]"
9.0,29.1,18.6,32.5,23.5,20.7,samai,samai,samai,100,"['samai', 'ragi', 'blackgram']","[100, 0, 0]"
6.1,16.6,62.3,109.6,61.0,87.7,carrot,carrot,carrot,99,"['carrot', 'sugarbeet', 'pumpkin']","[99, 1, 0]"
5.6,26.6,19.3,33.7,28.5,21.3,varagu,varagu,varagu,77,"['varagu', 'thinai', 'ragi']","[77, 12, 6]"
6.6,28.7,60.0,40.8,28.8,38.3,bengalgram,bengalgram,bengalgram,76,"['bengalgram', 'horsegram', 'greengram']","[76, 11, 10]"
6.7,19.7,80.7,72.2,41.5,78.1,bottle gourd,bottle gourd,bottle gourd,97,"['bottle gourd', 'snake gourd', 'chowchow']","[97, 2, 0]"
6.9,25.1,76.2,75.6,49.0,44.4,tinda,tinda,tinda,75,"['tinda', 'jute', 'cotton']","[75, 10, 3]"
8.6,30.1,16.4,34.9,25.4,26.6,samai,samai,samai,100,"['samai', 'blackgram', 'ragi']","[100, 0, 0]"
7.0,25.3,76.8,85.4,43.3,59.5,rice,rice,tinda,40,"['tinda', 'watermelon', 'annual moringa']","[40, 17, 10]"
6.1,37.5,75.7,84.3,59.4,53.5,rice,rice,rice,92,"['rice', 'jute', 'elephant foot yam']","[92, 4, 2]"
6.7,29.7,78.5,82.0,53.3,97.1,muskmelon,muskmelon,ribbed gourd,43,"['ribbed gourd', 'muskmelon', 'bitter gourd']","[43, 34, 20]"
6.4,25.4,92.7,65.4,43.3,49.2,sorghum,sorghum,sorghum,98,"['sorghum', 'jute', 'elephant foot yam']","[98, 0, 0]"
6.7,28.1,63.5,22.1,32.8,27.5,greengram,greengram,greengram,100,"['greengram', 'thinai', 'bengalgram']","[100, 0, 0]"
5.6,26.3,83.3,77.7,44.0,58.1,elephant foot yam,elephant foot yam,vegetable cowpea,45,"['vegetable cowpea', 'french bean', 'elephant foot yam']","[45, 28, 26]"
6.5,24.0,78.4,52.1,27.3,29.7,redgram,redgram,redgram,84,"['redgram', 'soyabean', 'sunflower']","[84, 11, 2]"
6.0,23.7,60.0,41.4,33.3,27.0,bengalgram,bengalgram,bengalgram,97,"['bengalgram', 'cowpea', 'horsegram']","[97, 3, 0]"
6.7,17.7,69.5,81.0,98.3,65.8,carrot,carrot,carrot,100,"['carrot', 'pumpkin', 'sugarbeet']","[100, 0, 0]"
7.8,24.0,70.3,114.4,55.1,51.5,cotton,cotton,cotton,92,"['cotton', 'peas', 'rice']","[92, 4, 2]"
7.5,26.3,95.1,23.0,31.5,28.5,gingely,gingely,gingely,100,"['gingely', 'castor', 'sunflower']","[100, 0, 0]"
8.8,28.3,18.6,38.5,29.0,27.2,samai,samai,samai,99,"['samai', 'blackgram', 'ragi']","[99, 0, 0]"
7.0,24.8,17.6,39.8,23.2,21.0,ragi,ragi,thinai,43,"['thinai', 'ragi', 'blackgram']","[43, 22, 18]"
7.2,22.8,76.0,60.9,49.6,46.3,cluster bean,cluster bean,cluster bean,98,"['cluster bean', 'cotton', 'tinda']","[98, 0, 0]"
6.1,21.5,58.7,101.3,59.6,55.0,wheat,wheat,wheat,99,"['wheat', 'rice', 'sugarbeet']","[99, 0, 0]"
6.3,21.0,79.7,110.6,45.6,113.8,onion,onion,onion,96,"['onion', 'chillies', 'tomato']","[96, 2, 1]"
6.1,22.9,94.3,145.5,79.3,99.4,cabbage,cabbage,cabbage,46,"['cabbage', 'capsicum', 'bhendi']","[46, 26, 25]"
7.0,25.0,76.2,48.8,35.8,25.1,redgram,redgram,redgram,86,"['redgram', 'horsegram', 'soyabean']","[86, 9, 3]"
6.0,25.5,19.0,37.0,28.3,26.0,varagu,varagu,varagu,75,"['varagu', 'thinai', 'ragi']","[75, 14, 6]"
6.7,19.9,99.1,79.8,58.0,41.1,beetroot,beetroot,beetroot,96,"['beetroot', 'cauliflower', 'sorghum']","[96, 2, 2]"
6.7,28.6,90.0,62.9,48.3,36.9,jute,jute,jute,65,"['jute', 'sorghum', 'soyabean']","[65, 26, 6]"
7.6,34.8,97.3,39.3,22.1,32.7,gingely,gingely,gingely,99,"['gingely', 'pearl millet', 'castor']","[99, 1, 0]"
6.0,26.2,78.5,115.4,54.1,63.1,watermelon,watermelon,watermelon,92,"['watermelon', 'muskmelon', 'chillies']","[92, 2, 2]"
7.7,21.0,69.1,98.8,51.7,57.7,rice,rice,rice,49,"['rice', 'cotton', 'sugarbeet']","[49, 36, 7]"
5.6,26.5,60.0,58.4,22.0,38.6,bengalgram,bengalgram,bengalgram,96,"['bengalgram', 'cowpea', 'horsegram']","[96, 3, 0]"
6.4,28.2,15.1,39.9,20.9,28.3,thinai,thinai,thinai,39,"['thinai', 'varagu', 'panivaragu']","[39, 34, 23]"
7.0,26.6,76.0,41.0,35.5,32.1,redgram,redgram,redgram,68,"['redgram', 'horsegram', 'soyabean']","[68, 27, 2]"
7.7,29.3,92.3,30.6,21.3,27.3,gingely,gingely,gingely,100,"['gingely', 'pearl millet', 'castor']","[100, 0, 0]"
6.6,21.5,77.3,42.2,29.9,33.2,redgram,redgram,redgram,96,"['redgram', 'sunflower', 'soyabean']","[96, 2, 1]"
6.6,27.4,77.3,117.7,72.7,102.5,chillies,chillies,chillies,70,"['chillies', 'tomato', 'muskmelon']","[70, 28, 1]"
5.7,23.9,60.0,59.5,22.8,24.4,bengalgram,bengalgram,bengalgram,98,"['bengalgram', 'cowpea', 'horsegram']","[98, 2, 0]"
6.7,21.3,71.9,124.8,86.2,64.9,maize,maize,maize,69,"['maize', 'sugarbeet', 'carrot']","[69, 29, 2]"
6.1,15.8,98.3,82.9,58.2,47.2,radish,radish,radish,96,"['radish', 'beetroot', 'cauliflower']","[96, 2, 2]"
6.7,33.3,65.0,64.1,44.8,53.9,groundnut,groundnut,groundnut,75,"['groundnut', 'cucumber', 'rice']","[75, 24, 0]"
7.3,30.4,83.7,62.5,66.9,72.0,ribbed gourd,ribbed gourd,ribbed gourd,96,"['ribbed gourd', 'bitter gourd', 'muskmelon']","[96, 4, 0]"
6.5,26.2,95.2,97.0,58.7,45.0,cauliflower,cauliflower,cauliflower,93,"['cauliflower', 'sweet potato', 'sorghum']","[93, 4, 2]"
7.7,28.7,17.6,34.8,20.7,37.4,blackgram,blackgram,blackgram,96,"['blackgram', 'samai', 'ragi']","[96, 2, 1]"
7.6,24.4,90.2,61.8,36.0,25.2,sunflower,sunflower,sunflower,58,"['sunflower', 'castor', 'pearl millet']","[58, 42, 0]"
6.8,10.8,87.7,105.2,50.0,47.9,peas,peas,peas,99,"['peas', 'cauliflower', 'radish']","[99, 1, 0]"
5.8,29.9,52.5,45.8,40.0,34.0,cowpea,cowpea,cowpea,88,"['cowpea', 'bengalgram', 'horsegram']","[88, 6, 5]"
8.7,35.6,16.0,33.8,21.0,27.1,samai,samai,samai,100,"['samai', 'blackgram', 'panivaragu']","[100, 0, 0]"
6.1,24.7,78.2,57.0,38.9,29.6,soyabean,soyabean,soyabean,65,"['soyabean', 'redgram', 'castor']","[65, 15, 5]"
7.5,29.4,83.6,64.6,44.6,56.7,tinda,tinda,tinda,89,"['tinda', 'elephant foot yam', 'jute']","[89, 4, 3]"
7.8,25.3,77.5,94.9,45.9,51.6,annual moringa,annual moringa,cotton,42,"['cotton', 'annual moringa', 'cluster bean']","[42, 28, 15]"
6.7,34.4,62.5,73.5,55.5,52.7,cucumber,cucumber,cucumber,80,"['cucumber', 'groundnut', 'rice']","[80, 18, 1]"
6.4,22.6,67.6,72.8,67.0,86.2,pumpkin,pumpkin,pumpkin,94,"['pumpkin', 'ash gourd', 'bottle gourd']","[94, 6, 0]"
7.0,28.0,18.2,32.4,29.9,22.1,panivaragu,panivaragu,thinai,43,"['thinai', 'blackgram', 'panivaragu']","[43, 36, 17]"
6.1,19.9,77.9,85.0,55.9,53.5,chowchow,chowchow,chowchow,92,"['chowchow', 'french bean', 'vegetable cowpea']","[92, 2, 2]"
6.5,23.6,80.3,43.8,25.6,29.8,redgram,redgram,redgram,68,"['redgram', 'sunflower', 'castor']","[68, 10, 9]"
7.5,23.4,80.3,82.5,59.5,44.6,cluster bean,cluster bean,cluster bean,72,"['cluster bean', 'cotton', 'peas']","[72, 21, 4]"
6.1,24.2,16.3,36.8,23.8,26.0,thinai,thinai,thinai,55,"['thinai', 'panivaragu', 'varagu']","[55, 15, 15]"
6.2,18.7,62.6,175.5,71.6,76.4,maize,maize,maize,98,"['maize', 'carrot', 'sugarbeet']","[98, 1, 1]"
6.5,23.8,90.0,149.2,41.9,104.8,brinjal,brinjal,brinjal,72,"['brinjal', 'capsicum', 'chillies']","[72, 27, 0]"
7.1,21.8,84.5,66.7,52.9,56.8,cluster bean,cluster bean,cluster bean,97,"['cluster bean', 'chowchow', 'sorghum']","[97, 1, 1]"
6.8,6.8,95.5,116.7,54.1,44.0,cauliflower,cauliflower,cauliflower,100,"['cauliflower', 'radish', 'peas']","[100, 0, 0]"
5.9,22.9,63.9,81.2,45.8,42.4,rice,rice,rice,78,"['rice', 'small onion', 'wheat']","[78, 13, 5]"
5.7,28.8,60.0,48.9,39.1,26.6,bengalgram,bengalgram,bengalgram,94,"['bengalgram', 'cowpea', 'horsegram']","[94, 4, 2]"
5.8,28.4,60.0,53.7,28.1,31.2,bengalgram,bengalgram,bengalgram,96,"['bengalgram', 'cowpea', 'horsegram']","[96, 3, 1]"
7.0,20.0,75.7,113.2,64.4,112.4,tomato,tomato,tomato,98,"['tomato', 'sugarbeet', 'onion']","[98, 1, 0]"
6.7,27.3,84.7,87.0,51.4,43.6,elephant foot yam,elephant foot yam,tinda,47,"['tinda', 'elephant foot yam', 'annual moringa']","[47, 23, 12]"
6.2,12.2,95.7,90.5,40.0,51.3,radish,radish,radish,96,"['radish', 'cauliflower', 'beetroot']","[96, 3, 0]"
6.5,20.0,16.6,44.0,39.7,22.0,kudiraivali,kudiraivali,kudiraivali,99,"['kudiraivali', 'thinai', 'ragi']","[99, 0, 0]"
6.8,34.2,65.4,69.1,42.0,57.4,cucumber,cucumber,cucumber,68,"['cucumber', 'groundnut', 'jute']","[68, 30, 1]"
6.9,23.5,72.9,126.0,77.3,69.5,sugarbeet,sugarbeet,sugarbeet,81,"['sugarbeet', 'maize', 'tomato']","[81, 17, 1]"
5.5,25.9,60.0,51.8,30.7,20.2,bengalgram,bengalgram,bengalgram,95,"['bengalgram', 'cowpea', 'horsegram']","[95, 4, 1]"
6.6,10.7,97.8,109.9,48.7,42.3,cauliflower,cauliflower,cauliflower,99,"['cauliflower', 'radish', 'peas']","[99, 1, 0]"
7.2,27.3,97.4,69.0,43.3,47.3,sorghum,sorghum,sorghum,99,"['sorghum', 'jute', 'tinda']","[99, 0, 0]"
6.7,20.3,79.1,45.4,32.9,35.4,redgram,redgram,redgram,95,"['redgram', 'sunflower', 'soyabean']","[95, 2, 1]"
7.2,28.3,79.1,145.8,59.8,114.2,tomato,tomato,tomato,90,"['tomato', 'chillies', 'sugarcane']","[90, 6, 3]"
6.6,11.4,97.1,88.0,53.3,42.9,cauliflower,cauliflower,cauliflower,59,"['cauliflower', 'radish', 'beetroot']","[59, 40, 0]"
5.7,22.3,17.0,33.4,24.8,24.0,thinai,thinai,thinai,55,"['thinai', 'ragi', 'panivaragu']","[55, 24, 17]"
6.8,25.8,98.7,88.2,47.8,54.5,cauliflower,cauliflower,cauliflower,98,"['cauliflower', 'sorghum', 'sweet potato']","[98, 1, 0]"
5.9,21.9,82.8,73.5,47.0,57.5,french bean,french bean,chowchow,36,"['chowchow', 'vegetable cowpea', 'french bean']","[36, 36, 25]"
6.6,28.3,80.0,76.7,60.0,96.5,ribbed gourd,ribbed gourd,bitter gourd,53,"['bitter gourd', 'ribbed gourd', 'bottle gourd']","[53, 45, 1]"
5.5,24.7,86.4,55.1,38.3,39.8,pearl millet,pearl millet,castor,70,"['castor', 'pearl millet', 'soyabean']","[70, 26, 2]"
6.4,38.1,17.3,33.6,26.3,20.5,panivaragu,panivaragu,panivaragu,95,"['panivaragu', 'blackgram', 'thinai']","[95, 4, 0]"
6.8,26.0,19.3,37.1,24.5,27.2,thinai,thinai,thinai,49,"['thinai', 'ragi', 'panivaragu']","[49, 19, 15]"
6.4,21.8,82.5,76.8,65.0,88.2,bottle gourd,bottle gourd,bottle gourd,83,"['bottle gourd', 'snake gourd', 'bitter gourd']","[83, 16, 1]"
7.2,28.1,60.9,98.2,53.2,50.9,rice,rice,cucumber,75,"['cucumber', 'rice', 'tapoica']","[75, 12, 11]"
6.5,18.6,65.0,57.9,58.5,51.0,groundnut,groundnut,groundnut,96,"['groundnut', 'small onion', 'pumpkin']","[96, 3, 0]"
7.1,33.5,65.9,32.6,23.7,39.9,greengram,greengram,greengram,99,"['greengram', 'horsegram', 'gingely']","[99, 1, 0]"
6.4,22.8,53.5,93.6,54.9,58.8,wheat,wheat,wheat,99,"['wheat', 'rice', 'small onion']","[99, 1, 0]"
6.4,13.5,96.7,88.2,54.0,44.4,radish,radish,radish,93,"['radish', 'cauliflower', 'beetroot']","[93, 7, 0]"
6.9,29.9,83.9,116.4,59.8,71.0,muskmelon,muskmelon,muskmelon,88,"['muskmelon', 'tomato', 'bitter gourd']","[88, 3, 2]"
7.2,20.5,81.7,119.1,59.1,44.6,peas,peas,peas,71,"['peas', 'cotton', 'cluster bean']","[71, 28, 1]"
8.5,26.2,15.1,34.3,27.0,29.1,samai,samai,samai,94,"['samai', 'ragi', 'blackgram']","[94, 6, 0]"
6.6,18.2,83.1,73.8,42.2,72.4,bottle gourd,bottle gourd,bottle gourd,87,"['bottle gourd', 'snake gourd', 'chowchow']","[87, 12, 0]"
6.1,23.9,60.0,41.7,36.1,34.8,bengalgram,bengalgram,bengalgram,97,"['bengalgram', 'cowpea', 'horsegram']","[97, 2, 0]"
7.3,34.7,65.6,30.5,32.3,30.8,greengram,greengram,greengram,100,"['greengram', 'horsegram', 'gingely']","[100, 0, 0]"
6.7,21.1,78.4,51.5,28.2,30.9,redgram,redgram,redgram,93,"['redgram', 'soyabean', 'sunflower']","[93, 4, 2]"
7.9,23.8,78.2,129.8,68.9,79.9,sugarbeet,sugarbeet,sugarbeet,88,"['sugarbeet', 'tomato', 'sugarcane']","[88, 10, 1]"
6.7,20.0,86.3,74.4,41.0,62.0,snake gourd,snake gourd,snake gourd,86,"['snake gourd', 'bottle gourd', 'chowchow']","[86, 9, 3]"
6.7,43.0,94.4,51.9,39.7,35.7,pearl millet,pearl millet,pearl millet,97,"['pearl millet', 'sorghum', 'soyabean']","[97, 1, 1]"
6.6,20.7,15.6,39.3,29.1,24.0,thinai,thinai,thinai,42,"['thinai', 'ragi', 'panivaragu']","[42, 21, 19]"
7.4,28.8,81.8,106.2,78.3,94.9,tomato,tomato,tomato,87,"['tomato', 'muskmelon', 'ribbed gourd']","[87, 5, 4]"
6.8,25.7,61.1,82.5,42.2,75.2,pumpkin,pumpkin,pumpkin,66,"['pumpkin', 'ash gourd', 'cucumber']","[66, 32, 1]"
6.1,22.8,77.9,138.1,68.2,83.1,maize,maize,onion,66,"['onion', 'chillies', 'maize']","[66, 14, 14]"
6.4,23.8,91.4,114.1,83.0,80.8,cabbage,cabbage,cabbage,66,"['cabbage', 'bhendi', 'capsicum']","[66, 28, 4]"
6.2,35.9,79.6,76.0,34.6,43.0,jute,jute,jute,98,"['jute', 'elephant foot yam', 'soyabean']","[98, 1, 1]"
6.4,18.5,90.0,146.5,53.0,91.1,brinjal,brinjal,brinjal,68,"['brinjal', 'capsicum', 'cabbage']","[68, 30, 1]"
6.7,26.4,74.7,190.9,65.8,132.9,sugarcane,sugarcane,sugarcane,99,"['sugarcane', 'chillies', 'maize']","[99, 0, 0]"
6.6,25.9,77.8,50.8,37.9,36.6,redgram,redgram,redgram,87,"['redgram', 'horsegram', 'soyabean']","[87, 6, 5]"
7.1,34.9,84.8,83.4,74.8,88.5,ribbed gourd,ribbed gourd,ribbed gourd,96,"['ribbed gourd', 'muskmelon', 'bitter gourd']","[96, 4, 1]"
6.4,21.8,18.6,34.3,23.7,26.9,thinai,thinai,thinai,58,"['thinai', 'ragi', 'panivaragu']","[58, 20, 19]"
7.0,34.4,84.7,107.6,50.8,90.7,muskmelon,muskmelon,muskmelon,96,"['muskmelon', 'ribbed gourd', 'tomato']","[96, 2, 1]"
8.8,35.9,16.3,37.5,29.1,25.6,samai,samai,samai,100,"['samai', 'blackgram', 'panivaragu']","[100, 0, 0]"
7.1,30.8,61.5,23.3,32.4,22.3,greengram,greengram,greengram,100,"['greengram', 'horsegram', 'blackgram']","[100, 0, 0]"
6.0,19.7,98.5,140.9,93.2,107.0,cabbage,cabbage,cabbage,98,"['cabbage', 'bhendi', 'capsicum']","[98, 1, 1]"
7.0,17.0,74.6,64.4,24.5,21.4,soyabean,soyabean,soyabean,100,"['soyabean', 'pearl millet', 'redgram']","[100, 0, 0]"
5.9,25.8,93.9,144.8,75.6,95.8,capsicum,capsicum,capsicum,68,"['capsicum', 'bhendi', 'cabbage']","[68, 24, 8]"
5.8,42.1,17.9,32.2,27.6,24.2,panivaragu,panivaragu,panivaragu,99,"['panivaragu', 'blackgram', 'thinai']","[99, 1, 0]"
6.0,26.9,53.1,37.8,36.2,21.2,cowpea,cowpea,cowpea,93,"['cowpea', 'varagu', 'thinai']","[93, 3, 1]"
6.2,19.6,90.9,143.6,88.5,97.6,cabbage,cabbage,cabbage,93,"['cabbage', 'capsicum', 'brinjal']","[93, 6, 1]"
8.4,23.1,80.3,95.6,57.4,57.3,cluster bean,cluster bean,cluster bean,85,"['cluster bean', 'cotton', 'rice']","[85, 13, 2]"
6.6,28.9,56.4,90.2,49.0,56.9,tapoica,tapoica,tapoica,97,"['tapoica', 'cucumber', 'rice']","[97, 2, 1]"
6.2,20.3,81.0,127.2,63.2,104.7,onion,onion,onion,95,"['onion', 'tomato', 'maize']","[95, 2, 1]"
5.9,29.8,94.9,38.6,39.2,34.6,gingely,gingely,gingely,98,"['gingely', 'pearl millet', 'castor']","[98, 2, 0]"
7.3,24.3,75.9,110.0,47.4,57.1,cotton,cotton,cotton,62,"['cotton', 'peas', 'annual moringa']","[62, 26, 7]"
5.9,38.5,17.3,39.6,26.9,24.0,panivaragu,panivaragu,panivaragu,99,"['panivaragu', 'blackgram', 'thinai']","[99, 0, 0]"
7.5,25.2,82.3,107.4,55.7,99.2,muskmelon,muskmelon,watermelon,55,"['watermelon', 'tomato', 'muskmelon']","[55, 28, 14]"
6.6,32.3,67.1,64.5,43.0,47.9,cucumber,cucumber,cucumber,71,"['cucumber', 'groundnut', 'jute']","[71, 25, 3]"
7.5,32.1,64.0,20.6,21.9,25.5,greengram,greengram,greengram,100,"['greengram', 'horsegram', 'blackgram']","[100, 0, 0]"
5.9,10.3,80.9,98.5,56.0,44.4,french bean,french bean,french bean,88,"['french bean', 'peas', 'chowchow']","[88, 11, 0]"
6.2,40.0,51.1,58.6,28.4,21.3,horsegram,horsegram,horsegram,98,"['horsegram', 'cowpea', 'panivaragu']","[98, 1, 1]"
7.3,36.5,88.1,83.6,39.6,45.3,jute,jute,jute,98,"['jute', 'annual moringa', 'elephant foot yam']","[98, 1, 0]"
6.2,24.3,90.4,141.6,72.9,107.6,cabbage,cabbage,capsicum,41,"['capsicum', 'cabbage', 'bhendi']","[41, 29, 19]"
5.5,25.1,50.2,93.4,53.1,47.4,tapoica,tapoica,tapoica,98,"['tapoica', 'rice', 'wheat']","[98, 2, 0]"
7.0,31.1,74.8,54.3,36.8,37.6,horsegram,horsegram,horsegram,79,"['horsegram', 'soyabean', 'jute']","[79, 11, 6]"
6.9,22.7,60.0,50.2,32.7,28.2,bengalgram,bengalgram,bengalgram,99,"['bengalgram', 'soyabean', 'horsegram']","[99, 0, 0]"
6.4,20.0,76.7,136.8,74.8,61.5,maize,maize,sugarbeet,68,"['sugarbeet', 'maize', 'onion']","[68, 30, 1]"
6.2,27.0,87.1,68.9,33.0,37.9,jute,jute,soyabean,55,"['soyabean', 'jute', 'castor']","[55, 35, 7]"
6.6,29.1,17.9,23.7,31.4,32.0,blackgram,blackgram,blackgram,99,"['blackgram', 'thinai', 'panivaragu']","[99, 0, 0]"
6.6,25.1,93.3,74.6,40.9,52.2,sorghum,sorghum,sorghum,95,"['sorghum', 'cauliflower', 'bitter gourd']","[95, 3, 0]"
6.9,20.5,93.1,120.6,66.7,92.9,capsicum,capsicum,capsicum,85,"['capsicum', 'brinjal', 'cabbage']","[85, 10, 4]"
6.7,22.3,96.3,119.7,48.6,52.1,cauliflower,cauliflower,cauliflower,99,"['cauliflower', 'sweet potato', 'peas']","[99, 0, 0]"
5.5,20.3,60.0,45.5,29.8,26.2,bengalgram,bengalgram,bengalgram,95,"['bengalgram', 'cowpea', 'kudiraivali']","[95, 4, 1]"
6.3,28.7,51.0,96.5,40.9,46.8,tapoica,tapoica,tapoica,99,"['tapoica', 'rice', 'ash gourd']","[99, 1, 0]"
6.7,26.6,95.9,145.7,94.9,90.9,bhendi,bhendi,bhendi,95,"['bhendi', 'cabbage', 'capsicum']","[95, 4, 0]"
6.5,24.5,95.7,78.1,29.0,33.6,castor,castor,castor,64,"['castor', 'sunflower', 'soyabean']","[64, 30, 5]"
6.7,28.7,64.9,42.6,35.3,24.2,horsegram,horsegram,horsegram,64,"['horsegram', 'bengalgram', 'greengram']","[64, 26, 9]"
8.6,36.0,19.3,34.9,29.8,24.5,samai,samai,samai,100,"['samai', 'blackgram', 'panivaragu']","[100, 0, 0]"
6.5,21.2,77.7,85.3,66.9,95.5,bottle gourd,bottle gourd,bottle gourd,96,"['bottle gourd', 'onion', 'tomato']","[96, 1, 1]"
6.7,27.1,84.6,126.1,58.5,105.7,tomato,tomato,chillies,52,"['chillies', 'tomato', 'brinjal']","[52, 30, 15]"
7.7,24.4,97.0,55.4,29.0,34.2,castor,castor,sunflower,55,"['sunflower', 'castor', 'pearl millet']","[55, 45, 1]"
6.1,24.6,87.4,54.6,37.2,27.6,soyabean,soyabean,castor,37,"['castor', 'pearl millet', 'soyabean']","[37, 31, 29]"
6.6,23.3,87.9,59.4,29.7,25.9,sunflower,sunflower,sunflower,47,"['sunflower', 'castor', 'soyabean']","[47, 25, 23]"
6.4,24.3,55.1,78.2,60.0,74.5,ash gourd,ash gourd,ash gourd,91,"['ash gourd', 'pumpkin', 'bottle gourd']","[91, 9, 0]"
6.8,40.8,65.0,57.9,44.6,41.4,groundnut,groundnut,groundnut,99,"['groundnut', 'cucumber', 'horsegram']","[99, 0, 0]"
6.2,25.6,19.7,35.0,23.6,23.2,varagu,varagu,varagu,76,"['varagu', 'thinai', 'panivaragu']","[76, 13, 5]"
7.6,30.2,84.8,117.9,47.2,45.4,annual moringa,annual moringa,annual moringa,82,"['annual moringa', 'cotton', 'peas']","[82, 15, 3]"
7.4,26.1,83.5,100.7,49.4,79.1,muskmelon,muskmelon,watermelon,64,"['watermelon', 'muskmelon', 'ribbed gourd']","[64, 30, 3]"
6.1,20.1,79.0,140.7,82.2,86.8,maize,maize,maize,63,"['maize', 'onion', 'sugarbeet']","[63, 31, 4]"
6.4,18.1,79.6,121.7,63.8,65.2,sugarbeet,sugarbeet,sugarbeet,89,"['sugarbeet', 'maize', 'onion']","[89, 10, 0]"
6.4,21.3,91.9,125.6,69.5,92.5,capsicum,capsicum,capsicum,45,"['capsicum', 'cabbage', 'bhendi']","[45, 43, 8]"
7.6,22.1,17.8,37.7,38.5,21.7,blackgram,blackgram,blackgram,93,"['blackgram', 'ragi', 'thinai']","[93, 6, 0]"
6.4,21.2,79.7,87.4,56.7,56.1,chowchow,chowchow,chowchow,86,"['chowchow', 'rice', 'vegetable cowpea']","[86, 3, 2]"
6.2,20.8,81.7,104.3,74.0,84.5,onion,onion,onion,86,"['onion', 'brinjal', 'bottle gourd']","[86, 3, 3]"
5.8,10.8,75.8,66.3,55.0,40.5,french bean,french bean,french bean,99,"['french bean', 'chowchow', 'peas']","[99, 0, 0]"
5.7,28.0,77.9,96.5,49.4,49.2,vegetable cowpea,vegetable cowpea,vegetable cowpea,80,"['vegetable cowpea', 'elephant foot yam', 'rice']","[80, 8, 8]"
6.9,18.1,62.5,101.6,71.2,95.1,carrot,carrot,carrot,96,"['carrot', 'pumpkin', 'maize']","[96, 3, 1]"
7.0,26.4,75.4,85.7,48.0,72.8,watermelon,watermelon,watermelon,50,"['watermelon', 'muskmelon', 'ribbed gourd']","[50, 25, 18]"
7.3,23.2,72.8,184.3,91.6,127.3,sugarcane,sugarcane,sugarcane,100,"['sugarcane', 'tomato', 'sugarbeet']","[100, 0, 0]"
6.7,33.9,91.8,20.6,22.0,27.3,gingely,gingely,gingely,100,"['gingely', 'pearl millet', 'soyabean']","[100, 0, 0]"
6.9,24.6,16.1,31.7,22.6,28.2,thinai,thinai,thinai,44,"['thinai', 'blackgram', 'ragi']","[44, 24, 17]"
6.6,22.6,76.9,121.2,64.2,61.1,sugarbeet,sugarbeet,sugarbeet,83,"['sugarbeet', 'maize', 'tomato']","[83, 14, 1]"
6.7,13.2,19.2,39.1,29.7,24.7,ragi,ragi,ragi,60,"['ragi', 'panivaragu', 'thinai']","[60, 39, 0]"
6.2,24.8,82.0,126.6,57.9,97.1,chillies,chillies,chillies,48,"['chillies', 'onion', 'watermelon']","[48, 43, 4]"
6.9,20.5,79.1,57.3,35.1,21.6,redgram,redgram,redgram,83,"['redgram', 'sunflower', 'soyabean']","[83, 10, 6]"
6.7,8.1,95.8,113.3,43.8,44.7,cauliflower,cauliflower,cauliflower,100,"['cauliflower', 'radish', 'peas']","[100, 0, 0]"
6.7,18.9,90.0,114.4,77.6,97.7,brinjal,brinjal,brinjal,73,"['brinjal', 'capsicum', 'cabbage']","[73, 19, 7]"
6.7,30.3,62.8,23.6,23.0,21.8,greengram,greengram,greengram,100,"['greengram', 'panivaragu', 'horsegram']","[100, 0, 0]"
7.5,29.5,78.3,83.0,59.0,44.2,annual moringa,annual moringa,tinda,37,"['tinda', 'annual moringa', 'cotton']","[37, 34, 19]"
8.6,28.6,17.9,38.0,20.1,23.0,samai,samai,samai,99,"['samai', 'blackgram', 'ragi']","[99, 0, 0]"
6.5,19.6,97.2,100.8,40.2,55.5,cauliflower,cauliflower,cauliflower,79,"['cauliflower', 'beetroot', 'radish']","[79, 20, 1]"
8.0,20.9,71.7,120.4,76.9,70.5,sugarbeet,sugarbeet,sugarbeet,100,"['sugarbeet', 'maize', 'tomato']","[100, 0, 0]"
7.0,28.0,54.9,88.3,41.2,42.6,tapoica,tapoica,tapoica,95,"['tapoica', 'cucumber', 'rice']","[95, 4, 1]"
6.9,32.8,16.9,34.8,25.4,26.3,panivaragu,panivaragu,panivaragu,70,"['panivaragu', 'blackgram', 'thinai']","[70, 27, 3]"
7.2,20.0,90.0,135.8,50.9,116.9,brinjal,brinjal,brinjal,91,"['brinjal', 'capsicum', 'tomato']","[91, 8, 1]"
6.5,25.5,80.7,86.3,51.3,66.6,muskmelon,muskmelon,watermelon,50,"['watermelon', 'bitter gourd', 'bottle gourd']","[50, 17, 16]"
5.5,20.4,80.9,80.7,54.1,44.5,chowchow,chowchow,chowchow,53,"['chowchow', 'french bean', 'vegetable cowpea']","[53, 34, 12]"
6.5,21.0,75.5,65.3,40.9,53.7,chowchow,chowchow,chowchow,73,"['chowchow', 'small onion', 'cluster bean']","[73, 18, 4]"
6.3,31.9,83.0,99.6,42.6,42.2,elephant foot yam,elephant foot yam,elephant foot yam,73,"['elephant foot yam', 'jute', 'annual moringa']","[73, 19, 4]"
7.0,36.3,17.2,33.1,29.1,24.7,blackgram,blackgram,blackgram,71,"['blackgram', 'panivaragu', 'thinai']","[71, 28, 0]"
7.1,29.7,79.7,67.4,48.1,48.1,tinda,tinda,tinda,90,"['tinda', 'jute', 'elephant foot yam']","[90, 7, 1]"
8.0,22.4,82.6,41.9,25.6,24.6,castor,castor,sunflower,53,"['sunflower', 'castor', 'pearl millet']","[53, 46, 1]"
6.9,21.8,54.2,95.2,48.4,59.1,wheat,wheat,wheat,99,"['wheat', 'rice', 'small onion']","[99, 1, 0]"
6.0,30.9,83.3,20.7,29.3,25.5,gingely,gingely,gingely,100,"['gingely', 'pearl millet', 'soyabean']","[100, 0, 0]"
6.2,25.4,67.1,131.0,62.9,84.8,maize,maize,maize,86,"['maize', 'chillies', 'sugarbeet']","[86, 6, 3]"
6.7,16.5,71.4,71.2,44.8,50.8,small onion,small onion,small onion,94,"['small onion', 'groundnut', 'peas']","[94, 5, 1]"
7.4,25.3,18.5,39.4,23.7,25.8,ragi,ragi,ragi,73,"['ragi', 'blackgram', 'thinai']","[73, 11, 9]"
7.5,33.4,85.0,105.6,53.9,44.1,annual moringa,annual moringa,annual moringa,84,"['annual moringa', 'cotton', 'peas']","[84, 8, 3]"
7.1,26.4,84.8,96.2,79.6,89.1,ribbed gourd,ribbed gourd,ribbed gourd,55,"['ribbed gourd', 'bitter gourd', 'watermelon']","[55, 31, 4]"
6.5,30.7,73.5,96.7,68.3,67.4,ash gourd,ash gourd,ash gourd,74,"['ash gourd', 'ribbed gourd', 'muskmelon']","[74, 23, 1]"
6.8,17.5,68.1,110.2,65.1,82.1,carrot,carrot,carrot,76,"['carrot', 'sugarbeet', 'tomato']","[76, 21, 2]"
6.6,24.0,87.7,97.7,55.4,44.9,sweet potato,sweet potato,sweet potato,90,"['sweet potato', 'peas', 'cauliflower']","[90, 7, 1]"
6.7,28.5,83.1,87.1,74.5,92.0,bitter gourd,bitter gourd,bitter gourd,63,"['bitter gourd', 'ribbed gourd', 'muskmelon']","[63, 33, 1]"
5.8,17.5,83.7,87.0,56.2,52.1,french bean,french bean,french bean,93,"['french bean', 'chowchow', 'vegetable cowpea']","[93, 6, 0]"
7.7,17.5,73.1,115.1,63.1,79.9,sugarbeet,sugarbeet,sugarbeet,99,"['sugarbeet', 'tomato', 'carrot']","[99, 1, 0]"
8.7,34.7,18.7,38.2,29.6,21.5,samai,samai,samai,100,"['samai', 'blackgram', 'panivaragu']","[100, 0, 0]"
5.9,21.4,76.4,134.0,45.0,99.7,onion,onion,onion,98,"['onion', 'chillies', 'maize']","[98, 1, 0]"
6.2,18.8,98.2,63.5,51.1,44.4,beetroot,beetroot,beetroot,93,"['beetroot', 'sorghum', 'radish']","[93, 5, 2]"
6.9,26.4,90.9,96.7,59.9,90.2,bitter gourd,bitter gourd,bitter gourd,73,"['bitter gourd', 'brinjal', 'capsicum']","[73, 11, 9]"
7.0,23.4,53.0,103.6,54.3,56.1,wheat,wheat,wheat,100,"['wheat', 'rice', 'peas']","[100, 0, 0]"
7.3,33.7,64.9,34.8,22.9,33.9,greengram,greengram,greengram,99,"['greengram', 'horsegram', 'blackgram']","[99, 1, 0]"
6.5,21.3,90.0,133.9,52.0,93.9,brinjal,brinjal,brinjal,75,"['brinjal', 'capsicum', 'cabbage']","[75, 24, 0]"
7.1,21.6,79.3,131.7,49.0,96.5,tomato,tomato,tomato,98,"['tomato', 'onion', 'chillies']","[98, 0, 0]"
6.1,22.2,83.9,84.4,49.9,79.7,bottle gourd,bottle gourd,bottle gourd,66,"['bottle gourd', 'snake gourd', 'watermelon']","[66, 29, 3]"
6.5,26.0,64.5,68.1,46.0,66.5,ash gourd,ash gourd,ash gourd,62,"['ash gourd', 'pumpkin', 'cucumber']","[62, 37, 0]"
6.7,28.3,80.4,83.4,61.8,86.4,ribbed gourd,ribbed gourd,bitter gourd,58,"['bitter gourd', 'ribbed gourd', 'muskmelon']","[58, 36, 3]"
7.3,28.9,82.0,109.4,45.6,73.1,muskmelon,muskmelon,muskmelon,84,"['muskmelon', 'watermelon', 'tomato']","[84, 11, 2]"
6.2,15.3,68.8,91.0,66.7,75.8,carrot,carrot,carrot,98,"['carrot', 'sugarbeet', 'pumpkin']","[98, 1, 1]"
6.7,18.3,99.5,96.8,41.3,45.4,beetroot,beetroot,beetroot,74,"['beetroot', 'cauliflower', 'radish']","[74, 22, 4]"
6.2,28.9,69.0,90.1,52.9,43.3,rice,rice,rice,81,"['rice', 'cucumber', 'jute']","[81, 10, 4]"
7.3,29.9,82.1,91.7,46.3,57.1,tinda,tinda,tinda,40,"['tinda', 'annual moringa', 'cotton']","[40, 37, 11]"
6.5,25.9,76.3,85.1,54.2,62.3,watermelon,watermelon,watermelon,50,"['watermelon', 'bottle gourd', 'ribbed gourd']","[50, 15, 10]"
6.3,19.5,83.4,67.3,40.5,54.2,chowchow,chowchow,chowchow,96,"['chowchow', 'french bean', 'bottle gourd']","[96, 2, 1]"
7.3,34.6,64.7,20.2,20.5,27.4,greengram,greengram,greengram,100,"['greengram', 'horsegram', 'blackgram']","[100, 0, 0]"
6.6,11.7,99.2,84.2,59.8,58.2,radish,radish,radish,55,"['radish', 'cauliflower', 'beetroot']","[55, 44, 0]"
6.8,18.4,77.9,57.2,21.3,29.9,redgram,redgram,redgram,72,"['redgram', 'soyabean', 'pearl millet']","[72, 26, 1]"
6.3,26.7,51.1,81.6,54.0,49.0,tapoica,tapoica,tapoica,99,"['tapoica', 'rice', 'ash gourd']","[99, 0, 0]"
7.1,29.9,83.0,118.0,46.1,57.2,cotton,cotton,annual moringa,74,"['annual moringa', 'cotton', 'peas']","[74, 15, 8]"
6.2,24.7,60.0,49.8,23.9,23.7,bengalgram,bengalgram,bengalgram,97,"['bengalgram', 'cowpea', 'horsegram']","[97, 2, 1]"
6.5,20.6,93.2,74.1,46.3,59.3,sorghum,sorghum,sorghum,84,"['sorghum', 'beetroot', 'cauliflower']","[84, 13, 2]"
6.7,25.3,95.5,116.6,59.5,46.7,cauliflower,cauliflower,cauliflower,93,"['cauliflower', 'sweet potato', 'peas']","[93, 6, 0]"
6.5,20.0,19.1,40.5,20.8,31.5,kudiraivali,kudiraivali,kudiraivali,93,"['kudiraivali', 'ragi', 'panivaragu']","[93, 3, 2]"
5.9,23.8,81.8,163.9,74.9,81.1,maize,maize,maize,94,"['maize', 'onion', 'chillies']","[94, 6, 0]"
6.3,25.0,83.4,43.7,20.1,28.2,pearl millet,pearl millet,pearl millet,50,"['pearl millet', 'castor', 'soyabean']","[50, 32, 13]"
6.2,27.2,83.3,76.1,41.7,59.1,elephant foot yam,elephant foot yam,elephant foot yam,81,"['elephant foot yam', 'vegetable cowpea', 'tinda']","[81, 7, 3]"
5.8,28.8,76.5,87.6,43.6,49.5,vegetable cowpea,vegetable cowpea,vegetable cowpea,78,"['vegetable cowpea', 'rice', 'elephant foot yam']","[78, 10, 8]"
6.0,23.0,85.4,88.7,43.1,57.5,sweet potato,sweet potato,sweet potato,91,"['sweet potato', 'vegetable cowpea', 'chowchow']","[91, 3, 2]"
7.9,29.5,99.4,30.2,23.7,27.3,gingely,gingely,gingely,100,"['gingely', 'castor', 'pearl millet']","[100, 0, 0]"
6.4,30.4,60.3,86.2,43.0,70.5,ash gourd,ash gourd,ash gourd,99,"['ash gourd', 'pumpkin', 'rice']","[99, 1, 0]"
6.8,27.7,84.2,64.8,55.9,48.4,elephant foot yam,elephant foot yam,tinda,54,"['tinda', 'elephant foot yam', 'jute']","[54, 42, 1]"
6.6,21.0,86.5,60.3,20.1,23.2,sunflower,sunflower,sunflower,62,"['sunflower', 'soyabean', 'castor']","[62, 33, 2]"
6.6,27.8,62.3,96.3,47.0,43.7,cucumber,cucumber,cucumber,76,"['cucumber', 'rice', 'tapoica']","[76, 14, 8]"
6.0,26.3,16.4,39.0,20.7,28.2,varagu,varagu,varagu,80,"['varagu', 'thinai', 'ragi']","[80, 12, 4]"
6.1,20.6,99.7,61.9,51.2,56.6,beetroot,beetroot,beetroot,89,"['beetroot', 'sorghum', 'radish']","[89, 11, 0]"
6.5,27.4,52.3,94.5,47.7,47.7,tapoica,tapoica,tapoica,99,"['tapoica', 'cucumber', 'rice']","[99, 0, 0]"
6.7,23.2,77.5,53.3,37.0,25.1,redgram,redgram,redgram,91,"['redgram', 'soyabean', 'sunflower']","[91, 6, 2]"
6.3,28.4,50.1,97.1,47.6,50.4,tapoica,tapoica,tapoica,99,"['tapoica', 'rice', 'ash gourd']","[99, 0, 0]"
6.6,32.8,82.5,111.9,41.7,52.0,annual moringa,annual moringa,annual moringa,94,"['annual moringa', 'elephant foot yam', 'muskmelon']","[94, 3, 1]"
6.3,22.0,90.0,108.2,74.7,82.1,brinjal,brinjal,brinjal,55,"['brinjal', 'cabbage', 'bhendi']","[55, 17, 17]"
6.4,21.9,50.3,116.7,50.1,41.8,wheat,wheat,wheat,100,"['wheat', 'kudiraivali', 'rice']","[100, 0, 0]"
6.4,25.7,79.7,106.9,65.2,109.2,chillies,chillies,chillies,91,"['chillies', 'tomato', 'onion']","[91, 4, 4]"
6.2,19.7,83.7,72.7,51.5,53.3,chowchow,chowchow,chowchow,94,"['chowchow', 'french bean', 'vegetable cowpea']","[94, 3, 1]"
6.1,24.8,68.2,67.9,56.5,41.4,small onion,small onion,small onion,92,"['small onion', 'groundnut', 'cucumber']","[92, 2, 2]"
8.8,27.7,17.7,32.5,23.1,26.4,samai,samai,samai,99,"['samai', 'blackgram', 'ragi']","[99, 1, 0]"
6.5,11.2,98.5,69.8,40.1,50.7,radish,radish,radish,96,"['radish', 'sorghum', 'cauliflower']","[96, 2, 2]"
6.5,21.3,83.6,86.4,52.0,61.1,bottle gourd,bottle gourd,bottle gourd,57,"['bottle gourd', 'chowchow', 'snake gourd']","[57, 18, 12]"
7.1,27.0,81.0,95.6,72.2,98.0,ribbed gourd,ribbed gourd,ribbed gourd,70,"['ribbed gourd', 'bitter gourd', 'tomato']","[70, 15, 7]"
7.4,28.8,76.7,84.8,53.3,45.7,annual moringa,annual moringa,tinda,45,"['tinda', 'annual moringa', 'cotton']","[45, 25, 17]"
6.8,20.9,99.8,73.0,56.1,48.5,beetroot,beetroot,beetroot,88,"['beetroot', 'sorghum', 'cauliflower']","[88, 10, 1]"
7.1,41.7,17.2,33.8,22.0,33.7,blackgram,blackgram,blackgram,96,"['blackgram', 'panivaragu', 'samai']","[96, 3, 0]"
5.9,28.9,76.8,96.8,58.7,58.9,vegetable cowpea,vegetable cowpea,vegetable cowpea,73,"['vegetable cowpea', 'rice', 'elephant foot yam']","[73, 17, 7]"
6.8,21.2,65.0,61.7,59.8,43.1,groundnut,groundnut,groundnut,90,"['groundnut', 'small onion', 'pumpkin']","[90, 9, 0]"
7.0,23.8,77.6,47.4,37.9,29.9,redgram,redgram,redgram,93,"['redgram', 'sunflower', 'soyabean']","[93, 2, 2]"
7.4,22.4,97.1,67.2,55.7,44.5,sorghum,sorghum,sorghum,94,"['sorghum', 'beetroot', 'sunflower']","[94, 5, 0]"
6.3,24.0,87.4,87.9,44.1,88.0,snake gourd,snake gourd,snake gourd,95,"['snake gourd', 'bitter gourd', 'bottle gourd']","[95, 2, 1]"
6.9,36.5,65.0,75.0,54.4,46.9,groundnut,groundnut,groundnut,86,"['groundnut', 'cucumber', 'rice']","[86, 13, 1]"
6.6,20.3,69.0,122.4,71.4,73.2,sugarbeet,sugarbeet,sugarbeet,81,"['sugarbeet', 'maize', 'carrot']","[81, 16, 3]"
6.2,25.2,87.2,77.1,39.9,30.4,castor,castor,jute,37,"['jute', 'soyabean', 'castor']","[37, 36, 24]"
5.8,25.4,17.8,36.2,23.6,29.6,varagu,varagu,varagu,78,"['varagu', 'thinai', 'ragi']","[78, 11, 6]"
6.3,17.0,63.8,109.2,63.8,86.4,carrot,carrot,carrot,99,"['carrot', 'sugarbeet', 'pumpkin']","[99, 1, 0]"
6.1,24.3,87.6,54.7,35.1,21.6,soyabean,soyabean,castor,41,"['castor', 'pearl millet', 'soyabean']","[41, 30, 27]"
7.8,25.6,95.4,41.8,28.0,23.0,castor,castor,castor,79,"['castor', 'sunflower', 'gingely']","[79, 10, 9]"
6.1,23.6,91.8,125.5,64.3,99.4,capsicum,capsicum,cabbage,41,"['cabbage', 'capsicum', 'bhendi']","[41, 32, 24]"
6.6,27.1,80.0,94.7,40.2,47.2,rice,rice,tinda,57,"['tinda', 'annual moringa', 'jute']","[57, 14, 11]"
5.7,18.3,79.7,75.8,45.0,57.6,chowchow,chowchow,chowchow,59,"['chowchow', 'french bean', 'vegetable cowpea']","[59, 36, 3]"
6.5,24.9,96.7,103.3,67.9,114.1,bhendi,bhendi,bhendi,91,"['bhendi', 'cabbage', 'capsicum']","[91, 6, 2]"
7.1,30.5,61.2,95.5,52.4,45.3,cucumber,cucumber,cucumber,81,"['cucumber', 'rice', 'tapoica']","[81, 13, 6]"
6.7,25.9,77.0,85.7,42.3,96.3,muskmelon,muskmelon,watermelon,55,"['watermelon', 'muskmelon', 'ribbed gourd']","[55, 17, 12]"
7.5,34.8,63.6,56.4,37.4,23.8,horsegram,horsegram,horsegram,98,"['horsegram', 'greengram', 'bengalgram']","[98, 1, 0]"
7.0,20.4,91.3,69.5,28.3,37.7,sunflower,sunflower,sunflower,86,"['sunflower', 'soyabean', 'castor']","[86, 10, 2]"
6.6,27.0,78.0,82.8,49.5,97.0,muskmelon,muskmelon,muskmelon,26,"['muskmelon', 'ribbed gourd', 'bitter gourd']","[26, 25, 22]"
6.1,28.6,60.0,47.4,23.8,27.2,bengalgram,bengalgram,bengalgram,91,"['bengalgram', 'horsegram', 'cowpea']","[91, 6, 2]"
7.3,29.9,55.7,42.7,21.2,25.1,horsegram,horsegram,horsegram,96,"['horsegram', 'greengram', 'bengalgram']","[96, 2, 1]"
6.5,16.3,64.2,118.1,70.1,89.3,carrot,carrot,carrot,98,"['carrot', 'sugarbeet', 'maize']","[98, 1, 0]"
6.7,29.5,80.9,87.4,55.7,55.8,annual moringa,annual moringa,tinda,45,"['tinda', 'elephant foot yam', 'annual moringa']","[45, 26, 18]"
6.2,23.8,86.1,83.6,56.5,75.1,snake gourd,snake gourd,snake gourd,95,"['snake gourd', 'bottle gourd', 'bitter gourd']","[95, 2, 1]"
7.4,39.3,17.5,33.4,27.9,32.2,blackgram,blackgram,blackgram,99,"['blackgram', 'panivaragu', 'samai']","[99, 1, 0]"
7.0,24.9,81.4,95.8,58.5,66.8,watermelon,watermelon,watermelon,80,"['watermelon', 'ribbed gourd', 'muskmelon']","[80, 7, 6]"
7.0,25.7,66.6,26.2,34.0,24.8,greengram,greengram,greengram,100,"['greengram', 'horsegram', 'gingely']","[100, 0, 0]"
6.8,29.6,78.3,149.3,44.4,90.0,chillies,chillies,chillies,57,"['chillies', 'tomato', 'muskmelon']","[57, 35, 6]"
6.5,26.6,85.8,84.5,70.4,78.1,snake gourd,snake gourd,snake gourd,55,"['snake gourd', 'bitter gourd', 'bottle gourd']","[55, 40, 3]"
6.5,30.6,82.8,82.6,46.7,32.5,jute,jute,jute,94,"['jute', 'elephant foot yam', 'annual moringa']","[94, 4, 1]"
6.4,30.8,78.9,82.1,46.9,49.8,rice,rice,elephant foot yam,31,"['elephant foot yam', 'rice', 'jute']","[31, 27, 18]"
6.2,20.3,50.6,58.9,35.2,25.6,cowpea,cowpea,cowpea,83,"['cowpea', 'kudiraivali', 'bengalgram']","[83, 13, 3]"
5.6,20.8,50.5,45.2,34.8,30.8,cowpea,cowpea,cowpea,93,"['cowpea', 'kudiraivali', 'bengalgram']","[93, 4, 2]"
7.1,26.5,84.7,117.7,50.6,76.9,muskmelon,muskmelon,watermelon,59,"['watermelon', 'muskmelon', 'tomato']","[59, 35, 3]"
6.3,20.8,60.0,55.3,25.6,20.0,bengalgram,bengalgram,bengalgram,97,"['bengalgram', 'cowpea', 'soyabean']","[97, 2, 0]"
6.4,13.3,98.6,97.5,52.8,47.2,radish,radish,radish,88,"['radish', 'cauliflower', 'beetroot']","[88, 11, 1]"
6.9,20.0,15.6,44.5,33.1,27.8,kudiraivali,kudiraivali,kudiraivali,99,"['kudiraivali', 'ragi', 'thinai']","[99, 0, 0]"
6.6,25.6,78.5,136.7,77.7,106.7,chillies,chillies,chillies,64,"['chillies', 'tomato', 'onion']","[64, 30, 2]"
6.0,26.5,60.0,57.2,36.3,20.1,bengalgram,bengalgram,bengalgram,95,"['bengalgram', 'horsegram', 'cowpea']","[95, 3, 2]"
7.0,27.5,91.7,84.2,74.3,65.9,bitter gourd,bitter gourd,bitter gourd,94,"['bitter gourd', 'snake gourd', 'ribbed gourd']","[94, 6, 0]"
6.5,14.4,97.8,98.6,48.8,44.3,radish,radish,radish,58,"['radish', 'cauliflower', 'beetroot']","[58, 42, 0]"
6.9,29.9,82.5,80.4,59.2,47.2,tinda,tinda,tinda,49,"['tinda', 'elephant foot yam', 'annual moringa']","[49, 29, 13]"
6.4,26.1,96.7,110.2,90.2,100.7,bhendi,bhendi,bhendi,87,"['bhendi', 'cabbage', 'capsicum']","[87, 13, 0]"
6.9,26.3,79.5,98.4,48.8,96.0,muskmelon,muskmelon,watermelon,55,"['watermelon', 'muskmelon', 'bitter gourd']","[55, 24, 9]"
6.3,18.7,17.5,33.6,23.4,28.5,panivaragu,panivaragu,ragi,54,"['ragi', 'panivaragu', 'thinai']","[54, 34, 9]"
7.0,25.9,80.0,51.7,24.1,32.9,redgram,redgram,redgram,86,"['redgram', 'horsegram', 'soyabean']","[86, 5, 5]"
6.0,20.7,68.2,91.5,59.9,45.4,small onion,small onion,small onion,68,"['small onion', 'rice', 'chowchow']","[68, 27, 2]"
6.4,23.6,79.1,67.8,75.0,92.2,bottle gourd,bottle gourd,bottle gourd,83,"['bottle gourd', 'bitter gourd', 'snake gourd']","[83, 11, 2]"
6.6,31.4,91.2,66.2,40.6,43.7,sorghum,sorghum,sorghum,92,"['sorghum', 'jute', 'soyabean']","[92, 7, 1]"
6.3,26.3,18.3,33.4,27.0,22.6,varagu,varagu,varagu,75,"['varagu', 'thinai', 'panivaragu']","[75, 14, 5]"
6.0,34.3,18.1,35.1,21.6,26.9,panivaragu,panivaragu,panivaragu,97,"['panivaragu', 'thinai', 'blackgram']","[97, 2, 1]"
7.3,30.2,84.0,82.9,52.2,62.8,ribbed gourd,ribbed gourd,muskmelon,54,"['muskmelon', 'ribbed gourd', 'tinda']","[54, 37, 2]"
6.5,24.5,72.9,179.7,87.2,88.9,maize,maize,maize,97,"['maize', 'sugarcane', 'sugarbeet']","[97, 2, 1]"
6.1,25.4,96.4,111.5,81.0,98.3,cabbage,cabbage,bhendi,88,"['bhendi', 'cabbage', 'capsicum']","[88, 11, 1]"
7.2,21.9,17.2,31.7,27.4,33.6,blackgram,blackgram,blackgram,94,"['blackgram', 'ragi', 'thinai']","[94, 5, 1]"
7.9,34.2,84.4,38.7,22.2,21.1,gingely,gingely,gingely,99,"['gingely', 'pearl millet', 'horsegram']","[99, 1, 0]"
6.3,25.6,76.6,84.0,56.2,96.5,bottle gourd,bottle gourd,watermelon,58,"['watermelon', 'bottle gourd', 'bitter gourd']","[58, 27, 4]"
6.1,27.7,53.8,46.0,27.4,26.6,cowpea,cowpea,cowpea,79,"['cowpea', 'horsegram', 'bengalgram']","[79, 16, 4]"
6.7,27.3,79.5,56.4,31.6,30.7,redgram,redgram,redgram,83,"['redgram', 'soyabean', 'horsegram']","[83, 9, 6]"
7.4,25.3,87.7,89.8,52.3,50.5,cotton,cotton,cotton,72,"['cotton', 'peas', 'tinda']","[72, 19, 3]"
7.1,33.7,68.8,84.6,48.9,50.0,rice,rice,cucumber,75,"['cucumber', 'rice', 'groundnut']","[75, 21, 1]"
6.5,30.4,91.1,35.7,38.1,39.4,gingely,gingely,gingely,99,"['gingely', 'pearl millet', 'soyabean']","[99, 1, 0]"
5.5,26.9,54.7,52.0,21.6,40.0,cowpea,cowpea,cowpea,93,"['cowpea', 'bengalgram', 'horsegram']","[93, 5, 1]"
6.9,26.3,79.5,60.6,55.8,45.2,tinda,tinda,tinda,91,"['tinda', 'elephant foot yam', 'jute']","[91, 5, 2]"
5.8,26.0,52.3,37.1,37.6,31.3,cowpea,cowpea,cowpea,98,"['cowpea', 'varagu', 'bengalgram']","[98, 1, 0]"
6.5,25.4,18.7,39.6,25.2,22.7,varagu,varagu,varagu,43,"['varagu', 'thinai', 'panivaragu']","[43, 34, 11]"
7.7,24.7,70.6,90.4,57.7,46.2,cotton,cotton,rice,53,"['rice', 'cotton', 'cluster bean']","[53, 40, 3]"
6.8,23.1,71.4,72.3,50.3,57.8,small onion,small onion,small onion,95,"['small onion', 'groundnut', 'cluster bean']","[95, 2, 1]"
6.4,23.8,88.3,109.3,50.8,41.1,sweet potato,sweet potato,sweet potato,100,"['sweet potato', 'peas', 'cauliflower']","[100, 0, 0]"
6.4,32.8,60.7,89.9,44.3,47.1,rice,rice,rice,65,"['rice', 'cucumber', 'tapoica']","[65, 29, 5]"
6.9,27.6,56.5,78.4,56.7,42.5,tapoica,tapoica,tapoica,97,"['tapoica', 'cucumber', 'groundnut']","[97, 3, 0]"
6.3,25.0,89.0,48.4,24.5,29.1,castor,castor,castor,42,"['castor', 'pearl millet', 'soyabean']","[42, 42, 13]"
6.2,30.2,52.3,70.7,49.2,78.0,ash gourd,ash gourd,ash gourd,100,"['ash gourd', 'tapoica', 'pumpkin']","[100, 0, 0]"
6.9,16.3,65.0,59.8,49.3,59.8,groundnut,groundnut,groundnut,99,"['groundnut', 'small onion', 'pumpkin']","[99, 1, 0]"
7.4,36.2,90.5,55.6,36.8,23.7,pearl millet,pearl millet,pearl millet,99,"['pearl millet', 'soyabean', 'gingely']","[99, 1, 0]"
6.7,27.0,87.7,74.4,77.7,81.5,bitter gourd,bitter gourd,bitter gourd,84,"['bitter gourd', 'snake gourd', 'bottle gourd']","[84, 13, 1]"
6.2,24.5,87.0,99.8,41.9,56.2,sweet potato,sweet potato,sweet potato,99,"['sweet potato', 'snake gourd', 'jute']","[99, 0, 0]"
6.4,22.0,85.5,78.2,45.4,89.7,snake gourd,snake gourd,snake gourd,90,"['snake gourd', 'bottle gourd', 'bitter gourd']","[90, 10, 1]"
6.7,25.1,98.0,134.0,92.9,82.1,bhendi,bhendi,bhendi,97,"['bhendi', 'cabbage', 'capsicum']","[97, 3, 0]"
6.9,12.0,65.0,63.8,46.7,47.8,groundnut,groundnut,groundnut,99,"['groundnut', 'small onion', 'peas']","[99, 1, 0]"
5.8,20.0,19.1,43.6,34.4,36.8,kudiraivali,kudiraivali,kudiraivali,99,"['kudiraivali', 'cowpea', 'ragi']","[99, 1, 0]"
6.8,25.9,60.3,75.1,51.4,58.6,cucumber,cucumber,cucumber,64,"['cucumber', 'tapoica', 'groundnut']","[64, 23, 10]"
6.2,20.5,18.8,35.2,28.9,25.7,panivaragu,panivaragu,thinai,51,"['thinai', 'ragi', 'panivaragu']","[51, 23, 21]"
6.4,26.4,53.9,61.6,51.8,93.2,ash gourd,ash gourd,ash gourd,96,"['ash gourd', 'pumpkin', 'tapoica']","[96, 4, 0]"
5.8,27.6,83.5,64.7,41.1,55.1,vegetable cowpea,vegetable cowpea,vegetable cowpea,58,"['vegetable cowpea', 'elephant foot yam', 'french bean']","[58, 38, 4]"
6.4,26.0,66.0,65.6,65.0,61.1,pumpkin,pumpkin,ash gourd,61,"['ash gourd', 'pumpkin', 'bottle gourd']","[61, 37, 1]"
7.0,24.8,19.7,32.8,28.4,23.1,ragi,ragi,thinai,53,"['thinai', 'ragi', 'panivaragu']","[53, 24, 13]"
5.6,29.0,16.4,34.7,21.5,26.7,thinai,thinai,thinai,52,"['thinai', 'panivaragu', 'varagu']","[52, 25, 19]"
7.0,28.7,82.6,95.5,49.0,84.1,muskmelon,muskmelon,muskmelon,48,"['muskmelon', 'ribbed gourd', 'bitter gourd']","[48, 23, 21]"
6.7,38.9,63.6,99.2,51.9,42.3,rice,rice,rice,77,"['rice', 'cucumber', 'groundnut']","[77, 21, 1]"
5.5,16.0,90.7,123.3,70.1,94.5,capsicum,capsicum,capsicum,74,"['capsicum', 'cabbage', 'brinjal']","[74, 26, 0]"
6.6,28.4,90.0,111.6,73.7,90.8,brinjal,brinjal,brinjal,78,"['brinjal', 'capsicum', 'bitter gourd']","[78, 19, 2]"
7.9,16.4,66.2,114.2,62.8,68.0,sugarbeet,sugarbeet,sugarbeet,99,"['sugarbeet', 'carrot', 'maize']","[99, 1, 0]"
7.8,17.8,19.7,34.4,29.5,22.4,ragi,ragi,ragi,100,"['ragi', 'panivaragu', 'blackgram']","[100, 0, 0]"
6.1,23.7,86.2,61.5,37.3,37.4,soyabean,soyabean,soyabean,55,"['soyabean', 'castor', 'pearl millet']","[55, 34, 4]"
6.5,25.7,77.4,92.6,52.8,50.4,tinda,tinda,tinda,53,"['tinda', 'annual moringa', 'rice']","[53, 14, 9]"
6.1,17.1,74.8,144.6,73.9,68.9,sugarbeet,sugarbeet,sugarbeet,85,"['sugarbeet', 'maize', 'carrot']","[85, 15, 0]"
6.6,28.1,60.3,26.9,35.4,26.2,greengram,greengram,greengram,100,"['greengram', 'bengalgram', 'thinai']","[100, 0, 0]"
6.3,28.7,54.0,33.5,38.9,21.7,cowpea,cowpea,cowpea,95,"['cowpea', 'thinai', 'panivaragu']","[95, 1, 1]"
5.7,30.6,90.7,37.4,27.2,29.7,gingely,gingely,gingely,97,"['gingely', 'pearl millet', 'castor']","[97, 2, 0]"
6.0,23.5,51.6,32.2,23.5,37.1,cowpea,cowpea,cowpea,97,"['cowpea', 'thinai', 'panivaragu']","[97, 2, 1]"
7.1,26.9,94.3,65.3,57.3,51.3,sorghum,sorghum,sorghum,99,"['sorghum', 'tinda', 'bitter gourd']","[99, 0, 0]"
6.8,20.3,84.2,55.5,37.5,24.8,soyabean,soyabean,sunflower,51,"['sunflower', 'redgram', 'soyabean']","[51, 23, 14]"
6.7,29.4,64.2,28.6,33.1,29.5,greengram,greengram,greengram,100,"['greengram', 'horsegram', 'bengalgram']","[100, 0, 0]"
7.2,39.9,17.3,25.6,28.7,39.9,blackgram,blackgram,blackgram,100,"['blackgram', 'samai', 'panivaragu']","[100, 0, 0]"
6.7,12.2,15.3,38.6,28.6,20.1,panivaragu,panivaragu,panivaragu,50,"['panivaragu', 'ragi', 'thinai']","[50, 50, 0]"
6.3,22.5,54.1,109.3,53.6,56.0,wheat,wheat,wheat,100,"['wheat', 'rice', 'maize']","[100, 0, 0]"
6.9,29.0,90.3,35.7,33.4,27.2,gingely,gingely,gingely,99,"['gingely', 'pearl millet', 'soyabean']","[99, 1, 0]"
6.4,23.3,84.0,105.3,41.1,81.4,onion,onion,onion,52,"['onion', 'watermelon', 'brinjal']","[52, 18, 14]"
5.4,25.4,51.9,41.0,36.5,29.0,cowpea,cowpea,cowpea,99,"['cowpea', 'bengalgram', 'varagu']","[99, 1, 0]"
6.6,15.0,97.3,88.3,58.8,43.7,cauliflower,cauliflower,radish,51,"['radish', 'cauliflower', 'beetroot']","[51, 48, 1]"
8.7,39.3,15.8,39.8,28.4,28.4,samai,samai,samai,100,"['samai', 'blackgram', 'panivaragu']","[100, 0, 0]"
6.7,14.4,81.8,94.1,56.0,50.5,peas,peas,peas,99,"['peas', 'french bean', 'chowchow']","[99, 0, 0]"
6.5,22.7,89.7,92.6,55.1,48.9,sweet potato,sweet potato,sweet potato,96,"['sweet potato', 'peas', 'cauliflower']","[96, 2, 1]"
6.1,21.0,77.5,77.6,49.8,69.6,bottle gourd,bottle gourd,bottle gourd,97,"['bottle gourd', 'snake gourd', 'chowchow']","[97, 1, 1]"
6.0,30.6,65.3,41.1,25.8,31.2,horsegram,horsegram,horsegram,83,"['horsegram', 'bengalgram', 'greengram']","[83, 9, 7]"
5.5,25.7,18.4,36.0,22.1,23.6,varagu,varagu,varagu,76,"['varagu', 'thinai', 'ragi']","[76, 10, 10]"
7.0,28.8,90.0,143.2,42.8,105.7,brinjal,brinjal,brinjal,87,"['brinjal', 'capsicum', 'tomato']","[87, 12, 1]"
6.7,18.2,63.3,122.9,74.7,71.3,maize,maize,sugarbeet,42,"['sugarbeet', 'carrot', 'maize']","[42, 32, 26]"
6.3,26.0,97.2,129.4,62.3,117.3,cabbage,cabbage,bhendi,79,"['bhendi', 'cabbage', 'capsicum']","[79, 12, 9]"
6.7,11.1,16.5,38.7,22.9,24.6,panivaragu,panivaragu,ragi,54,"['ragi', 'panivaragu', 'thinai']","[54, 46, 0]"
6.2,28.0,83.8,134.1,58.7,116.6,chillies,chillies,chillies,97,"['chillies', 'tomato', 'onion']","[97, 2, 0]"
6.9,20.0,18.6,58.7,39.8,33.3,kudiraivali,kudiraivali,kudiraivali,100,"['kudiraivali', 'blackgram', 'bengalgram']","[100, 0, 0]"
6.3,24.7,91.1,64.8,25.9,23.6,soyabean,soyabean,castor,63,"['castor', 'soyabean', 'sunflower']","[63, 29, 6]"
6.2,20.9,60.6,89.8,63.3,98.4,pumpkin,pumpkin,pumpkin,94,"['pumpkin', 'carrot', 'ash gourd']","[94, 4, 2]"
7.8,22.8,80.1,77.8,28.0,27.1,sunflower,sunflower,sunflower,62,"['sunflower', 'castor', 'soyabean']","[62, 37, 1]"
6.6,23.2,91.8,50.5,37.7,32.9,sunflower,sunflower,sunflower,54,"['sunflower', 'castor', 'pearl millet']","[54, 29, 11]"
7.6,18.1,18.6,38.0,24.3,23.5,ragi,ragi,ragi,99,"['ragi', 'panivaragu', 'blackgram']","[99, 0, 0]"
6.2,25.3,60.0,43.7,33.3,36.3,bengalgram,bengalgram,bengalgram,91,"['bengalgram', 'horsegram', 'cowpea']","[91, 5, 3]"
6.6,27.5,79.3,41.0,37.2,27.4,redgram,redgram,redgram,89,"['redgram', 'horsegram', 'soyabean']","[89, 8, 2]"
8.9,28.7,15.9,39.7,29.6,28.2,samai,samai,samai,100,"['samai', 'ragi', 'blackgram']","[100, 0, 0]"
7.6,21.6,79.9,107.0,58.5,43.7,cotton,cotton,cotton,85,"['cotton', 'peas', 'cluster bean']","[85, 10, 5]"
5.9,25.8,54.4,38.5,37.0,23.4,cowpea,cowpea,cowpea,95,"['cowpea', 'varagu', 'thinai']","[95, 3, 1]"
7.2,33.1,96.3,21.8,30.5,37.7,gingely,gingely,gingely,100,"['gingely', 'pearl millet', 'castor']","[100, 0, 0]"
7.2,24.5,82.4,115.8,56.8,119.8,tomato,tomato,tomato,85,"['tomato', 'watermelon', 'chillies']","[85, 10, 4]"
6.6,27.0,59.3,67.7,45.5,53.7,tapoica,tapoica,tapoica,89,"['tapoica', 'cucumber', 'groundnut']","[89, 9, 1]"
7.0,41.6,17.2,30.3,34.9,25.4,blackgram,blackgram,blackgram,97,"['blackgram', 'panivaragu', 'samai']","[97, 3, 0]"
6.6,17.0,69.8,87.4,84.3,95.1,carrot,carrot,carrot,99,"['carrot', 'pumpkin', 'sugarbeet']","[99, 1, 0]"
6.7,27.2,80.0,95.6,41.9,74.2,bitter gourd,bitter gourd,muskmelon,34,"['muskmelon', 'bitter gourd', 'ribbed gourd']","[34, 30, 17]"
6.0,25.3,17.4,31.8,21.2,23.3,varagu,varagu,varagu,78,"['varagu', 'thinai', 'ragi']","[78, 13, 5]"
6.6,18.9,85.6,61.4,62.2,77.1,snake gourd,snake gourd,snake gourd,90,"['snake gourd', 'bottle gourd', 'bitter gourd']","[90, 10, 0]"
6.7,21.1,69.6,76.8,51.1,53.8,small onion,small onion,small onion,91,"['small onion', 'groundnut', 'rice']","[91, 6, 1]"
7.2,25.8,90.0,115.6,52.1,89.0,brinjal,brinjal,brinjal,93,"['brinjal', 'capsicum', 'watermelon']","[93, 5, 1]"
8.8,29.0,15.6,36.3,29.4,29.0,samai,samai,samai,100,"['samai', 'ragi', 'blackgram']","[100, 0, 0]"
6.2,20.8,87.6,75.8,73.5,62.1,snake gourd,snake gourd,snake gourd,98,"['snake gourd', 'bottle gourd', 'bitter gourd']","[98, 2, 0]"
6.8,14.0,99.2,98.4,52.0,46.0,radish,radish,cauliflower,63,"['cauliflower', 'radish', 'beetroot']","[63, 36, 1]"
8.0,20.8,92.9,66.4,26.9,34.0,sunflower,sunflower,sunflower,91,"['sunflower', 'castor', 'pearl millet']","[91, 8, 0]"
5.9,21.6,78.9,98.5,56.0,50.3,chowchow,chowchow,chowchow,40,"['chowchow', 'vegetable cowpea', 'french bean']","[40, 36, 18]"
6.5,28.9,82.0,69.6,45.5,47.3,tinda,tinda,elephant foot yam,54,"['elephant foot yam', 'tinda', 'jute']","[54, 38, 6]"
7.8,24.9,77.0,177.3,71.2,134.9,sugarcane,sugarcane,sugarcane,100,"['sugarcane', 'tomato', 'sugarbeet']","[100, 0, 0]"
5.8,25.3,96.1,26.7,24.2,23.9,gingely,gingely,gingely,100,"['gingely', 'castor', 'pearl millet']","[100, 0, 0]"
6.6,26.5,17.6,35.4,26.6,38.6,blackgram,blackgram,blackgram,81,"['blackgram', 'thinai', 'varagu']","[81, 9, 3]"
6.8,23.7,78.8,50.8,33.2,30.6,redgram,redgram,redgram,93,"['redgram', 'soyabean', 'sunflower']","[93, 4, 2]"
6.7,17.7,74.7,94.4,54.5,45.5,small onion,small onion,small onion,60,"['small onion', 'peas', 'chowchow']","[60, 39, 0]"
7.2,23.3,81.2,89.2,51.7,45.1,cluster bean,cluster bean,cluster bean,66,"['cluster bean', 'cotton', 'peas']","[66, 23, 9]"
5.4,32.3,80.0,91.4,41.0,44.3,rice,rice,rice,62,"['rice', 'elephant foot yam', 'vegetable cowpea']","[62, 35, 2]"
6.6,26.2,84.4,62.6,62.1,80.1,ribbed gourd,ribbed gourd,bitter gourd,54,"['bitter gourd', 'bottle gourd', 'ribbed gourd']","[54, 22, 18]"
6.0,24.3,76.8,130.7,74.8,83.6,maize,maize,onion,53,"['onion', 'chillies', 'maize']","[53, 26, 17]"
5.8,20.0,15.7,57.6,30.1,31.0,kudiraivali,kudiraivali,kudiraivali,100,"['kudiraivali', 'thinai', 'ragi']","[100, 0, 0]"
5.5,22.7,90.2,53.0,20.7,34.0,castor,castor,castor,86,"['castor', 'pearl millet', 'soyabean']","[86, 13, 1]"
6.7,31.0,92.2,52.5,37.6,35.8,pearl millet,pearl millet,pearl millet,82,"['pearl millet', 'soyabean', 'gingely']","[82, 15, 1]"
5.3,26.6,53.5,48.0,38.3,34.6,cowpea,cowpea,cowpea,99,"['cowpea', 'bengalgram', 'horsegram']","[99, 1, 0]"
7.8,26.6,71.7,163.2,94.9,145.8,sugarcane,sugarcane,sugarcane,100,"['sugarcane', 'maize', 'tomato']","[100, 0, 0]"
6.5,34.7,80.1,62.2,48.4,39.4,jute,jute,jute,77,"['jute', 'elephant foot yam', 'soyabean']","[77, 21, 1]"
7.6,33.1,61.6,88.3,46.6,46.2,rice,rice,cucumber,50,"['cucumber', 'rice', 'tapoica']","[50, 49, 0]"
7.0,29.4,63.5,73.8,58.3,56.0,cucumber,cucumber,cucumber,91,"['cucumber', 'groundnut', 'tapoica']","[91, 5, 3]"
5.5,24.0,18.1,39.1,24.4,23.2,thinai,thinai,thinai,40,"['thinai', 'ragi', 'varagu']","[40, 30, 17]"
6.2,30.3,73.0,65.6,59.1,71.6,ash gourd,ash gourd,ash gourd,81,"['ash gourd', 'ribbed gourd', 'bottle gourd']","[81, 18, 0]"
6.3,26.8,67.6,86.9,54.6,85.5,pumpkin,pumpkin,ash gourd,69,"['ash gourd', 'pumpkin', 'watermelon']","[69, 30, 0]"
7.4,25.6,83.2,62.4,33.3,25.1,castor,castor,castor,55,"['castor', 'sunflower', 'jute']","[55, 21, 7]"
5.7,25.9,19.2,38.0,24.1,28.2,varagu,varagu,varagu,78,"['varagu', 'thinai', 'ragi']","[78, 11, 6]"
6.1,31.7,57.3,55.9,22.6,32.6,horsegram,horsegram,horsegram,73,"['horsegram', 'cowpea', 'bengalgram']","[73, 20, 7]"
6.4,27.3,50.2,76.5,53.1,41.8,tapoica,tapoica,tapoica,100,"['tapoica', 'ash gourd', 'cucumber']","[100, 0, 0]"
6.7,30.3,64.8,60.6,50.1,81.9,ash gourd,ash gourd,ash gourd,96,"['ash gourd', 'pumpkin', 'cucumber']","[96, 3, 0]"
5.9,24.1,87.1,59.2,35.9,23.8,castor,castor,castor,62,"['castor', 'pearl millet', 'soyabean']","[62, 29, 8]"
7.5,26.4,79.2,86.1,41.5,64.3,watermelon,watermelon,watermelon,63,"['watermelon', 'muskmelon', 'ribbed gourd']","[63, 21, 11]"
7.7,26.8,79.8,197.0,75.3,135.3,sugarcane,sugarcane,sugarcane,99,"['sugarcane', 'tomato', 'chillies']","[99, 1, 0]"
7.0,35.3,17.8,24.7,21.3,35.8,blackgram,blackgram,blackgram,99,"['blackgram', 'panivaragu', 'greengram']","[99, 1, 0]"
6.3,23.5,76.9,117.7,48.7,117.2,chillies,chillies,onion,69,"['onion', 'chillies', 'tomato']","[69, 29, 2]"
7.9,22.6,78.6,154.8,87.9,137.8,sugarcane,sugarcane,sugarcane,100,"['sugarcane', 'tomato', 'sugarbeet']","[100, 0, 0]"
6.9,27.8,87.8,62.9,41.6,66.3,bitter gourd,bitter gourd,bitter gourd,96,"['bitter gourd', 'ribbed gourd', 'snake gourd']","[96, 3, 1]"
6.3,22.5,83.8,104.6,54.2,105.0,onion,onion,onion,73,"['onion', 'brinjal', 'chillies']","[73, 14, 8]"
6.6,36.6,65.0,57.5,54.3,50.2,groundnut,groundnut,groundnut,99,"['groundnut', 'cucumber', 'horsegram']","[99, 0, 0]"
6.3,21.3,55.7,93.8,40.1,54.5,wheat,wheat,wheat,99,"['wheat', 'rice', 'small onion']","[99, 1, 0]"
6.8,34.4,82.0,117.1,51.1,75.0,muskmelon,muskmelon,muskmelon,98,"['muskmelon', 'ribbed gourd', 'annual moringa']","[98, 1, 0]"
8.1,21.7,75.9,85.1,55.8,59.9,cluster bean,cluster bean,cluster bean,80,"['cluster bean', 'cotton', 'rice']","[80, 14, 4]"
5.9,25.5,84.2,99.2,44.8,49.3,elephant foot yam,elephant foot yam,vegetable cowpea,38,"['vegetable cowpea', 'sweet potato', 'elephant foot yam']","[38, 24, 19]"
6.9,22.8,58.9,109.8,50.7,51.3,wheat,wheat,wheat,100,"['wheat', 'rice', 'peas']","[100, 0, 0]"
6.5,21.2,75.3,95.0,55.0,40.9,chowchow,chowchow,small onion,33,"['small onion', 'chowchow', 'peas']","[33, 27, 18]"
6.8,18.3,78.0,67.4,31.2,29.5,soyabean,soyabean,soyabean,84,"['soyabean', 'redgram', 'sunflower']","[84, 15, 1]"
7.8,15.1,71.8,103.8,76.5,75.2,sugarbeet,sugarbeet,sugarbeet,100,"['sugarbeet', 'carrot', 'tomato']","[100, 0, 0]"
5.8,22.8,81.5,82.1,53.6,56.0,french bean,french bean,vegetable cowpea,56,"['vegetable cowpea', 'french bean', 'chowchow']","[56, 29, 11]"
6.0,23.9,60.0,52.1,38.1,33.7,bengalgram,bengalgram,bengalgram,98,"['bengalgram', 'cowpea', 'soyabean']","[98, 2, 0]"
7.1,24.4,84.1,84.9,43.6,96.2,watermelon,watermelon,watermelon,91,"['watermelon', 'ribbed gourd', 'muskmelon']","[91, 3, 3]"
5.7,22.8,53.1,40.8,22.6,23.5,cowpea,cowpea,cowpea,93,"['cowpea', 'bengalgram', 'thinai']","[93, 4, 2]"
6.0,25.2,77.1,113.8,51.1,83.2,chillies,chillies,watermelon,59,"['watermelon', 'chillies', 'onion']","[59, 29, 9]"
7.4,23.9,82.1,78.5,27.1,29.5,castor,castor,sunflower,63,"['sunflower', 'castor', 'soyabean']","[63, 33, 3]"
6.0,32.7,81.6,20.2,37.6,26.9,gingely,gingely,gingely,100,"['gingely', 'pearl millet', 'soyabean']","[100, 0, 0]"
5.6,26.0,50.2,72.3,49.9,57.3,tapoica,tapoica,tapoica,99,"['tapoica', 'ash gourd', 'cowpea']","[99, 0, 0]"
6.4,21.8,60.0,48.3,36.7,30.1,bengalgram,bengalgram,bengalgram,97,"['bengalgram', 'cowpea', 'soyabean']","[97, 2, 0]"
6.7,25.5,98.6,123.9,60.5,94.5,bhendi,bhendi,bhendi,95,"['bhendi', 'cabbage', 'capsicum']","[95, 3, 2]"
7.8,26.5,71.0,168.3,61.6,144.0,sugarcane,sugarcane,sugarcane,100,"['sugarcane', 'tomato', 'sugarbeet']","[100, 0, 0]"
6.6,23.4,60.0,47.7,35.3,21.8,bengalgram,bengalgram,bengalgram,99,"['bengalgram', 'cowpea', 'horsegram']","[99, 0, 0]"
6.7,40.0,65.0,75.5,59.7,48.9,groundnut,groundnut,groundnut,98,"['groundnut', 'cucumber', 'rice']","[98, 2, 0]"
9.0,38.0,19.8,37.7,27.5,21.5,samai,samai,samai,100,"['samai', 'blackgram', 'panivaragu']","[100, 0, 0]"
8.3,24.7,87.6,78.5,37.8,38.9,castor,castor,castor,81,"['castor', 'sunflower', 'cluster bean']","[81, 16, 2]"
5.8,20.0,20.0,53.0,30.5,35.2,kudiraivali,kudiraivali,kudiraivali,67,"['kudiraivali', 'cowpea', 'bengalgram']","[67, 31, 2]"
6.6,33.3,65.0,66.6,58.5,43.1,groundnut,groundnut,groundnut,76,"['groundnut', 'cucumber', 'tapoica']","[76, 24, 0]"
6.6,24.0,75.9,104.3,54.0,112.2,chillies,chillies,chillies,50,"['chillies', 'tomato', 'onion']","[50, 35, 7]"
6.8,29.5,60.0,57.0,27.6,30.0,bengalgram,bengalgram,bengalgram,84,"['bengalgram', 'horsegram', 'cowpea']","[84, 15, 0]"
8.8,27.9,15.5,32.1,27.9,28.5,samai,samai,samai,100,"['samai', 'ragi', 'blackgram']","[100, 0, 0]"
6.6,31.5,83.3,77.3,46.1,98.1,ribbed gourd,ribbed gourd,ribbed gourd,87,"['ribbed gourd', 'bitter gourd', 'muskmelon']","[87, 8, 4]"
5.9,20.0,77.3,132.9,58.8,119.5,onion,onion,onion,98,"['onion', 'chillies', 'tomato']","[98, 1, 0]"
7.5,32.7,82.5,103.0,57.4,46.3,annual moringa,annual moringa,annual moringa,94,"['annual moringa', 'cotton', 'tinda']","[94, 2, 1]"
6.2,26.7,15.9,32.6,24.0,21.0,varagu,varagu,varagu,79,"['varagu', 'thinai', 'panivaragu']","[79, 13, 5]"
6.1,28.7,77.5,100.7,77.3,105.6,chillies,chillies,chillies,98,"['chillies', 'tomato', 'ash gourd']","[98, 1, 0]"
6.4,25.2,18.7,30.5,24.0,28.5,thinai,thinai,varagu,58,"['varagu', 'thinai', 'panivaragu']","[58, 20, 8]"
6.9,21.8,15.1,37.5,24.5,23.5,thinai,thinai,thinai,47,"['thinai', 'panivaragu', 'ragi']","[47, 25, 25]"
6.9,29.1,87.9,73.0,67.7,86.9,bitter gourd,bitter gourd,bitter gourd,95,"['bitter gourd', 'ribbed gourd', 'snake gourd']","[95, 4, 1]"
6.0,16.4,90.8,55.9,31.9,32.1,pearl millet,pearl millet,pearl millet,80,"['pearl millet', 'soyabean', 'sorghum']","[80, 20, 0]"
7.3,22.9,87.5,74.1,38.0,27.8,sunflower,sunflower,sunflower,76,"['sunflower', 'castor', 'soyabean']","[76, 22, 1]"
7.4,17.4,69.8,132.2,75.2,69.2,sugarbeet,sugarbeet,sugarbeet,99,"['sugarbeet', 'carrot', 'maize']","[99, 1, 0]"
7.4,27.0,85.5,25.1,26.1,22.9,gingely,gingely,gingely,100,"['gingely', 'pearl millet', 'castor']","[100, 0, 0]"
6.1,19.4,87.7,86.5,74.2,88.0,snake gourd,snake gourd,snake gourd,98,"['snake gourd', 'bottle gourd', 'cabbage']","[98, 1, 0]"
6.1,27.1,89.4,49.5,22.2,33.8,pearl millet,pearl millet,pearl millet,71,"['pearl millet', 'soyabean', 'castor']","[71, 20, 6]"
8.9,36.9,16.2,39.3,26.1,29.6,samai,samai,samai,100,"['samai', 'blackgram', 'panivaragu']","[100, 0, 0]"
6.0,25.9,58.8,86.3,51.3,55.0,tapoica,tapoica,tapoica,97,"['tapoica', 'rice', 'wheat']","[97, 2, 0]"
6.6,29.0,79.5,52.3,33.5,39.4,soyabean,soyabean,redgram,85,"['redgram', 'horsegram', 'soyabean']","[85, 7, 6]"
6.3,34.8,82.6,89.1,57.4,48.6,elephant foot yam,elephant foot yam,elephant foot yam,92,"['elephant foot yam', 'jute', 'rice']","[92, 3, 2]"
6.7,28.6,84.3,70.3,64.0,82.6,bitter gourd,bitter gourd,bitter gourd,71,"['bitter gourd', 'ribbed gourd', 'bottle gourd']","[71, 27, 2]"
6.1,20.6,60.4,74.7,67.9,76.6,pumpkin,pumpkin,pumpkin,98,"['pumpkin', 'ash gourd', 'carrot']","[98, 1, 0]"
7.0,43.7,82.8,58.6,21.3,29.2,pearl millet,pearl millet,pearl millet,96,"['pearl millet', 'horsegram', 'soyabean']","[96, 3, 1]"
6.8,25.6,84.2,92.4,50.7,73.5,muskmelon,muskmelon,watermelon,45,"['watermelon', 'bitter gourd', 'muskmelon']","[45, 25, 14]"
6.6,26.3,95.5,122.2,90.8,115.0,bhendi,bhendi,bhendi,94,"['bhendi', 'cabbage', 'capsicum']","[94, 5, 1]"
6.9,30.3,65.8,60.8,56.4,42.7,cucumber,cucumber,cucumber,70,"['cucumber', 'groundnut', 'jute']","[70, 28, 1]"
6.0,24.1,75.3,118.8,69.4,99.5,chillies,chillies,onion,68,"['onion', 'chillies', 'maize']","[68, 28, 1]"
6.8,26.6,96.2,119.7,84.1,114.5,bhendi,bhendi,bhendi,94,"['bhendi', 'cabbage', 'capsicum']","[94, 4, 2]"
6.8,22.9,17.2,33.6,21.3,25.6,panivaragu,panivaragu,thinai,53,"['thinai', 'ragi', 'panivaragu']","[53, 19, 15]"
7.3,28.3,78.2,64.0,58.4,58.2,tinda,tinda,tinda,89,"['tinda', 'ribbed gourd', 'jute']","[89, 8, 1]"
7.2,24.1,83.8,92.1,50.6,48.5,cluster bean,cluster bean,cluster bean,55,"['cluster bean', 'cotton', 'peas']","[55, 31, 10]"
6.0,20.0,80.2,72.2,48.1,48.7,chowchow,chowchow,chowchow,83,"['chowchow', 'french bean', 'vegetable cowpea']","[83, 9, 7]"
6.9,28.8,79.4,44.2,20.1,32.1,redgram,redgram,redgram,88,"['redgram', 'horsegram', 'soyabean']","[88, 9, 2]"
5.5,24.2,17.7,38.9,27.2,26.2,thinai,thinai,thinai,37,"['thinai', 'ragi', 'varagu']","[37, 33, 19]"
6.4,28.6,76.8,50.8,26.9,26.6,horsegram,horsegram,horsegram,34,"['horsegram', 'soyabean', 'redgram']","[34, 33, 30]"
6.7,29.1,81.7,110.8,43.9,55.5,peas,peas,annual moringa,72,"['annual moringa', 'peas', 'cotton']","[72, 19, 3]"
6.8,30.9,78.1,55.7,27.2,36.5,soyabean,soyabean,horsegram,45,"['horsegram', 'redgram', 'soyabean']","[45, 28, 23]"
8.3,23.1,80.7,95.0,44.2,52.3,cluster bean,cluster bean,cluster bean,92,"['cluster bean', 'cotton', 'rice']","[92, 7, 0]"
6.1,23.5,76.3,82.4,60.8,99.3,bottle gourd,bottle gourd,bottle gourd,87,"['bottle gourd', 'watermelon', 'chillies']","[87, 4, 3]"
7.2,25.8,81.5,73.4,67.6,71.2,ribbed gourd,ribbed gourd,ribbed gourd,87,"['ribbed gourd', 'bitter gourd', 'bottle gourd']","[87, 11, 1]"
5.6,20.0,83.0,69.0,55.9,53.4,chowchow,chowchow,chowchow,50,"['chowchow', 'french bean', 'vegetable cowpea']","[50, 34, 15]"
5.5,20.0,19.5,55.1,32.6,23.9,kudiraivali,kudiraivali,kudiraivali,98,"['kudiraivali', 'cowpea', 'ragi']","[98, 1, 0]"
7.0,38.1,78.6,59.0,30.0,37.6,horsegram,horsegram,horsegram,86,"['horsegram', 'pearl millet', 'jute']","[86, 5, 5]"
6.0,20.1,80.3,46.5,21.4,21.4,pearl millet,pearl millet,pearl millet,58,"['pearl millet', 'soyabean', 'redgram']","[58, 31, 6]"
5.7,26.3,82.5,69.1,46.6,55.0,french bean,french bean,vegetable cowpea,55,"['vegetable cowpea', 'elephant foot yam', 'french bean']","[55, 23, 22]"
6.5,31.8,80.3,81.6,43.6,55.1,elephant foot yam,elephant foot yam,elephant foot yam,60,"['elephant foot yam', 'annual moringa', 'jute']","[60, 25, 6]"
6.5,28.8,53.3,76.9,59.9,57.0,tapoica,tapoica,tapoica,98,"['tapoica', 'ash gourd', 'cucumber']","[98, 1, 1]"
7.7,23.6,83.4,97.8,55.1,48.3,cluster bean,cluster bean,cluster bean,68,"['cluster bean', 'cotton', 'peas']","[68, 29, 2]"
6.2,20.5,98.2,95.4,49.9,57.6,beetroot,beetroot,beetroot,95,"['beetroot', 'cauliflower', 'radish']","[95, 3, 1]"
5.9,14.1,96.6,67.9,45.2,59.7,radish,radish,radish,99,"['radish', 'sorghum', 'beetroot']","[99, 1, 0]"
6.2,24.8,60.0,46.3,20.3,35.7,bengalgram,bengalgram,bengalgram,97,"['bengalgram', 'cowpea', 'horsegram']","[97, 2, 1]"
6.9,22.5,52.0,102.7,52.0,53.8,wheat,wheat,wheat,100,"['wheat', 'rice', 'peas']","[100, 0, 0]"
6.4,23.4,71.2,52.0,27.1,28.1,soyabean,soyabean,soyabean,84,"['soyabean', 'redgram', 'bengalgram']","[84, 6, 6]"
7.0,28.6,62.0,97.2,45.4,41.5,cucumber,cucumber,cucumber,83,"['cucumber', 'rice', 'tapoica']","[83, 11, 5]"
7.2,27.8,60.5,96.3,40.7,53.1,cucumber,cucumber,cucumber,78,"['cucumber', 'rice', 'tapoica']","[78, 11, 9]"
6.2,22.9,95.9,132.3,89.2,94.8,cabbage,cabbage,cabbage,66,"['cabbage', 'bhendi', 'capsicum']","[66, 33, 1]"
7.0,16.5,65.0,90.3,74.5,83.2,carrot,carrot,carrot,97,"['carrot', 'pumpkin', 'sugarbeet']","[97, 2, 1]"
6.1,16.3,93.1,145.5,64.2,85.0,capsicum,capsicum,cabbage,75,"['cabbage', 'capsicum', 'brinjal']","[75, 25, 0]"
5.6,26.1,17.1,30.5,28.1,26.4,ragi,ragi,varagu,78,"['varagu', 'thinai', 'ragi']","[78, 10, 8]"
6.1,18.5,80.4,133.7,77.7,84.7,maize,maize,maize,56,"['maize', 'onion', 'sugarbeet']","[56, 29, 8]"
5.6,10.7,80.6,93.5,41.2,53.1,french bean,french bean,french bean,99,"['french bean', 'chowchow', 'peas']","[99, 0, 0]"
5.7,29.1,50.3,32.5,29.8,21.1,cowpea,cowpea,cowpea,92,"['cowpea', 'thinai', 'panivaragu']","[92, 4, 2]"
5.5,20.0,17.9,50.5,33.0,27.1,kudiraivali,kudiraivali,kudiraivali,99,"['kudiraivali', 'cowpea', 'ragi']","[99, 0, 0]"
6.1,26.5,61.8,86.2,69.5,61.0,pumpkin,pumpkin,ash gourd,66,"['ash gourd', 'pumpkin', 'rice']","[66, 32, 1]"
5.9,30.7,69.2,94.1,50.3,45.3,rice,rice,rice,98,"['rice', 'jute', 'cucumber']","[98, 1, 0]"
6.9,28.3,77.9,41.2,30.9,22.6,redgram,redgram,redgram,78,"['redgram', 'horsegram', 'soyabean']","[78, 19, 1]"
6.9,27.9,85.0,116.5,44.5,42.8,annual moringa,annual moringa,peas,54,"['peas', 'cotton', 'annual moringa']","[54, 21, 20]"
5.8,16.9,98.3,93.2,54.6,58.4,radish,radish,radish,99,"['radish', 'beetroot', 'cauliflower']","[99, 1, 0]"
6.4,25.4,94.7,129.0,48.6,88.1,capsicum,capsicum,capsicum,91,"['capsicum', 'bhendi', 'brinjal']","[91, 4, 3]"
6.9,24.3,83.4,67.3,28.5,21.6,soyabean,soyabean,sunflower,49,"['sunflower', 'castor', 'soyabean']","[49, 25, 21]"
6.1,22.1,68.0,139.9,62.9,62.7,maize,maize,sugarbeet,57,"['sugarbeet', 'maize', 'pumpkin']","[57, 43, 0]"
5.7,20.7,80.3,63.8,49.8,52.6,vegetable cowpea,vegetable cowpea,chowchow,48,"['chowchow', 'vegetable cowpea', 'french bean']","[48, 29, 24]"
5.5,25.3,51.7,47.3,22.1,34.6,cowpea,cowpea,cowpea,97,"['cowpea', 'bengalgram', 'varagu']","[97, 2, 1]"
6.1,28.4,52.6,80.5,45.1,59.6,tapoica,tapoica,tapoica,96,"['tapoica', 'ash gourd', 'rice']","[96, 4, 0]"
6.2,26.3,60.0,41.6,30.5,34.4,bengalgram,bengalgram,bengalgram,90,"['bengalgram', 'horsegram', 'cowpea']","[90, 5, 3]"
6.7,16.0,95.8,105.9,45.5,46.0,cauliflower,cauliflower,cauliflower,98,"['cauliflower', 'radish', 'peas']","[98, 2, 0]"
7.1,26.5,76.4,88.8,59.5,51.1,tinda,tinda,tinda,51,"['tinda', 'cotton', 'annual moringa']","[51, 18, 16]"
6.4,24.0,82.7,125.2,41.2,102.9,chillies,chillies,onion,61,"['onion', 'chillies', 'brinjal']","[61, 25, 10]"
7.1,24.8,93.9,68.0,38.3,25.7,sunflower,sunflower,sunflower,59,"['sunflower', 'castor', 'soyabean']","[59, 38, 2]"
6.5,16.9,65.2,113.9,77.9,85.1,carrot,carrot,carrot,96,"['carrot', 'sugarbeet', 'maize']","[96, 3, 0]"
6.6,28.5,84.1,57.6,28.6,34.5,soyabean,soyabean,soyabean,37,"['soyabean', 'redgram', 'pearl millet']","[37, 36, 21]"
6.1,24.3,56.4,76.1,49.5,66.6,ash gourd,ash gourd,ash gourd,93,"['ash gourd', 'pumpkin', 'tapoica']","[93, 7, 0]"
7.2,27.1,76.1,77.2,54.3,58.0,tinda,tinda,tinda,84,"['tinda', 'cotton', 'annual moringa']","[84, 5, 4]"
6.8,20.3,97.4,58.1,28.7,34.5,sunflower,sunflower,sunflower,92,"['sunflower', 'castor', 'pearl millet']","[92, 3, 3]"
6.0,22.5,67.6,63.7,68.5,92.6,pumpkin,pumpkin,pumpkin,90,"['pumpkin', 'ash gourd', 'bottle gourd']","[90, 9, 1]"
7.0,27.1,83.8,67.5,67.6,69.9,ribbed gourd,ribbed gourd,bitter gourd,53,"['bitter gourd', 'ribbed gourd', 'bottle gourd']","[53, 45, 2]"
6.8,24.0,53.0,97.1,44.7,54.1,wheat,wheat,wheat,96,"['wheat', 'tapoica', 'rice']","[96, 1, 1]"
6.2,23.9,78.7,108.5,48.5,113.1,onion,onion,onion,62,"['onion', 'chillies', 'watermelon']","[62, 34, 2]"
5.7,26.1,60.0,51.0,34.6,30.0,bengalgram,bengalgram,bengalgram,96,"['bengalgram', 'cowpea', 'horsegram']","[96, 3, 1]"
6.5,12.1,95.3,88.0,42.2,54.4,radish,radish,radish,67,"['radish', 'cauliflower', 'beetroot']","[67, 32, 0]"
6.2,26.8,60.4,92.1,57.4,89.6,pumpkin,pumpkin,ash gourd,70,"['ash gourd', 'pumpkin', 'watermelon']","[70, 29, 0]"
6.4,12.9,91.5,58.1,34.2,33.7,pearl millet,pearl millet,pearl millet,82,"['pearl millet', 'soyabean', 'radish']","[82, 12, 5]"
6.2,29.3,80.2,125.5,71.7,98.7,chillies,chillies,chillies,97,"['chillies', 'tomato', 'brinjal']","[97, 2, 0]"
6.4,25.2,78.7,67.8,69.3,84.9,bottle gourd,bottle gourd,bottle gourd,74,"['bottle gourd', 'bitter gourd', 'ribbed gourd']","[74, 17, 5]"
6.2,29.4,87.1,55.4,28.0,31.6,soyabean,soyabean,soyabean,50,"['soyabean', 'pearl millet', 'jute']","[50, 47, 1]"
7.1,20.4,18.5,37.1,26.2,24.7,ragi,ragi,ragi,72,"['ragi', 'blackgram', 'thinai']","[72, 11, 9]"
7.2,30.4,79.3,85.5,44.7,46.0,rice,rice,annual moringa,54,"['annual moringa', 'jute', 'tinda']","[54, 16, 15]"
6.7,28.3,91.4,68.0,78.9,64.1,bitter gourd,bitter gourd,bitter gourd,91,"['bitter gourd', 'snake gourd', 'bottle gourd']","[91, 8, 0]"
6.3,12.0,99.2,84.4,56.3,44.9,radish,radish,radish,96,"['radish', 'cauliflower', 'beetroot']","[96, 4, 1]"
7.4,19.1,73.6,89.8,58.5,53.7,peas,peas,peas,60,"['peas', 'small onion', 'cotton']","[60, 14, 11]"
6.1,25.0,67.3,84.3,69.5,70.4,pumpkin,pumpkin,ash gourd,68,"['ash gourd', 'pumpkin', 'bottle gourd']","[68, 31, 0]"
6.8,28.6,84.2,140.1,61.7,93.1,chillies,chillies,chillies,47,"['chillies', 'tomato', 'brinjal']","[47, 47, 2]"
5.3,17.9,16.5,32.8,22.3,27.3,ragi,ragi,ragi,86,"['ragi', 'panivaragu', 'thinai']","[86, 12, 1]"
6.7,18.1,64.7,102.4,76.7,60.8,carrot,carrot,carrot,78,"['carrot', 'sugarbeet', 'maize']","[78, 19, 1]"
6.1,24.7,98.1,120.5,68.5,111.8,bhendi,bhendi,bhendi,88,"['bhendi', 'cabbage', 'capsicum']","[88, 10, 1]"
6.7,19.8,93.1,68.2,53.1,48.9,sorghum,sorghum,sorghum,85,"['sorghum', 'beetroot', 'radish']","[85, 14, 1]"
6.1,20.6,65.0,102.7,65.1,78.6,sugarbeet,sugarbeet,sugarbeet,40,"['sugarbeet', 'carrot', 'pumpkin']","[40, 27, 23]"
6.5,29.2,78.9,106.5,52.9,68.8,muskmelon,muskmelon,muskmelon,79,"['muskmelon', 'chillies', 'watermelon']","[79, 9, 6]"
6.7,31.0,77.4,69.3,42.8,87.6,ribbed gourd,ribbed gourd,ribbed gourd,93,"['ribbed gourd', 'bitter gourd', 'muskmelon']","[93, 4, 2]"
6.5,10.6,95.0,81.2,55.5,57.3,radish,radish,radish,59,"['radish', 'cauliflower', 'peas']","[59, 40, 0]"
6.7,20.6,72.7,86.8,59.7,47.3,peas,peas,small onion,76,"['small onion', 'peas', 'rice']","[76, 12, 9]"
7.3,29.5,75.9,91.0,48.2,89.8,ribbed gourd,ribbed gourd,muskmelon,61,"['muskmelon', 'ribbed gourd', 'watermelon']","[61, 36, 1]"
5.7,25.6,17.3,30.1,27.6,20.1,thinai,thinai,varagu,80,"['varagu', 'thinai', 'ragi']","[80, 11, 5]"
6.8,6.3,99.1,102.3,51.4,58.3,cauliflower,cauliflower,cauliflower,99,"['cauliflower', 'radish', 'peas']","[99, 1, 0]"
6.4,20.7,99.1,92.4,56.1,43.8,beetroot,beetroot,beetroot,95,"['beetroot', 'cauliflower', 'radish']","[95, 4, 1]"
6.2,34.2,86.6,28.5,25.7,24.6,gingely,gingely,gingely,100,"['gingely', 'pearl millet', 'soyabean']","[100, 0, 0]"
6.2,26.7,57.3,47.6,32.5,23.3,horsegram,horsegram,cowpea,49,"['cowpea', 'bengalgram', 'horsegram']","[49, 25, 24]"
6.2,24.1,95.1,129.9,87.1,102.1,bhendi,bhendi,bhendi,56,"['bhendi', 'cabbage', 'capsicum']","[56, 42, 2]"
8.6,27.5,18.6,37.2,20.2,29.4,samai,samai,samai,99,"['samai', 'ragi', 'blackgram']","[99, 0, 0]"
6.4,15.8,61.2,93.3,88.6,70.8,carrot,carrot,carrot,100,"['carrot', 'pumpkin', 'sugarbeet']","[100, 0, 0]"
6.6,32.0,79.4,119.1,41.2,95.5,muskmelon,muskmelon,muskmelon,85,"['muskmelon', 'chillies', 'tomato']","[85, 10, 4]"
7.8,23.2,81.0,66.6,55.9,43.5,cluster bean,cluster bean,cluster bean,99,"['cluster bean', 'cotton', 'sunflower']","[99, 0, 0]"
6.3,23.7,88.7,118.9,40.7,41.9,sweet potato,sweet potato,sweet potato,100,"['sweet potato', 'peas', 'cauliflower']","[100, 0, 0]"
6.0,23.5,87.4,62.2,66.3,93.1,snake gourd,snake gourd,snake gourd,98,"['snake gourd', 'bottle gourd', 'bitter gourd']","[98, 1, 1]"
5.9,25.7,52.1,31.5,20.9,35.6,cowpea,cowpea,cowpea,88,"['cowpea', 'varagu', 'thinai']","[88, 9, 1]"
8.0,21.7,71.5,186.9,89.6,126.7,sugarcane,sugarcane,sugarcane,100,"['sugarcane', 'sugarbeet', 'maize']","[100, 0, 0]"
6.6,14.9,95.7,105.1,43.7,47.9,cauliflower,cauliflower,cauliflower,96,"['cauliflower', 'radish', 'peas']","[96, 4, 0]"
6.8,28.5,90.8,148.3,45.8,116.4,capsicum,capsicum,capsicum,78,"['capsicum', 'brinjal', 'chillies']","[78, 21, 0]"
5.1,22.6,53.4,42.2,29.6,23.3,cowpea,cowpea,cowpea,98,"['cowpea', 'bengalgram', 'ragi']","[98, 1, 0]"
5.7,21.9,82.6,64.7,46.5,57.8,chowchow,chowchow,vegetable cowpea,41,"['vegetable cowpea', 'french bean', 'chowchow']","[41, 29, 28]"
7.4,25.3,82.8,96.9,49.8,41.8,tinda,tinda,tinda,31,"['tinda', 'cotton', 'annual moringa']","[31, 30, 16]"
6.6,20.9,95.4,45.8,31.8,36.2,sunflower,sunflower,sunflower,86,"['sunflower', 'castor', 'pearl millet']","[86, 7, 6]"
5.9,18.9,83.7,96.5,55.7,45.3,french bean,french bean,chowchow,66,"['chowchow', 'french bean', 'vegetable cowpea']","[66, 29, 3]"
5.7,26.2,58.1,61.0,59.1,53.0,tapoica,tapoica,tapoica,99,"['tapoica', 'ash gourd', 'cucumber']","[99, 1, 0]"
6.4,27.6,92.8,55.0,24.2,28.2,pearl millet,pearl millet,pearl millet,67,"['pearl millet', 'soyabean', 'castor']","[67, 27, 4]"
6.6,22.9,90.2,46.1,33.4,33.1,sunflower,sunflower,sunflower,54,"['sunflower', 'castor', 'pearl millet']","[54, 28, 13]"
6.1,30.2,74.3,66.5,62.6,64.0,ash gourd,ash gourd,ash gourd,74,"['ash gourd', 'ribbed gourd', 'bottle gourd']","[74, 24, 1]"
6.2,20.0,76.1,127.3,69.8,90.7,onion,onion,onion,78,"['onion', 'maize', 'tomato']","[78, 11, 5]"
6.3,10.0,91.1,131.8,99.2,84.0,cabbage,cabbage,cabbage,100,"['cabbage', 'capsicum', 'brinjal']","[100, 0, 0]"
6.0,20.9,88.5,52.2,36.3,21.6,pearl millet,pearl millet,pearl millet,67,"['pearl millet', 'soyabean', 'castor']","[67, 19, 10]"
6.8,24.8,79.1,105.4,57.0,43.1,peas,peas,peas,62,"['peas', 'cotton', 'annual moringa']","[62, 16, 15]"
7.0,43.7,65.0,72.0,49.8,49.6,groundnut,groundnut,groundnut,97,"['groundnut', 'cucumber', 'rice']","[97, 3, 0]"
6.6,19.0,71.6,97.5,46.4,50.5,small onion,small onion,small onion,80,"['small onion', 'peas', 'rice']","[80, 17, 1]"
7.1,17.8,82.9,102.2,45.6,40.9,peas,peas,peas,100,"['peas', 'cotton', 'cluster bean']","[100, 0, 0]"
6.0,25.7,90.2,22.5,25.9,39.4,gingely,gingely,gingely,100,"['gingely', 'castor', 'pearl millet']","[100, 0, 0]"
6.5,28.4,90.9,138.6,41.3,89.1,capsicum,capsicum,capsicum,90,"['capsicum', 'brinjal', 'bitter gourd']","[90, 10, 0]"
6.8,27.9,69.8,28.7,22.5,23.3,greengram,greengram,greengram,100,"['greengram', 'horsegram', 'gingely']","[100, 0, 0]"
6.6,35.1,93.0,78.7,46.8,50.3,sorghum,sorghum,sorghum,97,"['sorghum', 'jute', 'elephant foot yam']","[97, 3, 0]"
6.6,26.2,99.4,140.4,75.8,82.1,bhendi,bhendi,bhendi,97,"['bhendi', 'cabbage', 'capsicum']","[97, 2, 1]"
7.7,22.0,98.1,41.2,30.8,23.1,castor,castor,castor,50,"['castor', 'sunflower', 'pearl millet']","[50, 49, 1]"
7.1,29.6,62.6,85.4,42.7,49.5,cucumber,cucumber,cucumber,87,"['cucumber', 'rice', 'tapoica']","[87, 10, 2]"
6.3,22.7,80.3,142.7,44.6,101.6,onion,onion,onion,86,"['onion', 'chillies', 'tomato']","[86, 12, 1]"
7.3,21.3,76.3,85.7,46.3,43.4,cotton,cotton,cluster bean,62,"['cluster bean', 'cotton', 'peas']","[62, 19, 14]"
6.5,29.1,60.0,48.4,36.6,29.1,bengalgram,bengalgram,bengalgram,87,"['bengalgram', 'horsegram', 'cowpea']","[87, 11, 1]"
7.9,25.8,76.5,164.0,68.5,148.5,sugarcane,sugarcane,sugarcane,100,"['sugarcane', 'tomato', 'chillies']","[100, 0, 0]"
6.3,17.8,92.6,103.1,72.2,83.2,cabbage,cabbage,cabbage,75,"['cabbage', 'capsicum', 'brinjal']","[75, 25, 0]"
6.9,18.8,62.8,92.6,70.1,81.7,pumpkin,pumpkin,carrot,66,"['carrot', 'pumpkin', 'sugarbeet']","[66, 33, 0]"
5.8,25.0,78.9,89.6,58.2,46.9,vegetable cowpea,vegetable cowpea,vegetable cowpea,72,"['vegetable cowpea', 'french bean', 'rice']","[72, 20, 4]"
6.7,26.2,81.5,83.2,40.4,86.8,watermelon,watermelon,watermelon,45,"['watermelon', 'bitter gourd', 'muskmelon']","[45, 21, 18]"
5.4,25.1,53.5,34.5,23.1,22.9,cowpea,cowpea,cowpea,93,"['cowpea', 'varagu', 'ragi']","[93, 4, 2]"
6.0,29.9,70.9,82.9,56.1,43.1,rice,rice,rice,91,"['rice', 'jute', 'vegetable cowpea']","[91, 4, 2]"
7.1,27.0,67.2,74.3,43.1,56.7,cucumber,cucumber,cucumber,93,"['cucumber', 'groundnut', 'tinda']","[93, 4, 1]"
6.8,29.2,91.6,82.8,69.5,76.7,bitter gourd,bitter gourd,bitter gourd,96,"['bitter gourd', 'snake gourd', 'ribbed gourd']","[96, 4, 0]"
6.9,27.4,85.2,87.6,47.4,91.4,bitter gourd,bitter gourd,bitter gourd,67,"['bitter gourd', 'muskmelon', 'watermelon']","[67, 12, 10]"
6.4,28.4,84.9,67.7,20.4,33.7,soyabean,soyabean,soyabean,94,"['soyabean', 'pearl millet', 'jute']","[94, 2, 2]"
5.8,10.6,83.3,97.9,53.2,47.3,french bean,french bean,french bean,97,"['french bean', 'peas', 'cauliflower']","[97, 2, 1]"
6.9,23.0,52.2,94.2,44.8,55.1,wheat,wheat,wheat,99,"['wheat', 'rice', 'small onion']","[99, 0, 0]"
6.0,22.6,90.0,100.1,42.0,89.1,brinjal,brinjal,brinjal,39,"['brinjal', 'capsicum', 'snake gourd']","[39, 35, 22]"
6.4,22.0,88.8,100.8,50.5,43.8,sweet potato,sweet potato,sweet potato,99,"['sweet potato', 'cauliflower', 'peas']","[99, 0, 0]"
5.7,18.7,77.0,99.0,47.7,49.5,chowchow,chowchow,chowchow,65,"['chowchow', 'french bean', 'vegetable cowpea']","[65, 30, 3]"
5.7,26.4,80.1,65.8,56.9,51.4,elephant foot yam,elephant foot yam,vegetable cowpea,63,"['vegetable cowpea', 'french bean', 'elephant foot yam']","[63, 24, 12]"
6.9,34.0,69.0,77.4,59.0,43.6,cucumber,cucumber,cucumber,82,"['cucumber', 'groundnut', 'rice']","[82, 14, 2]"
6.8,18.9,99.5,74.3,59.8,49.2,beetroot,beetroot,beetroot,94,"['beetroot', 'sorghum', 'radish']","[94, 4, 1]"
6.6,33.2,66.0,31.1,39.5,39.0,greengram,greengram,greengram,100,"['greengram', 'horsegram', 'gingely']","[100, 0, 0]"
6.8,30.5,66.1,22.7,37.4,24.1,greengram,greengram,greengram,100,"['greengram', 'horsegram', 'gingely']","[100, 0, 0]"
6.8,26.1,83.4,93.0,58.7,58.1,elephant foot yam,elephant foot yam,tinda,42,"['tinda', 'elephant foot yam', 'annual moringa']","[42, 24, 10]"
6.4,26.8,82.8,103.4,50.0,94.1,watermelon,watermelon,watermelon,53,"['watermelon', 'chillies', 'muskmelon']","[53, 32, 6]"
6.3,18.3,78.2,82.6,66.6,99.6,bottle gourd,bottle gourd,bottle gourd,98,"['bottle gourd', 'snake gourd', 'pumpkin']","[98, 0, 0]"
6.8,23.0,78.8,145.1,54.9,116.2,chillies,chillies,tomato,55,"['tomato', 'chillies', 'sugarcane']","[55, 21, 18]"
6.9,31.0,69.2,30.9,26.8,30.1,greengram,greengram,greengram,100,"['greengram', 'horsegram', 'gingely']","[100, 0, 0]"
6.5,24.5,77.4,107.5,59.8,68.9,watermelon,watermelon,watermelon,69,"['watermelon', 'sugarbeet', 'chillies']","[69, 11, 7]"
6.0,19.0,76.3,65.7,39.6,24.7,soyabean,soyabean,soyabean,95,"['soyabean', 'chowchow', 'pearl millet']","[95, 3, 1]"
6.2,25.3,16.7,34.5,21.4,20.2,thinai,thinai,varagu,80,"['varagu', 'thinai', 'panivaragu']","[80, 12, 4]"
8.0,15.7,15.8,30.2,21.5,23.3,ragi,ragi,ragi,100,"['ragi', 'panivaragu', 'blackgram']","[100, 0, 0]"
6.2,24.4,88.2,70.4,67.8,72.9,snake gourd,snake gourd,snake gourd,98,"['snake gourd', 'bottle gourd', 'bitter gourd']","[98, 1, 1]"
7.0,27.2,92.3,147.3,73.8,109.3,capsicum,capsicum,capsicum,79,"['capsicum', 'brinjal', 'bhendi']","[79, 19, 1]"
6.6,19.5,60.5,85.3,56.3,96.5,pumpkin,pumpkin,pumpkin,94,"['pumpkin', 'carrot', 'ash gourd']","[94, 5, 0]"
5.9,22.1,92.1,68.2,26.7,32.8,castor,castor,castor,81,"['castor', 'soyabean', 'pearl millet']","[81, 11, 4]"
6.2,30.0,61.1,81.0,43.6,42.7,rice,rice,rice,54,"['rice', 'tapoica', 'cucumber']","[54, 24, 18]"
6.6,25.0,87.5,100.3,56.8,48.7,sweet potato,sweet potato,sweet potato,90,"['sweet potato', 'peas', 'cotton']","[90, 7, 1]"
6.1,20.5,88.5,67.9,72.1,77.3,snake gourd,snake gourd,snake gourd,99,"['snake gourd', 'bottle gourd', 'bitter gourd']","[99, 1, 0]"
5.7,29.4,84.2,23.9,26.4,36.9,gingely,gingely,gingely,100,"['gingely', 'pearl millet', 'castor']","[100, 0, 0]"
5.7,24.4,85.1,95.1,57.3,42.4,sweet potato,sweet potato,sweet potato,78,"['sweet potato', 'vegetable cowpea', 'french bean']","[78, 16, 5]"
6.8,35.1,17.4,38.4,24.1,30.3,blackgram,blackgram,blackgram,61,"['blackgram', 'panivaragu', 'thinai']","[61, 38, 0]"
6.4,10.0,16.4,38.3,26.7,28.7,panivaragu,panivaragu,panivaragu,67,"['panivaragu', 'ragi', 'thinai']","[67, 33, 0]"
6.3,17.8,67.8,91.7,94.4,90.4,carrot,carrot,carrot,99,"['carrot', 'pumpkin', 'sugarbeet']","[99, 0, 0]"
6.1,30.7,62.5,82.8,40.9,42.7,rice,rice,rice,68,"['rice', 'cucumber', 'tapoica']","[68, 20, 9]"
6.3,20.2,80.4,87.1,45.8,98.0,bottle gourd,bottle gourd,bottle gourd,94,"['bottle gourd', 'snake gourd', 'onion']","[94, 2, 2]"
7.5,24.9,82.3,119.7,42.0,85.2,watermelon,watermelon,watermelon,73,"['watermelon', 'tomato', 'muskmelon']","[73, 21, 4]"
6.6,23.4,90.3,40.7,34.3,21.3,sunflower,sunflower,sunflower,48,"['sunflower', 'castor', 'pearl millet']","[48, 36, 13]"
6.4,25.1,61.2,72.9,62.9,98.5,pumpkin,pumpkin,ash gourd,54,"['ash gourd', 'pumpkin', 'bottle gourd']","[54, 46, 0]"
7.2,21.2,78.7,88.0,40.3,47.2,rice,rice,cluster bean,65,"['cluster bean', 'cotton', 'peas']","[65, 20, 12]"
5.8,24.8,77.4,90.2,48.8,44.4,french bean,french bean,vegetable cowpea,71,"['vegetable cowpea', 'french bean', 'rice']","[71, 20, 5]"
7.2,25.6,82.4,91.1,55.9,96.6,ribbed gourd,ribbed gourd,watermelon,56,"['watermelon', 'muskmelon', 'ribbed gourd']","[56, 24, 16]"
6.4,20.6,68.2,92.0,50.3,57.7,small onion,small onion,small onion,84,"['small onion', 'rice', 'pumpkin']","[84, 13, 1]"
6.5,20.2,85.6,61.2,68.3,84.7,snake gourd,snake gourd,snake gourd,94,"['snake gourd', 'bottle gourd', 'bitter gourd']","[94, 6, 0]"
6.5,14.0,18.9,34.8,22.2,26.1,panivaragu,panivaragu,ragi,61,"['ragi', 'panivaragu', 'thinai']","[61, 39, 0]"
5.1,24.1,81.9,75.7,31.1,21.1,castor,castor,castor,99,"['castor', 'soyabean', 'pearl millet']","[99, 0, 0]"
6.7,24.1,63.8,94.1,41.6,60.6,pumpkin,pumpkin,pumpkin,52,"['pumpkin', 'ash gourd', 'rice']","[52, 14, 10]"
7.0,23.3,73.7,162.4,73.0,86.2,maize,maize,maize,89,"['maize', 'sugarbeet', 'sugarcane']","[89, 6, 3]"
5.7,31.8,17.5,32.4,20.6,29.1,panivaragu,panivaragu,panivaragu,94,"['panivaragu', 'thinai', 'varagu']","[94, 3, 1]"
5.3,25.6,85.3,68.4,31.9,23.5,castor,castor,castor,98,"['castor', 'pearl millet', 'soyabean']","[98, 1, 1]"
6.5,31.8,76.6,94.8,68.9,70.9,ribbed gourd,ribbed gourd,ribbed gourd,87,"['ribbed gourd', 'muskmelon', 'ash gourd']","[87, 5, 4]"
7.3,24.6,82.9,68.5,39.9,28.0,castor,castor,sunflower,57,"['sunflower', 'castor', 'jute']","[57, 29, 6]"
7.3,23.1,75.9,60.9,50.4,58.3,cluster bean,cluster bean,cluster bean,99,"['cluster bean', 'cotton', 'tinda']","[99, 0, 0]"
7.2,23.2,80.2,74.1,50.7,59.9,cluster bean,cluster bean,cluster bean,96,"['cluster bean', 'cotton', 'peas']","[96, 1, 0]"
7.8,21.1,81.0,64.6,52.3,48.9,cluster bean,cluster bean,cluster bean,99,"['cluster bean', 'cotton', 'sunflower']","[99, 0, 0]"
7.7,29.7,89.2,39.7,28.9,31.0,gingely,gingely,gingely,96,"['gingely', 'pearl millet', 'castor']","[96, 3, 1]"
6.8,24.6,19.5,32.7,21.2,22.9,thinai,thinai,thinai,62,"['thinai', 'ragi', 'panivaragu']","[62, 16, 16]"
6.7,22.6,60.0,51.6,37.7,26.4,bengalgram,bengalgram,bengalgram,99,"['bengalgram', 'cowpea', 'soyabean']","[99, 0, 0]"
6.9,27.0,92.9,60.6,45.2,57.8,sorghum,sorghum,sorghum,98,"['sorghum', 'bitter gourd', 'elephant foot yam']","[98, 1, 0]"
6.3,18.8,86.5,84.0,43.4,82.4,snake gourd,snake gourd,snake gourd,98,"['snake gourd', 'bottle gourd', 'brinjal']","[98, 1, 0]"
6.1,21.1,16.2,30.9,25.0,28.4,thinai,thinai,thinai,53,"['thinai', 'ragi', 'panivaragu']","[53, 22, 21]"
8.8,28.8,18.9,35.4,21.5,23.1,samai,samai,samai,100,"['samai', 'ragi', 'blackgram']","[100, 0, 0]"
6.5,25.6,82.7,89.0,53.6,58.5,elephant foot yam,elephant foot yam,elephant foot yam,38,"['elephant foot yam', 'tinda', 'bitter gourd']","[38, 24, 7]"
5.8,17.5,98.6,67.0,47.8,52.1,radish,radish,radish,91,"['radish', 'beetroot', 'sorghum']","[91, 5, 3]"
6.8,28.1,79.4,81.2,79.1,96.9,bitter gourd,bitter gourd,ribbed gourd,48,"['ribbed gourd', 'bitter gourd', 'muskmelon']","[48, 48, 1]"
6.8,18.5,91.9,64.7,36.0,25.2,soyabean,soyabean,soyabean,69,"['soyabean', 'sunflower', 'pearl millet']","[69, 21, 8]"
7.3,25.5,76.9,118.4,49.0,91.0,muskmelon,muskmelon,watermelon,58,"['watermelon', 'tomato', 'muskmelon']","[58, 22, 18]"
6.2,26.9,85.5,62.4,63.7,74.1,snake gourd,snake gourd,snake gourd,80,"['snake gourd', 'bitter gourd', 'bottle gourd']","[80, 11, 8]"
7.1,28.9,83.3,100.8,48.4,52.0,cotton,cotton,annual moringa,44,"['annual moringa', 'cotton', 'tinda']","[44, 23, 19]"
6.2,24.9,60.6,78.8,63.5,79.7,ash gourd,ash gourd,ash gourd,55,"['ash gourd', 'pumpkin', 'bottle gourd']","[55, 45, 0]"
5.9,26.3,17.1,33.4,25.9,23.3,varagu,varagu,varagu,80,"['varagu', 'thinai', 'ragi']","[80, 11, 5]"
6.6,30.9,76.9,54.2,38.9,32.8,soyabean,soyabean,horsegram,45,"['horsegram', 'redgram', 'soyabean']","[45, 24, 22]"
6.0,24.2,78.5,64.4,44.8,97.5,bottle gourd,bottle gourd,bottle gourd,87,"['bottle gourd', 'bitter gourd', 'snake gourd']","[87, 8, 2]"
6.6,24.1,97.5,80.0,59.2,55.6,cauliflower,cauliflower,cauliflower,79,"['cauliflower', 'sorghum', 'beetroot']","[79, 17, 3]"
6.6,21.0,58.0,84.2,57.2,49.3,wheat,wheat,wheat,97,"['wheat', 'rice', 'small onion']","[97, 2, 1]"
6.4,20.4,63.5,69.0,70.3,77.5,pumpkin,pumpkin,pumpkin,99,"['pumpkin', 'carrot', 'ash gourd']","[99, 0, 0]"
7.4,27.2,61.5,56.1,21.2,24.6,horsegram,horsegram,horsegram,76,"['horsegram', 'bengalgram', 'greengram']","[76, 22, 2]"
6.5,42.2,65.0,77.3,42.4,44.4,groundnut,groundnut,groundnut,97,"['groundnut', 'cucumber', 'jute']","[97, 2, 1]"
7.2,26.0,78.3,68.8,43.1,40.9,tinda,tinda,tinda,79,"['tinda', 'jute', 'cluster bean']","[79, 15, 3]"
6.7,18.6,65.3,130.1,74.4,77.3,sugarbeet,sugarbeet,sugarbeet,71,"['sugarbeet', 'maize', 'carrot']","[71, 21, 8]"
7.5,23.8,78.2,110.0,44.9,58.3,cotton,cotton,cotton,71,"['cotton', 'peas', 'cluster bean']","[71, 19, 4]"
7.2,24.8,17.9,22.6,26.8,28.2,blackgram,blackgram,blackgram,96,"['blackgram', 'ragi', 'thinai']","[96, 3, 1]"
7.9,30.1,84.0,118.2,46.5,41.4,annual moringa,annual moringa,annual moringa,84,"['annual moringa', 'cotton', 'peas']","[84, 14, 1]"
7.0,26.6,67.2,50.1,33.6,25.0,horsegram,horsegram,horsegram,89,"['horsegram', 'bengalgram', 'greengram']","[89, 6, 3]"
6.8,27.4,64.3,29.8,39.5,24.9,greengram,greengram,greengram,100,"['greengram', 'horsegram', 'bengalgram']","[100, 0, 0]"
5.9,28.5,55.7,69.4,59.4,41.2,tapoica,tapoica,tapoica,100,"['tapoica', 'ash gourd', 'vegetable cowpea']","[100, 0, 0]"
7.5,16.1,67.6,102.7,71.5,71.9,sugarbeet,sugarbeet,sugarbeet,95,"['sugarbeet', 'carrot', 'maize']","[95, 5, 0]"
6.5,26.2,54.2,84.6,42.3,58.7,tapoica,tapoica,tapoica,98,"['tapoica', 'cucumber', 'ash gourd']","[98, 1, 0]"
6.2,10.1,97.0,95.3,58.1,51.6,radish,radish,radish,82,"['radish', 'cauliflower', 'beetroot']","[82, 18, 0]"
6.9,16.8,62.3,83.9,97.2,78.5,carrot,carrot,carrot,100,"['carrot', 'pumpkin', 'sugarbeet']","[100, 0, 0]"
6.6,28.1,82.0,78.2,59.5,71.1,bitter gourd,bitter gourd,bitter gourd,66,"['bitter gourd', 'ribbed gourd', 'bottle gourd']","[66, 29, 2]"
6.2,23.3,73.8,84.7,53.8,49.8,small onion,small onion,small onion,78,"['small onion', 'rice', 'peas']","[78, 17, 1]"
6.7,17.4,95.4,107.0,47.9,52.7,cauliflower,cauliflower,cauliflower,98,"['cauliflower', 'radish', 'beetroot']","[98, 1, 1]"
7.6,21.8,71.7,112.2,66.6,77.0,sugarbeet,sugarbeet,sugarbeet,99,"['sugarbeet', 'tomato', 'maize']","[99, 1, 0]"
6.6,20.0,17.6,43.8,29.2,23.9,kudiraivali,kudiraivali,kudiraivali,98,"['kudiraivali', 'thinai', 'ragi']","[98, 0, 0]"
6.5,22.7,82.6,61.1,69.4,80.0,bottle gourd,bottle gourd,bottle gourd,81,"['bottle gourd', 'snake gourd', 'bitter gourd']","[81, 14, 4]"
6.7,27.6,76.6,94.3,43.6,71.5,ribbed gourd,ribbed gourd,muskmelon,45,"['muskmelon', 'ribbed gourd', 'bitter gourd']","[45, 23, 18]"
5.6,26.4,51.1,83.7,59.2,42.0,tapoica,tapoica,tapoica,99,"['tapoica', 'rice', 'wheat']","[99, 1, 0]"
7.1,25.7,76.2,108.5,53.5,90.6,tomato,tomato,watermelon,59,"['watermelon', 'muskmelon', 'tomato']","[59, 24, 16]"
6.2,19.2,75.2,67.8,63.0,68.4,bottle gourd,bottle gourd,bottle gourd,98,"['bottle gourd', 'pumpkin', 'snake gourd']","[98, 1, 0]"
7.0,33.0,65.0,56.7,54.7,40.3,groundnut,groundnut,groundnut,85,"['groundnut', 'cucumber', 'horsegram']","[85, 15, 0]"
5.9,23.0,70.9,120.1,79.3,74.9,maize,maize,maize,73,"['maize', 'sugarbeet', 'chillies']","[73, 24, 1]"
6.7,19.6,66.6,62.2,51.8,55.9,small onion,small onion,small onion,62,"['small onion', 'groundnut', 'pumpkin']","[62, 36, 1]"
7.3,25.7,75.2,93.0,50.0,62.5,watermelon,watermelon,watermelon,54,"['watermelon', 'muskmelon', 'ribbed gourd']","[54, 24, 11]"
7.0,26.2,87.1,99.7,79.3,71.4,bitter gourd,bitter gourd,bitter gourd,88,"['bitter gourd', 'snake gourd', 'ribbed gourd']","[88, 4, 4]"
6.9,20.0,18.3,44.6,39.0,25.8,kudiraivali,kudiraivali,kudiraivali,99,"['kudiraivali', 'blackgram', 'ragi']","[99, 0, 0]"
5.9,22.7,75.2,118.4,51.9,107.4,onion,onion,onion,93,"['onion', 'chillies', 'tomato']","[93, 6, 0]"
6.2,31.6,82.0,61.4,48.2,56.9,elephant foot yam,elephant foot yam,elephant foot yam,96,"['elephant foot yam', 'jute', 'vegetable cowpea']","[96, 2, 1]"
6.7,24.0,78.2,97.6,54.2,68.4,watermelon,watermelon,watermelon,71,"['watermelon', 'bottle gourd', 'muskmelon']","[71, 21, 3]"
7.0,43.6,65.0,72.2,41.7,59.4,groundnut,groundnut,groundnut,96,"['groundnut', 'cucumber', 'rice']","[96, 3, 0]"
6.6,25.5,51.8,99.9,41.6,53.3,tapoica,tapoica,tapoica,91,"['tapoica', 'wheat', 'cucumber']","[91, 7, 1]"
6.6,23.6,71.2,124.9,70.6,61.4,maize,maize,sugarbeet,83,"['sugarbeet', 'maize', 'tomato']","[83, 17, 0]"
6.5,22.4,66.4,60.7,67.5,97.5,pumpkin,pumpkin,pumpkin,93,"['pumpkin', 'ash gourd', 'bottle gourd']","[93, 6, 0]"
6.3,28.4,78.2,129.5,50.6,110.2,chillies,chillies,chillies,97,"['chillies', 'tomato', 'onion']","[97, 2, 0]"
6.1,19.2,99.3,76.8,41.7,58.4,beetroot,beetroot,beetroot,93,"['beetroot', 'sorghum', 'radish']","[93, 5, 2]"
6.5,22.2,79.9,89.7,63.0,99.1,bottle gourd,bottle gourd,bottle gourd,91,"['bottle gourd', 'tomato', 'onion']","[91, 2, 2]"
6.7,20.6,81.4,90.2,44.6,79.5,bottle gourd,bottle gourd,bottle gourd,88,"['bottle gourd', 'snake gourd', 'watermelon']","[88, 5, 3]"
6.3,16.3,73.6,83.0,42.4,51.0,small onion,small onion,small onion,86,"['small onion', 'peas', 'french bean']","[86, 12, 1]"
6.9,26.1,69.2,153.6,87.1,75.6,maize,maize,maize,99,"['maize', 'sugarbeet', 'sugarcane']","[99, 1, 0]"
5.6,15.7,95.0,115.1,56.3,118.1,capsicum,capsicum,capsicum,89,"['capsicum', 'cabbage', 'brinjal']","[89, 11, 0]"
7.2,27.5,82.4,104.1,43.9,54.2,cotton,cotton,annual moringa,50,"['annual moringa', 'cotton', 'peas']","[50, 27, 13]"
6.4,27.1,80.7,25.5,26.0,24.0,gingely,gingely,gingely,100,"['gingely', 'redgram', 'pearl millet']","[100, 0, 0]"
6.6,28.6,78.4,71.3,45.9,55.4,tinda,tinda,tinda,87,"['tinda', 'elephant foot yam', 'jute']","[87, 6, 3]"
6.5,28.0,80.7,149.6,63.9,98.6,chillies,chillies,chillies,86,"['chillies', 'tomato', 'maize']","[86, 12, 0]"
8.5,38.2,17.7,38.9,22.2,22.5,samai,samai,samai,99,"['samai', 'blackgram', 'panivaragu']","[99, 1, 0]"
7.3,24.0,94.8,77.0,21.4,37.9,castor,castor,sunflower,60,"['sunflower', 'castor', 'soyabean']","[60, 39, 1]"
6.1,21.9,50.1,95.6,49.5,57.3,wheat,wheat,wheat,99,"['wheat', 'rice', 'small onion']","[99, 1, 0]"
6.8,20.9,65.0,60.9,42.6,47.0,groundnut,groundnut,groundnut,92,"['groundnut', 'small onion', 'pumpkin']","[92, 7, 0]"
6.2,23.8,77.9,87.9,56.2,65.1,bottle gourd,bottle gourd,bottle gourd,68,"['bottle gourd', 'watermelon', 'bitter gourd']","[68, 26, 2]"
5.3,29.5,50.4,53.6,22.8,22.1,cowpea,cowpea,cowpea,99,"['cowpea', 'bengalgram', 'horsegram']","[99, 1, 0]"
7.5,26.1,86.7,95.3,48.5,45.1,peas,peas,cotton,73,"['cotton', 'peas', 'tinda']","[73, 14, 4]"
7.5,24.1,70.8,108.2,67.7,66.9,sugarbeet,sugarbeet,sugarbeet,99,"['sugarbeet', 'maize', 'tomato']","[99, 0, 0]"
6.4,21.1,67.5,95.9,40.8,41.8,small onion,small onion,small onion,80,"['small onion', 'rice', 'peas']","[80, 14, 3]"
8.8,33.4,15.2,30.8,21.1,27.0,samai,samai,samai,100,"['samai', 'blackgram', 'panivaragu']","[100, 0, 0]"
6.9,24.7,69.8,160.4,69.7,80.6,maize,maize,maize,95,"['maize', 'sugarbeet', 'sugarcane']","[95, 4, 1]"
7.5,23.3,83.2,72.6,39.3,37.5,castor,castor,sunflower,59,"['sunflower', 'castor', 'cluster bean']","[59, 27, 10]"
6.7,16.8,67.2,62.5,52.4,45.5,small onion,small onion,small onion,62,"['small onion', 'groundnut', 'peas']","[62, 38, 0]"
6.7,21.8,53.0,108.8,58.1,42.9,wheat,wheat,wheat,100,"['wheat', 'rice', 'peas']","[100, 0, 0]"
6.3,26.3,97.8,118.4,67.6,91.2,bhendi,bhendi,bhendi,89,"['bhendi', 'cabbage', 'capsicum']","[89, 9, 1]"
6.8,33.0,75.4,78.7,57.4,98.3,ribbed gourd,ribbed gourd,ribbed gourd,71,"['ribbed gourd', 'ash gourd', 'muskmelon']","[71, 23, 4]"
6.0,21.8,88.6,106.8,51.2,56.8,sweet potato,sweet potato,sweet potato,100,"['sweet potato', 'chowchow', 'cauliflower']","[100, 0, 0]"
6.3,25.2,80.0,96.6,53.0,77.6,watermelon,watermelon,watermelon,73,"['watermelon', 'bottle gourd', 'bitter gourd']","[73, 19, 2]"
7.3,24.1,76.8,111.8,78.9,95.6,tomato,tomato,tomato,90,"['tomato', 'sugarbeet', 'watermelon']","[90, 5, 3]"
6.1,13.3,83.3,52.4,34.0,23.4,pearl millet,pearl millet,pearl millet,80,"['pearl millet', 'soyabean', 'radish']","[80, 19, 0]"
7.1,27.3,79.5,66.8,52.0,59.3,tinda,tinda,tinda,93,"['tinda', 'ribbed gourd', 'jute']","[93, 3, 1]"
6.5,25.2,95.1,145.5,82.9,104.4,bhendi,bhendi,bhendi,83,"['bhendi', 'cabbage', 'capsicum']","[83, 14, 3]"
7.5,29.2,82.4,72.2,72.5,83.3,ribbed gourd,ribbed gourd,ribbed gourd,95,"['ribbed gourd', 'bitter gourd', 'muskmelon']","[95, 5, 0]"
6.6,18.7,62.1,95.2,83.1,84.9,carrot,carrot,carrot,95,"['carrot', 'pumpkin', 'maize']","[95, 5, 0]"
5.8,31.6,82.9,73.3,57.9,44.5,elephant foot yam,elephant foot yam,elephant foot yam,88,"['elephant foot yam', 'vegetable cowpea', 'jute']","[88, 11, 0]"
6.9,21.7,68.9,87.4,52.2,47.2,rice,rice,small onion,72,"['small onion', 'rice', 'peas']","[72, 17, 4]"
6.2,22.1,93.7,119.8,60.1,119.6,capsicum,capsicum,capsicum,68,"['capsicum', 'cabbage', 'brinjal']","[68, 26, 4]"
6.6,23.6,79.4,87.1,66.1,80.2,bottle gourd,bottle gourd,bottle gourd,80,"['bottle gourd', 'bitter gourd', 'ribbed gourd']","[80, 9, 3]"
7.6,23.7,76.4,188.9,82.9,139.4,sugarcane,sugarcane,sugarcane,100,"['sugarcane', 'tomato', 'sugarbeet']","[100, 0, 0]"
6.2,23.5,52.5,32.5,37.9,32.3,cowpea,cowpea,cowpea,99,"['cowpea', 'thinai', 'panivaragu']","[99, 1, 0]"
7.5,33.5,76.3,79.2,37.3,35.8,jute,jute,jute,99,"['jute', 'soyabean', 'horsegram']","[99, 0, 0]"
6.7,17.0,88.6,117.0,48.4,55.3,peas,peas,peas,99,"['peas', 'cauliflower', 'sweet potato']","[99, 0, 0]"
6.8,27.5,65.0,50.0,46.9,41.2,groundnut,groundnut,groundnut,94,"['groundnut', 'cucumber', 'horsegram']","[94, 4, 1]"
6.6,33.1,95.9,77.3,51.4,45.2,sorghum,sorghum,sorghum,99,"['sorghum', 'jute', 'cauliflower']","[99, 1, 0]"
6.9,35.4,77.6,64.8,49.7,39.1,jute,jute,jute,98,"['jute', 'elephant foot yam', 'tinda']","[98, 1, 0]"
5.5,12.4,18.2,39.6,25.8,20.7,panivaragu,panivaragu,ragi,60,"['ragi', 'panivaragu', 'kudiraivali']","[60, 39, 0]"
6.5,24.1,93.1,113.9,65.7,89.1,cabbage,cabbage,capsicum,42,"['capsicum', 'bhendi', 'cabbage']","[42, 35, 19]"
6.1,26.3,15.9,35.3,26.7,29.9,varagu,varagu,varagu,81,"['varagu', 'thinai', 'ragi']","[81, 11, 4]"
6.0,24.7,97.5,131.3,92.2,97.5,bhendi,bhendi,bhendi,91,"['bhendi', 'cabbage', 'capsicum']","[91, 9, 0]"
6.7,23.2,74.3,77.8,21.4,33.4,soyabean,soyabean,soyabean,98,"['soyabean', 'sunflower', 'redgram']","[98, 1, 1]"
7.8,18.1,70.8,146.7,73.1,67.3,sugarbeet,sugarbeet,sugarbeet,99,"['sugarbeet', 'maize', 'tomato']","[99, 1, 0]"
6.9,29.9,84.4,71.7,40.2,53.2,tinda,tinda,tinda,46,"['tinda', 'elephant foot yam', 'jute']","[46, 43, 8]"
6.9,10.8,81.7,106.5,40.1,58.3,peas,peas,peas,100,"['peas', 'cotton', 'cauliflower']","[100, 0, 0]"
6.0,24.1,96.1,134.4,94.5,100.5,bhendi,bhendi,bhendi,82,"['bhendi', 'cabbage', 'capsicum']","[82, 17, 1]"
8.5,29.6,15.7,34.2,26.8,27.5,samai,samai,samai,100,"['samai', 'ragi', 'blackgram']","[100, 0, 0]"
6.0,23.7,89.3,80.1,64.9,78.0,snake gourd,snake gourd,snake gourd,99,"['snake gourd', 'bottle gourd', 'bitter gourd']","[99, 0, 0]"
6.0,19.9,75.0,63.0,55.6,57.0,chowchow,chowchow,chowchow,45,"['chowchow', 'small onion', 'bottle gourd']","[45, 31, 16]"
6.3,21.9,96.8,133.4,81.0,108.5,cabbage,cabbage,cabbage,81,"['cabbage', 'bhendi', 'capsicum']","[81, 15, 3]"
5.5,21.6,83.0,79.8,55.1,51.8,chowchow,chowchow,french bean,40,"['french bean', 'chowchow', 'vegetable cowpea']","[40, 38, 20]"
6.6,24.5,98.7,138.2,92.3,91.4,bhendi,bhendi,bhendi,96,"['bhendi', 'cabbage', 'capsicum']","[96, 3, 0]"
7.2,14.0,87.5,54.4,31.6,30.9,pearl millet,pearl millet,pearl millet,97,"['pearl millet', 'soyabean', 'sunflower']","[97, 3, 0]"
6.7,15.6,95.3,109.1,57.7,43.1,cauliflower,cauliflower,cauliflower,99,"['cauliflower', 'radish', 'peas']","[99, 1, 0]"
6.4,19.8,98.5,83.3,42.5,44.9,beetroot,beetroot,beetroot,98,"['beetroot', 'radish', 'cauliflower']","[98, 1, 1]"
6.8,25.2,81.9,74.2,55.5,41.5,elephant foot yam,elephant foot yam,tinda,61,"['tinda', 'elephant foot yam', 'jute']","[61, 29, 3]"
5.9,22.7,89.6,119.4,44.2,48.6,sweet potato,sweet potato,sweet potato,100,"['sweet potato', 'vegetable cowpea', 'cauliflower']","[100, 0, 0]"
6.2,20.0,15.5,47.3,35.7,27.6,kudiraivali,kudiraivali,kudiraivali,99,"['kudiraivali', 'thinai', 'ragi']","[99, 0, 0]"
6.2,26.6,53.0,40.7,31.5,20.3,horsegram,horsegram,cowpea,81,"['cowpea', 'horsegram', 'bengalgram']","[81, 14, 3]"
6.1,25.5,16.7,36.9,28.7,24.3,varagu,varagu,varagu,77,"['varagu', 'thinai', 'ragi']","[77, 14, 4]"
6.5,24.9,81.3,82.3,50.0,63.0,watermelon,watermelon,watermelon,59,"['watermelon', 'bottle gourd', 'bitter gourd']","[59, 22, 9]"
6.4,19.9,68.5,64.1,46.3,45.8,small onion,small onion,small onion,95,"['small onion', 'groundnut', 'chowchow']","[95, 4, 1]"
6.2,27.7,59.0,83.0,43.6,96.8,ash gourd,ash gourd,ash gourd,99,"['ash gourd', 'pumpkin', 'tapoica']","[99, 1, 0]"
7.5,25.5,92.0,75.9,28.8,37.0,castor,castor,castor,76,"['castor', 'sunflower', 'soyabean']","[76, 21, 2]"
5.5,22.4,77.3,70.2,41.3,40.9,french bean,french bean,french bean,46,"['french bean', 'vegetable cowpea', 'chowchow']","[46, 37, 15]"
7.0,31.9,65.0,72.2,56.8,42.0,groundnut,groundnut,groundnut,53,"['groundnut', 'cucumber', 'rice']","[53, 46, 0]"
6.4,39.0,52.4,59.3,24.9,23.3,horsegram,horsegram,horsegram,98,"['horsegram', 'cowpea', 'panivaragu']","[98, 1, 1]"
6.1,32.4,50.4,54.5,28.9,27.2,horsegram,horsegram,horsegram,72,"['horsegram', 'cowpea', 'bengalgram']","[72, 27, 1]"
7.2,25.1,78.2,96.7,71.4,88.8,ribbed gourd,ribbed gourd,ribbed gourd,59,"['ribbed gourd', 'tomato', 'watermelon']","[59, 17, 12]"
6.1,20.4,62.2,99.1,67.8,73.2,pumpkin,pumpkin,pumpkin,54,"['pumpkin', 'carrot', 'sugarbeet']","[54, 41, 3]"
5.7,26.7,84.3,83.0,55.6,45.4,elephant foot yam,elephant foot yam,vegetable cowpea,58,"['vegetable cowpea', 'elephant foot yam', 'french bean']","[58, 21, 18]"
6.2,18.9,77.3,91.1,49.0,54.7,chowchow,chowchow,chowchow,91,"['chowchow', 'peas', 'small onion']","[91, 3, 2]"
7.1,33.5,62.4,72.1,43.0,54.0,cucumber,cucumber,cucumber,97,"['cucumber', 'groundnut', 'rice']","[97, 2, 1]"
7.2,28.3,81.8,21.5,34.5,23.1,gingely,gingely,gingely,100,"['gingely', 'pearl millet', 'greengram']","[100, 0, 0]"
6.6,18.1,76.9,47.5,36.6,29.3,redgram,redgram,redgram,93,"['redgram', 'soyabean', 'pearl millet']","[93, 5, 1]"
6.8,20.4,17.9,31.4,28.3,29.3,thinai,thinai,blackgram,43,"['blackgram', 'thinai', 'ragi']","[43, 29, 18]"
6.6,30.4,77.0,63.7,77.5,81.2,ribbed gourd,ribbed gourd,ribbed gourd,92,"['ribbed gourd', 'bitter gourd', 'ash gourd']","[92, 6, 1]"
6.3,20.1,83.3,135.6,68.9,100.2,onion,onion,onion,80,"['onion', 'brinjal', 'tomato']","[80, 12, 2]"
6.4,21.4,90.0,137.5,70.6,112.6,brinjal,brinjal,brinjal,68,"['brinjal', 'capsicum', 'cabbage']","[68, 19, 10]"
6.3,25.0,76.8,107.8,44.6,78.8,watermelon,watermelon,watermelon,91,"['watermelon', 'chillies', 'muskmelon']","[91, 4, 2]"
6.2,12.6,18.4,37.3,29.8,27.6,ragi,ragi,ragi,57,"['ragi', 'panivaragu', 'thinai']","[57, 43, 0]"
6.8,19.1,99.1,80.6,52.4,58.5,beetroot,beetroot,beetroot,93,"['beetroot', 'cauliflower', 'radish']","[93, 6, 1]"
6.5,23.2,60.1,96.4,59.0,99.3,pumpkin,pumpkin,pumpkin,75,"['pumpkin', 'ash gourd', 'carrot']","[75, 25, 0]"
6.5,17.2,96.1,81.3,40.3,42.1,radish,radish,radish,65,"['radish', 'cauliflower', 'beetroot']","[65, 26, 7]"
6.1,12.2,97.3,80.3,47.4,56.8,radish,radish,radish,98,"['radish', 'cauliflower', 'beetroot']","[98, 1, 0]"
6.3,13.8,99.4,143.1,88.1,111.5,cabbage,cabbage,cabbage,100,"['cabbage', 'capsicum', 'bhendi']","[100, 0, 0]"
6.6,21.3,50.9,93.7,50.1,41.2,wheat,wheat,wheat,99,"['wheat', 'rice', 'small onion']","[99, 0, 0]"
6.7,19.8,90.0,144.1,71.1,86.4,brinjal,brinjal,brinjal,78,"['brinjal', 'capsicum', 'cabbage']","[78, 17, 4]"
6.1,22.5,78.9,67.2,45.7,94.5,bottle gourd,bottle gourd,bottle gourd,94,"['bottle gourd', 'snake gourd', 'bitter gourd']","[94, 3, 2]"
6.8,20.5,16.1,30.7,29.3,22.2,thinai,thinai,thinai,44,"['thinai', 'blackgram', 'ragi']","[44, 22, 20]"
6.4,20.0,18.5,56.6,38.7,31.5,kudiraivali,kudiraivali,kudiraivali,100,"['kudiraivali', 'cowpea', 'bengalgram']","[100, 0, 0]"
7.0,18.4,82.1,72.5,30.4,35.0,soyabean,soyabean,soyabean,78,"['soyabean', 'sunflower', 'redgram']","[78, 12, 6]"
6.2,21.2,86.8,103.9,42.0,42.4,sweet potato,sweet potato,sweet potato,99,"['sweet potato', 'peas', 'chowchow']","[99, 0, 0]"
7.3,34.2,84.0,117.2,58.4,44.0,annual moringa,annual moringa,annual moringa,97,"['annual moringa', 'cotton', 'peas']","[97, 1, 1]"
6.8,20.0,16.4,48.9,39.5,39.3,kudiraivali,kudiraivali,kudiraivali,100,"['kudiraivali', 'blackgram', 'thinai']","[100, 0, 0]"
5.7,20.1,75.7,75.3,56.0,48.4,vegetable cowpea,vegetable cowpea,chowchow,56,"['chowchow', 'french bean', 'vegetable cowpea']","[56, 22, 21]"
6.5,26.9,84.2,142.9,60.2,106.7,chillies,chillies,chillies,84,"['chillies', 'tomato', 'brinjal']","[84, 10, 3]"
7.1,34.6,61.2,77.7,45.2,56.4,cucumber,cucumber,cucumber,96,"['cucumber', 'rice', 'groundnut']","[96, 2, 1]"
7.2,24.9,71.5,68.5,49.4,39.0,jute,jute,jute,75,"['jute', 'cucumber', 'cluster bean']","[75, 10, 4]"
7.8,22.1,82.9,88.2,42.6,42.1,cluster bean,cluster bean,cluster bean,76,"['cluster bean', 'cotton', 'peas']","[76, 22, 1]"
5.8,20.0,16.9,40.3,25.5,30.0,kudiraivali,kudiraivali,kudiraivali,75,"['kudiraivali', 'ragi', 'thinai']","[75, 10, 9]"
6.1,10.1,95.7,137.4,89.2,110.2,cabbage,cabbage,cabbage,100,"['cabbage', 'capsicum', 'bhendi']","[100, 0, 0]"
5.6,14.1,82.4,90.8,45.9,50.3,french bean,french bean,french bean,99,"['french bean', 'chowchow', 'vegetable cowpea']","[99, 0, 0]"
5.7,16.6,96.3,70.4,47.2,42.1,radish,radish,radish,98,"['radish', 'sorghum', 'beetroot']","[98, 1, 0]"
6.1,27.6,83.7,73.8,47.1,54.8,elephant foot yam,elephant foot yam,elephant foot yam,82,"['elephant foot yam', 'vegetable cowpea', 'jute']","[82, 12, 2]"
7.1,27.5,62.1,79.0,52.0,48.2,cucumber,cucumber,cucumber,95,"['cucumber', 'tapoica', 'rice']","[95, 2, 2]"
6.5,37.3,71.1,46.4,32.8,39.4,horsegram,horsegram,horsegram,98,"['horsegram', 'jute', 'greengram']","[98, 1, 0]"
6.6,28.6,82.3,139.0,59.0,95.9,tomato,tomato,chillies,70,"['chillies', 'tomato', 'muskmelon']","[70, 26, 3]"
5.6,22.8,95.9,42.7,33.2,35.5,castor,castor,castor,93,"['castor', 'pearl millet', 'sunflower']","[93, 6, 1]"
6.8,27.5,85.0,92.4,40.3,41.0,elephant foot yam,elephant foot yam,jute,42,"['jute', 'tinda', 'peas']","[42, 21, 15]"
6.7,27.9,79.4,98.5,78.6,74.1,bitter gourd,bitter gourd,bitter gourd,51,"['bitter gourd', 'ribbed gourd', 'muskmelon']","[51, 43, 2]"
6.9,27.6,17.2,37.5,23.2,24.2,blackgram,blackgram,thinai,46,"['thinai', 'panivaragu', 'blackgram']","[46, 19, 19]"
6.9,29.5,17.0,29.6,31.3,31.8,blackgram,blackgram,blackgram,98,"['blackgram', 'thinai', 'panivaragu']","[98, 1, 1]"
5.8,26.8,77.1,64.1,45.6,53.0,french bean,french bean,vegetable cowpea,70,"['vegetable cowpea', 'french bean', 'elephant foot yam']","[70, 22, 7]"
6.4,31.7,88.9,33.4,37.9,35.0,gingely,gingely,gingely,99,"['gingely', 'pearl millet', 'soyabean']","[99, 1, 0]"
7.0,21.6,71.9,75.9,21.9,30.7,soyabean,soyabean,soyabean,97,"['soyabean', 'sunflower', 'redgram']","[97, 1, 1]"
6.9,23.5,17.3,32.5,34.7,20.4,blackgram,blackgram,blackgram,80,"['blackgram', 'thinai', 'ragi']","[80, 13, 5]"
6.2,27.8,60.0,42.4,27.8,20.2,bengalgram,bengalgram,bengalgram,90,"['bengalgram', 'horsegram', 'cowpea']","[90, 7, 2]"
6.6,19.1,18.1,37.8,29.3,26.1,ragi,ragi,ragi,51,"['ragi', 'panivaragu', 'thinai']","[51, 31, 11]"
7.8,23.9,92.9,48.6,30.0,34.5,castor,castor,sunflower,56,"['sunflower', 'castor', 'pearl millet']","[56, 42, 1]"
6.8,25.2,16.7,31.1,25.2,22.4,ragi,ragi,thinai,49,"['thinai', 'ragi', 'panivaragu']","[49, 18, 16]"
6.8,18.2,75.9,85.1,53.2,53.8,peas,peas,peas,70,"['peas', 'small onion', 'chowchow']","[70, 22, 5]"
7.4,34.4,83.1,97.9,75.1,94.8,ribbed gourd,ribbed gourd,ribbed gourd,95,"['ribbed gourd', 'muskmelon', 'bitter gourd']","[95, 4, 0]"
7.0,20.6,98.5,65.7,59.1,52.4,beetroot,beetroot,beetroot,84,"['beetroot', 'sorghum', 'cauliflower']","[84, 15, 0]"
7.5,23.8,84.5,54.9,23.1,35.1,sunflower,sunflower,sunflower,64,"['sunflower', 'castor', 'pearl millet']","[64, 29, 5]"
6.0,27.2,56.4,62.7,41.2,44.4,tapoica,tapoica,tapoica,99,"['tapoica', 'cowpea', 'ash gourd']","[99, 1, 0]"
6.4,26.0,18.2,34.0,26.2,24.7,varagu,varagu,varagu,73,"['varagu', 'thinai', 'panivaragu']","[73, 15, 6]"
6.2,21.4,87.3,82.3,58.2,85.9,snake gourd,snake gourd,snake gourd,98,"['snake gourd', 'bottle gourd', 'brinjal']","[98, 1, 0]"
7.2,26.1,82.4,119.9,41.1,79.6,muskmelon,muskmelon,watermelon,55,"['watermelon', 'muskmelon', 'tomato']","[55, 29, 13]"
6.3,26.8,77.6,100.1,42.4,119.1,chillies,chillies,chillies,71,"['chillies', 'watermelon', 'tomato']","[71, 22, 2]"
6.4,26.6,92.7,74.9,55.9,40.9,sorghum,sorghum,sorghum,97,"['sorghum', 'cauliflower', 'jute']","[97, 1, 1]"
6.3,11.5,99.0,76.9,57.6,43.6,radish,radish,radish,97,"['radish', 'sorghum', 'cauliflower']","[97, 2, 1]"
6.5,26.9,60.0,48.7,31.8,21.0,bengalgram,bengalgram,bengalgram,90,"['bengalgram', 'horsegram', 'cowpea']","[90, 8, 1]"
6.3,28.3,87.5,20.7,30.8,23.5,gingely,gingely,gingely,100,"['gingely', 'pearl millet', 'soyabean']","[100, 0, 0]"
7.2,15.5,18.4,36.8,24.8,29.7,ragi,ragi,ragi,96,"['ragi', 'panivaragu', 'blackgram']","[96, 4, 0]"
6.1,25.6,95.6,116.4,98.8,96.0,bhendi,bhendi,bhendi,86,"['bhendi', 'cabbage', 'capsicum']","[86, 14, 0]"
7.1,29.8,81.5,95.5,47.0,95.1,muskmelon,muskmelon,muskmelon,63,"['muskmelon', 'ribbed gourd', 'bitter gourd']","[63, 32, 3]"
6.0,26.5,15.7,35.5,22.2,22.7,varagu,varagu,varagu,80,"['varagu', 'thinai', 'ragi']","[80, 13, 4]"
6.6,21.8,51.7,82.8,59.3,48.4,wheat,wheat,wheat,99,"['wheat', 'rice', 'small onion']","[99, 1, 0]"
6.7,18.8,69.0,64.0,57.1,81.4,pumpkin,pumpkin,pumpkin,99,"['pumpkin', 'bottle gourd', 'carrot']","[99, 1, 0]"
6.8,26.6,77.4,89.5,48.1,54.7,annual moringa,annual moringa,tinda,61,"['tinda', 'annual moringa', 'peas']","[61, 16, 8]"
5.8,27.4,77.2,67.0,53.4,40.5,vegetable cowpea,vegetable cowpea,vegetable cowpea,87,"['vegetable cowpea', 'elephant foot yam', 'french bean']","[87, 7, 5]"
6.5,27.9,94.8,117.3,55.0,88.3,capsicum,capsicum,capsicum,94,"['capsicum', 'brinjal', 'bhendi']","[94, 3, 1]"
5.6,25.1,81.8,159.3,86.0,63.6,maize,maize,maize,100,"['maize', 'sugarbeet', 'chillies']","[100, 0, 0]"
6.8,25.8,76.2,41.8,25.2,33.4,redgram,redgram,redgram,87,"['redgram', 'horsegram', 'soyabean']","[87, 10, 2]"
5.8,20.4,78.1,94.2,48.4,54.8,chowchow,chowchow,chowchow,53,"['chowchow', 'vegetable cowpea', 'french bean']","[53, 23, 21]"
7.5,26.2,90.0,118.8,79.0,118.7,brinjal,brinjal,brinjal,95,"['brinjal', 'tomato', 'capsicum']","[95, 2, 2]"
6.4,17.0,66.1,111.3,62.8,95.1,carrot,carrot,carrot,97,"['carrot', 'sugarbeet', 'pumpkin']","[97, 2, 0]"
6.8,20.4,60.0,41.4,21.1,39.9,bengalgram,bengalgram,bengalgram,94,"['bengalgram', 'kudiraivali', 'cowpea']","[94, 3, 1]"
6.7,27.0,83.5,75.8,57.1,72.0,bitter gourd,bitter gourd,bitter gourd,66,"['bitter gourd', 'ribbed gourd', 'bottle gourd']","[66, 24, 6]"
6.5,24.6,85.4,70.1,74.7,74.8,snake gourd,snake gourd,snake gourd,77,"['snake gourd', 'bottle gourd', 'bitter gourd']","[77, 12, 11]"
5.6,12.0,80.8,53.8,39.7,27.0,pearl millet,pearl millet,pearl millet,83,"['pearl millet', 'french bean', 'soyabean']","[83, 9, 5]"
6.7,29.6,90.0,104.2,41.6,96.1,brinjal,brinjal,brinjal,80,"['brinjal', 'capsicum', 'bitter gourd']","[80, 16, 2]"
6.1,27.7,69.2,70.2,62.0,80.3,ash gourd,ash gourd,ash gourd,98,"['ash gourd', 'pumpkin', 'ribbed gourd']","[98, 2, 1]"
5.8,10.4,96.9,64.0,59.8,47.4,radish,radish,radish,100,"['radish', 'sorghum', 'cauliflower']","[100, 0, 0]"
6.9,17.4,88.1,74.2,28.7,30.8,soyabean,soyabean,soyabean,96,"['soyabean', 'pearl millet', 'sunflower']","[96, 3, 1]"
7.1,15.3,77.8,107.6,60.6,66.3,sugarbeet,sugarbeet,sugarbeet,95,"['sugarbeet', 'peas', 'tomato']","[95, 5, 1]"
6.7,23.0,85.3,70.9,56.3,63.3,snake gourd,snake gourd,snake gourd,77,"['snake gourd', 'bottle gourd', 'bitter gourd']","[77, 20, 2]"
7.6,30.6,79.7,113.2,55.0,47.8,annual moringa,annual moringa,annual moringa,91,"['annual moringa', 'cotton', 'peas']","[91, 8, 1]"
7.2,29.3,79.0,120.8,56.4,89.4,tomato,tomato,tomato,48,"['tomato', 'muskmelon', 'chillies']","[48, 46, 3]"
8.0,18.1,72.1,115.6,62.2,60.8,sugarbeet,sugarbeet,sugarbeet,100,"['sugarbeet', 'peas', 'carrot']","[100, 0, 0]"
6.2,20.0,15.4,57.1,37.2,32.5,kudiraivali,kudiraivali,kudiraivali,100,"['kudiraivali', 'cowpea', 'thinai']","[100, 0, 0]"
5.6,16.9,98.6,82.1,42.7,42.0,radish,radish,radish,99,"['radish', 'beetroot', 'cauliflower']","[99, 1, 0]"
7.9,27.5,87.2,29.7,28.5,23.6,gingely,gingely,gingely,100,"['gingely', 'pearl millet', 'castor']","[100, 0, 0]"
6.4,16.1,96.5,129.5,95.9,93.4,cabbage,cabbage,cabbage,100,"['cabbage', 'capsicum', 'bhendi']","[100, 0, 0]"
6.4,11.8,95.5,104.5,71.7,108.0,cabbage,cabbage,cabbage,99,"['cabbage', 'capsicum', 'brinjal']","[99, 1, 0]"
5.9,13.0,98.7,62.3,49.9,41.7,radish,radish,radish,99,"['radish', 'sorghum', 'beetroot']","[99, 0, 0]"
6.7,25.8,87.4,71.4,74.9,60.4,bitter gourd,bitter gourd,bitter gourd,57,"['bitter gourd', 'snake gourd', 'bottle gourd']","[57, 35, 5]"
6.7,24.4,96.0,144.4,71.0,87.0,bhendi,bhendi,bhendi,93,"['bhendi', 'cabbage', 'capsicum']","[93, 3, 3]"
6.6,17.6,95.8,102.0,50.2,49.6,cauliflower,cauliflower,cauliflower,95,"['cauliflower', 'beetroot', 'radish']","[95, 3, 2]"
7.1,34.2,62.8,22.6,32.6,25.6,greengram,greengram,greengram,100,"['greengram', 'horsegram', 'blackgram']","[100, 0, 0]"
6.7,28.1,91.9,32.7,37.7,26.0,gingely,gingely,gingely,99,"['gingely', 'pearl millet', 'soyabean']","[99, 0, 0]"
6.4,20.9,80.3,141.1,88.2,89.5,maize,maize,maize,61,"['maize', 'onion', 'sugarbeet']","[61, 35, 1]"
7.9,15.5,18.8,30.5,23.6,20.5,ragi,ragi,ragi,100,"['ragi', 'panivaragu', 'blackgram']","[100, 0, 0]"
6.5,14.1,16.1,30.8,23.8,29.3,ragi,ragi,ragi,55,"['ragi', 'panivaragu', 'thinai']","[55, 45, 0]"
6.8,19.5,67.8,85.4,56.3,54.5,small onion,small onion,small onion,87,"['small onion', 'groundnut', 'rice']","[87, 4, 4]"
6.9,26.1,90.5,82.4,53.9,86.9,bitter gourd,bitter gourd,bitter gourd,89,"['bitter gourd', 'snake gourd', 'capsicum']","[89, 9, 1]"
7.4,24.5,84.7,65.3,36.4,35.7,sunflower,sunflower,sunflower,56,"['sunflower', 'castor', 'jute']","[56, 30, 7]"
6.9,24.4,77.2,124.3,70.2,71.9,sugarbeet,sugarbeet,sugarbeet,71,"['sugarbeet', 'maize', 'tomato']","[71, 19, 7]"
6.8,20.1,17.2,30.6,25.6,30.9,blackgram,blackgram,blackgram,62,"['blackgram', 'thinai', 'ragi']","[62, 17, 13]"
6.9,35.2,65.0,74.6,56.9,55.1,groundnut,groundnut,groundnut,75,"['groundnut', 'cucumber', 'rice']","[75, 24, 1]"
6.2,30.6,83.4,76.4,45.6,45.3,elephant foot yam,elephant foot yam,elephant foot yam,85,"['elephant foot yam', 'jute', 'vegetable cowpea']","[85, 11, 3]"
5.9,25.2,16.5,33.5,20.9,21.6,varagu,varagu,varagu,77,"['varagu', 'thinai', 'ragi']","[77, 14, 5]"
7.1,20.5,80.8,69.2,29.3,35.9,sunflower,sunflower,sunflower,88,"['sunflower', 'soyabean', 'castor']","[88, 7, 2]"
6.6,31.4,65.0,65.6,49.0,51.4,groundnut,groundnut,groundnut,73,"['groundnut', 'cucumber', 'tapoica']","[73, 26, 0]"
6.9,25.0,97.7,52.1,33.3,29.3,castor,castor,castor,62,"['castor', 'sunflower', 'pearl millet']","[62, 30, 6]"
7.2,31.0,91.9,25.7,32.2,24.2,gingely,gingely,gingely,100,"['gingely', 'pearl millet', 'castor']","[100, 0, 0]"
7.1,29.9,78.3,140.8,58.3,118.0,tomato,tomato,tomato,83,"['tomato', 'chillies', 'sugarcane']","[83, 10, 5]"
6.7,36.6,17.1,32.0,21.5,23.6,blackgram,blackgram,panivaragu,64,"['panivaragu', 'blackgram', 'thinai']","[64, 35, 0]"
6.7,22.0,15.0,39.7,27.5,29.7,panivaragu,panivaragu,thinai,44,"['thinai', 'panivaragu', 'ragi']","[44, 17, 17]"
5.5,18.9,75.9,65.8,41.4,58.8,chowchow,chowchow,chowchow,65,"['chowchow', 'french bean', 'vegetable cowpea']","[65, 26, 5]"
7.0,15.9,97.1,70.1,40.0,41.1,sorghum,sorghum,sorghum,60,"['sorghum', 'radish', 'beetroot']","[60, 32, 4]"
6.9,25.5,78.2,58.9,26.2,32.8,horsegram,horsegram,redgram,81,"['redgram', 'soyabean', 'horsegram']","[81, 12, 5]"
6.9,20.0,67.0,90.6,59.2,51.2,small onion,small onion,small onion,78,"['small onion', 'rice', 'peas']","[78, 12, 4]"
6.9,25.0,81.2,55.5,29.0,31.3,pearl millet,pearl millet,redgram,57,"['redgram', 'soyabean', 'castor']","[57, 14, 10]"
6.5,21.0,79.4,75.1,40.1,47.1,chowchow,chowchow,chowchow,86,"['chowchow', 'small onion', 'peas']","[86, 3, 3]"
6.7,27.9,78.4,45.5,22.0,37.6,redgram,redgram,redgram,88,"['redgram', 'horsegram', 'soyabean']","[88, 8, 2]"
6.3,18.5,65.1,123.9,64.0,80.1,maize,maize,sugarbeet,47,"['sugarbeet', 'maize', 'carrot']","[47, 28, 24]"
7.2,16.5,81.4,118.3,55.5,59.6,peas,peas,peas,98,"['peas', 'sugarbeet', 'cotton']","[98, 2, 0]"
7.0,17.7,90.4,108.6,72.0,103.5,capsicum,capsicum,capsicum,79,"['capsicum', 'brinjal', 'cabbage']","[79, 17, 3]"
6.0,19.7,67.6,118.4,97.6,77.3,carrot,carrot,carrot,88,"['carrot', 'maize', 'sugarbeet']","[88, 8, 4]"
6.4,25.6,66.9,82.8,75.0,80.1,pumpkin,pumpkin,ash gourd,60,"['ash gourd', 'pumpkin', 'bottle gourd']","[60, 40, 0]"
6.8,36.3,17.1,30.2,38.1,30.4,blackgram,blackgram,blackgram,99,"['blackgram', 'panivaragu', 'thinai']","[99, 1, 0]"
7.6,22.3,83.0,67.9,54.5,50.8,cluster bean,cluster bean,cluster bean,99,"['cluster bean', 'cotton', 'peas']","[99, 0, 0]"
6.6,19.9,77.6,148.5,40.3,91.6,tomato,tomato,tomato,88,"['tomato', 'onion', 'chillies']","[88, 10, 1]"
7.3,36.4,93.9,76.1,53.2,40.7,sorghum,sorghum,sorghum,97,"['sorghum', 'jute', 'elephant foot yam']","[97, 3, 0]"
6.2,24.9,76.7,121.2,63.7,90.9,chillies,chillies,chillies,58,"['chillies', 'onion', 'maize']","[58, 32, 4]"
6.4,26.6,19.4,30.8,24.4,22.8,varagu,varagu,varagu,67,"['varagu', 'thinai', 'panivaragu']","[67, 18, 8]"
6.2,21.2,75.2,120.6,52.9,82.7,onion,onion,onion,86,"['onion', 'chillies', 'tomato']","[86, 5, 4]"
6.5,22.8,78.4,41.2,39.0,20.4,redgram,redgram,redgram,91,"['redgram', 'sunflower', 'soyabean']","[91, 3, 2]"
6.6,28.2,82.1,78.1,56.6,47.8,elephant foot yam,elephant foot yam,tinda,57,"['tinda', 'elephant foot yam', 'annual moringa']","[57, 36, 2]"
8.8,28.7,19.4,35.2,29.1,21.5,samai,samai,samai,100,"['samai', 'ragi', 'blackgram']","[100, 0, 0]"
5.5,33.2,80.5,81.8,44.1,53.5,elephant foot yam,elephant foot yam,elephant foot yam,89,"['elephant foot yam', 'rice', 'vegetable cowpea']","[89, 9, 1]"
8.5,21.4,78.8,82.2,41.6,40.2,cluster bean,cluster bean,cluster bean,98,"['cluster bean', 'cotton', 'rice']","[98, 2, 0]"
7.1,41.1,17.0,29.3,35.1,33.8,blackgram,blackgram,blackgram,100,"['blackgram', 'panivaragu', 'samai']","[100, 0, 0]"
6.3,20.8,76.2,79.0,45.2,44.4,chowchow,chowchow,chowchow,87,"['chowchow', 'small onion', 'peas']","[87, 6, 2]"
6.4,20.0,99.6,61.6,46.4,54.5,beetroot,beetroot,beetroot,95,"['beetroot', 'sorghum', 'radish']","[95, 5, 0]"
6.4,30.0,60.0,47.0,30.5,21.7,bengalgram,bengalgram,bengalgram,72,"['bengalgram', 'horsegram', 'cowpea']","[72, 25, 2]"
7.8,23.1,79.9,161.6,75.9,128.6,sugarcane,sugarcane,sugarcane,99,"['sugarcane', 'tomato', 'sugarbeet']","[99, 0, 0]"
6.0,14.9,95.2,60.7,47.5,42.5,radish,radish,radish,92,"['radish', 'sorghum', 'beetroot']","[92, 7, 1]"
7.2,27.1,92.8,40.6,33.7,22.8,pearl millet,pearl millet,pearl millet,50,"['pearl millet', 'gingely', 'castor']","[50, 41, 6]"
6.2,19.3,79.7,63.6,68.5,80.8,bottle gourd,bottle gourd,bottle gourd,92,"['bottle gourd', 'snake gourd', 'pumpkin']","[92, 8, 0]"
6.8,24.6,80.2,53.6,39.3,36.5,redgram,redgram,redgram,82,"['redgram', 'soyabean', 'sunflower']","[82, 5, 5]"
7.3,20.3,94.3,43.0,24.2,26.9,pearl millet,pearl millet,sunflower,83,"['sunflower', 'pearl millet', 'castor']","[83, 12, 5]"
6.8,27.2,59.8,99.3,56.8,41.0,tapoica,tapoica,tapoica,88,"['tapoica', 'cucumber', 'rice']","[88, 8, 2]"
6.5,40.5,81.2,45.2,35.6,40.0,pearl millet,pearl millet,pearl millet,81,"['pearl millet', 'horsegram', 'jute']","[81, 10, 6]"
5.8,19.2,82.3,64.1,57.3,59.8,chowchow,chowchow,chowchow,49,"['chowchow', 'french bean', 'snake gourd']","[49, 29, 15]"
6.9,27.9,80.7,61.5,47.0,61.1,bitter gourd,bitter gourd,bitter gourd,36,"['bitter gourd', 'ribbed gourd', 'tinda']","[36, 32, 20]"
7.7,24.1,72.3,86.4,51.5,52.6,cotton,cotton,cotton,56,"['cotton', 'rice', 'cluster bean']","[56, 30, 11]"
6.3,29.9,62.2,90.3,68.0,66.3,ash gourd,ash gourd,ash gourd,99,"['ash gourd', 'pumpkin', 'tapoica']","[99, 1, 0]"
6.0,23.5,95.0,121.0,49.6,100.9,capsicum,capsicum,capsicum,88,"['capsicum', 'cabbage', 'bhendi']","[88, 6, 4]"
7.8,21.0,88.1,41.5,26.0,31.6,sunflower,sunflower,sunflower,86,"['sunflower', 'castor', 'pearl millet']","[86, 12, 2]"
6.9,28.2,60.0,41.2,20.3,33.4,bengalgram,bengalgram,bengalgram,75,"['bengalgram', 'greengram', 'horsegram']","[75, 13, 11]"
6.6,25.2,84.7,148.6,75.5,119.8,chillies,chillies,chillies,60,"['chillies', 'tomato', 'onion']","[60, 24, 11]"
5.8,20.6,78.1,64.0,54.3,55.2,french bean,french bean,chowchow,51,"['chowchow', 'vegetable cowpea', 'french bean']","[51, 28, 19]"
7.1,25.2,69.8,23.7,38.3,34.8,greengram,greengram,greengram,98,"['greengram', 'gingely', 'horsegram']","[98, 1, 0]"
8.0,24.7,72.9,155.3,75.5,120.3,sugarcane,sugarcane,sugarcane,99,"['sugarcane', 'sugarbeet', 'tomato']","[99, 0, 0]"
5.6,23.3,80.8,82.3,54.5,44.8,vegetable cowpea,vegetable cowpea,vegetable cowpea,58,"['vegetable cowpea', 'french bean', 'chowchow']","[58, 35, 4]"
6.5,17.9,71.4,63.5,50.7,50.4,small onion,small onion,small onion,97,"['small onion', 'groundnut', 'chowchow']","[97, 2, 0]"
5.9,25.0,53.4,96.4,44.1,48.1,tapoica,tapoica,tapoica,95,"['tapoica', 'wheat', 'rice']","[95, 3, 1]"
6.9,20.2,63.4,66.6,43.7,62.0,pumpkin,pumpkin,pumpkin,93,"['pumpkin', 'groundnut', 'small onion']","[93, 5, 1]"
6.7,19.9,83.0,63.1,64.0,68.0,bottle gourd,bottle gourd,bottle gourd,88,"['bottle gourd', 'snake gourd', 'bitter gourd']","[88, 12, 0]"
7.2,27.7,80.8,94.2,51.3,80.2,ribbed gourd,ribbed gourd,muskmelon,52,"['muskmelon', 'ribbed gourd', 'watermelon']","[52, 28, 14]"
5.7,26.8,19.0,37.3,23.8,22.9,varagu,varagu,varagu,77,"['varagu', 'thinai', 'ragi']","[77, 13, 6]"
6.5,28.5,84.5,92.0,57.7,43.1,tinda,tinda,elephant foot yam,48,"['elephant foot yam', 'tinda', 'annual moringa']","[48, 29, 11]"
6.9,19.5,68.7,82.5,47.5,58.4,small onion,small onion,small onion,85,"['small onion', 'groundnut', 'peas']","[85, 6, 3]"
7.1,30.2,82.2,96.3,47.7,94.8,muskmelon,muskmelon,muskmelon,66,"['muskmelon', 'ribbed gourd', 'bitter gourd']","[66, 32, 1]"
6.9,34.5,82.4,82.2,58.4,44.0,annual moringa,annual moringa,elephant foot yam,58,"['elephant foot yam', 'annual moringa', 'jute']","[58, 32, 5]"
7.2,28.4,76.6,89.1,54.4,61.8,ribbed gourd,ribbed gourd,muskmelon,46,"['muskmelon', 'ribbed gourd', 'tinda']","[46, 28, 8]"
6.1,21.1,19.8,37.2,23.2,27.5,thinai,thinai,thinai,50,"['thinai', 'panivaragu', 'ragi']","[50, 23, 21]"
5.8,25.9,18.4,30.9,22.0,23.1,varagu,varagu,varagu,78,"['varagu', 'thinai', 'ragi']","[78, 12, 6]"
6.9,36.8,99.7,63.4,51.1,54.3,sorghum,sorghum,sorghum,100,"['sorghum', 'cauliflower', 'jute']","[100, 0, 0]"
7.8,25.4,81.0,99.2,41.8,48.8,cotton,cotton,cotton,49,"['cotton', 'annual moringa', 'cluster bean']","[49, 30, 13]"
6.1,23.6,78.7,134.6,58.7,83.4,onion,onion,onion,66,"['onion', 'chillies', 'maize']","[66, 30, 2]"
6.6,29.3,62.2,35.3,21.0,23.8,greengram,greengram,greengram,98,"['greengram', 'bengalgram', 'horsegram']","[98, 1, 1]"
5.5,19.3,92.4,117.8,74.4,100.0,capsicum,capsicum,capsicum,81,"['capsicum', 'cabbage', 'bhendi']","[81, 18, 0]"
6.3,33.0,95.6,78.3,49.5,51.9,sorghum,sorghum,sorghum,99,"['sorghum', 'jute', 'elephant foot yam']","[99, 0, 0]"
6.4,35.8,72.5,59.4,30.3,36.1,horsegram,horsegram,horsegram,92,"['horsegram', 'jute', 'soyabean']","[92, 5, 3]"
6.0,19.9,90.6,104.8,50.9,90.6,capsicum,capsicum,capsicum,89,"['capsicum', 'cabbage', 'brinjal']","[89, 6, 4]"
6.0,15.4,97.3,129.6,96.8,104.5,cabbage,cabbage,cabbage,99,"['cabbage', 'capsicum', 'bhendi']","[99, 1, 0]"
7.3,22.8,66.7,182.7,65.9,148.3,sugarcane,sugarcane,sugarcane,100,"['sugarcane', 'sugarbeet', 'maize']","[100, 0, 0]"
7.4,26.5,79.9,83.9,56.5,57.9,peas,peas,tinda,44,"['tinda', 'cotton', 'annual moringa']","[44, 22, 17]"
6.1,27.0,15.5,39.6,20.3,24.4,varagu,varagu,varagu,68,"['varagu', 'thinai', 'panivaragu']","[68, 20, 8]"
6.8,34.3,71.0,63.7,39.8,37.1,jute,jute,jute,86,"['jute', 'soyabean', 'horsegram']","[86, 6, 5]"
7.1,18.3,79.2,145.9,45.4,105.3,tomato,tomato,tomato,100,"['tomato', 'brinjal', 'onion']","[100, 0, 0]"
6.2,22.7,86.6,116.0,54.3,49.9,sweet potato,sweet potato,sweet potato,100,"['sweet potato', 'peas', 'snake gourd']","[100, 0, 0]"
7.3,33.2,83.5,36.5,24.3,28.9,gingely,gingely,gingely,98,"['gingely', 'pearl millet', 'horsegram']","[98, 2, 0]"
6.0,18.5,76.5,65.2,58.0,48.9,chowchow,chowchow,chowchow,85,"['chowchow', 'french bean', 'vegetable cowpea']","[85, 11, 2]"
5.9,20.9,93.1,54.8,22.8,25.3,pearl millet,pearl millet,pearl millet,73,"['pearl millet', 'castor', 'soyabean']","[73, 17, 6]"
6.3,20.2,67.7,85.5,45.4,48.3,small onion,small onion,small onion,85,"['small onion', 'rice', 'chowchow']","[85, 12, 1]"
6.5,27.1,90.2,64.9,70.0,96.0,bitter gourd,bitter gourd,bitter gourd,79,"['bitter gourd', 'snake gourd', 'bottle gourd']","[79, 20, 0]"
6.6,24.8,87.6,110.3,57.9,50.3,sweet potato,sweet potato,sweet potato,91,"['sweet potato', 'peas', 'cotton']","[91, 8, 1]"
6.4,18.2,68.6,80.4,42.9,88.8,pumpkin,pumpkin,pumpkin,97,"['pumpkin', 'carrot', 'bottle gourd']","[97, 2, 1]"
6.7,17.2,73.0,66.8,58.4,43.8,small onion,small onion,small onion,97,"['small onion', 'groundnut', 'peas']","[97, 2, 1]"
6.1,22.9,15.3,34.5,29.5,20.2,thinai,thinai,thinai,51,"['thinai', 'panivaragu', 'ragi']","[51, 30, 16]"
5.7,31.8,71.2,91.7,47.1,43.2,rice,rice,rice,97,"['rice', 'jute', 'vegetable cowpea']","[97, 2, 1]"
7.5,20.4,90.0,119.8,79.6,92.0,brinjal,brinjal,brinjal,97,"['brinjal', 'capsicum', 'tomato']","[97, 2, 1]"
6.1,24.1,79.7,122.9,42.8,109.1,chillies,chillies,onion,67,"['onion', 'chillies', 'tomato']","[67, 31, 1]"
7.2,26.7,79.9,117.1,54.8,56.1,cotton,cotton,annual moringa,44,"['annual moringa', 'cotton', 'peas']","[44, 37, 15]"
5.7,20.2,81.2,90.8,47.6,58.6,chowchow,chowchow,chowchow,52,"['chowchow', 'french bean', 'vegetable cowpea']","[52, 26, 19]"
7.3,10.2,89.9,112.6,50.3,59.5,peas,peas,peas,99,"['peas', 'cauliflower', 'cotton']","[99, 1, 0]"
7.2,22.5,84.5,77.6,49.5,40.1,cluster bean,cluster bean,cluster bean,86,"['cluster bean', 'cotton', 'peas']","[86, 9, 2]"
6.8,17.0,97.1,92.0,45.5,42.4,radish,radish,cauliflower,61,"['cauliflower', 'radish', 'beetroot']","[61, 33, 4]"
6.1,26.0,90.3,125.9,51.9,114.3,capsicum,capsicum,capsicum,81,"['capsicum', 'brinjal', 'cabbage']","[81, 15, 2]"
8.8,39.5,18.0,39.7,22.5,23.4,samai,samai,samai,100,"['samai', 'blackgram', 'panivaragu']","[100, 0, 0]"
7.7,24.0,74.9,119.0,45.8,49.9,cotton,cotton,cotton,91,"['cotton', 'peas', 'annual moringa']","[91, 6, 2]"
6.3,21.4,16.4,30.5,26.3,24.4,thinai,thinai,thinai,57,"['thinai', 'panivaragu', 'ragi']","[57, 20, 19]"
6.3,21.5,70.7,88.9,59.9,58.7,small onion,small onion,small onion,80,"['small onion', 'rice', 'pumpkin']","[80, 10, 4]"
5.9,24.0,88.1,102.7,49.4,43.9,sweet potato,sweet potato,sweet potato,100,"['sweet potato', 'vegetable cowpea', 'cauliflower']","[100, 0, 0]"
7.2,27.1,79.3,85.3,43.4,43.8,annual moringa,annual moringa,tinda,55,"['tinda', 'annual moringa', 'cotton']","[55, 16, 14]"
7.3,22.5,83.3,105.0,52.9,87.1,tomato,tomato,tomato,73,"['tomato', 'watermelon', 'brinjal']","[73, 21, 3]"
5.8,28.6,60.0,53.0,35.0,21.3,bengalgram,bengalgram,bengalgram,95,"['bengalgram', 'cowpea', 'horsegram']","[95, 3, 2]"
6.8,28.3,52.4,74.2,58.5,48.3,tapoica,tapoica,tapoica,98,"['tapoica', 'cucumber', 'groundnut']","[98, 1, 0]"
5.5,31.0,82.1,87.0,59.2,48.9,elephant foot yam,elephant foot yam,elephant foot yam,93,"['elephant foot yam', 'vegetable cowpea', 'rice']","[93, 3, 3]"
6.6,14.1,97.6,80.8,52.0,48.6,cauliflower,cauliflower,radish,66,"['radish', 'cauliflower', 'beetroot']","[66, 33, 0]"
5.8,19.2,15.1,38.4,20.6,26.4,panivaragu,panivaragu,ragi,37,"['ragi', 'panivaragu', 'kudiraivali']","[37, 33, 17]"
7.5,20.8,83.6,100.1,73.0,99.2,tomato,tomato,tomato,97,"['tomato', 'brinjal', 'sugarbeet']","[97, 1, 1]"
6.2,23.2,65.0,64.4,77.9,83.2,pumpkin,pumpkin,pumpkin,87,"['pumpkin', 'ash gourd', 'bottle gourd']","[87, 13, 0]"
6.6,27.5,81.5,96.2,50.9,54.7,tinda,tinda,tinda,46,"['tinda', 'elephant foot yam', 'annual moringa']","[46, 23, 15]"
6.6,32.0,68.0,73.7,49.7,58.7,cucumber,cucumber,cucumber,81,"['cucumber', 'groundnut', 'rice']","[81, 16, 1]"
6.4,19.5,85.7,73.3,56.4,68.9,snake gourd,snake gourd,snake gourd,95,"['snake gourd', 'bottle gourd', 'chowchow']","[95, 5, 0]"
7.1,26.9,81.4,90.4,70.4,84.6,ribbed gourd,ribbed gourd,ribbed gourd,73,"['ribbed gourd', 'bitter gourd', 'muskmelon']","[73, 17, 3]"
6.9,26.8,65.5,48.6,31.3,30.1,horsegram,horsegram,horsegram,80,"['horsegram', 'bengalgram', 'greengram']","[80, 14, 4]"
6.6,29.4,81.2,70.1,56.7,44.9,elephant foot yam,elephant foot yam,tinda,54,"['tinda', 'elephant foot yam', 'jute']","[54, 42, 2]"
6.3,17.1,64.1,115.9,79.8,88.9,carrot,carrot,carrot,100,"['carrot', 'sugarbeet', 'maize']","[100, 0, 0]"
6.6,25.7,82.7,88.8,55.3,67.6,muskmelon,muskmelon,watermelon,36,"['watermelon', 'bitter gourd', 'muskmelon']","[36, 30, 12]"
6.8,27.0,81.7,84.5,77.9,99.2,bitter gourd,bitter gourd,bitter gourd,62,"['bitter gourd', 'ribbed gourd', 'bottle gourd']","[62, 30, 3]"
7.1,35.5,73.2,91.8,30.9,48.9,jute,jute,jute,97,"['jute', 'rice', 'cucumber']","[97, 2, 0]"
5.9,20.5,81.0,60.2,42.4,57.7,french bean,french bean,chowchow,56,"['chowchow', 'french bean', 'vegetable cowpea']","[56, 21, 20]"
6.6,23.9,87.0,91.5,59.7,71.8,snake gourd,snake gourd,snake gourd,89,"['snake gourd', 'bitter gourd', 'bottle gourd']","[89, 5, 3]"
6.5,19.0,60.5,148.9,78.1,73.5,maize,maize,maize,79,"['maize', 'sugarbeet', 'carrot']","[79, 12, 9]"
6.8,23.7,59.2,94.8,46.4,55.4,wheat,wheat,wheat,96,"['wheat', 'rice', 'small onion']","[96, 2, 1]"
6.7,26.2,81.9,71.6,46.9,51.2,tinda,tinda,tinda,57,"['tinda', 'elephant foot yam', 'jute']","[57, 38, 2]"
6.6,21.7,90.8,42.4,21.0,30.9,sunflower,sunflower,sunflower,68,"['sunflower', 'pearl millet', 'castor']","[68, 16, 13]"
6.3,21.1,50.3,52.2,32.3,35.9,cowpea,cowpea,cowpea,94,"['cowpea', 'bengalgram', 'kudiraivali']","[94, 3, 2]"
6.6,17.2,65.0,64.4,45.7,44.4,groundnut,groundnut,groundnut,89,"['groundnut', 'small onion', 'peas']","[89, 11, 0]"
6.9,25.6,63.4,66.9,51.5,82.9,pumpkin,pumpkin,pumpkin,82,"['pumpkin', 'ash gourd', 'cucumber']","[82, 18, 0]"
7.3,26.4,83.0,111.8,58.4,56.7,cotton,cotton,cotton,44,"['cotton', 'annual moringa', 'peas']","[44, 38, 15]"
7.0,24.0,77.8,107.1,48.3,66.8,watermelon,watermelon,watermelon,87,"['watermelon', 'muskmelon', 'tomato']","[87, 4, 3]"
6.5,28.7,81.2,37.2,25.5,24.3,gingely,gingely,gingely,94,"['gingely', 'redgram', 'pearl millet']","[94, 3, 2]"
6.7,16.1,70.3,69.1,57.6,50.9,small onion,small onion,small onion,86,"['small onion', 'groundnut', 'peas']","[86, 13, 0]"
6.6,21.7,69.0,78.8,45.4,46.7,small onion,small onion,small onion,87,"['small onion', 'groundnut', 'rice']","[87, 6, 4]"
6.1,19.8,88.0,56.3,21.7,23.3,soyabean,soyabean,soyabean,65,"['soyabean', 'pearl millet', 'sunflower']","[65, 31, 3]"
6.7,27.1,78.3,42.9,23.2,27.0,redgram,redgram,redgram,91,"['redgram', 'horsegram', 'soyabean']","[91, 6, 2]"
6.8,35.6,80.6,94.6,48.9,32.2,jute,jute,jute,97,"['jute', 'annual moringa', 'elephant foot yam']","[97, 1, 1]"
6.7,21.5,58.6,89.0,52.5,47.6,wheat,wheat,wheat,98,"['wheat', 'rice', 'small onion']","[98, 1, 1]"
8.4,22.0,75.3,94.9,54.6,49.1,cluster bean,cluster bean,cluster bean,80,"['cluster bean', 'cotton', 'rice']","[80, 16, 4]"
6.1,20.8,78.4,123.8,45.0,102.7,onion,onion,onion,98,"['onion', 'chillies', 'tomato']","[98, 1, 1]"
7.4,32.2,78.7,86.9,45.7,47.6,annual moringa,annual moringa,annual moringa,67,"['annual moringa', 'jute', 'rice']","[67, 16, 8]"
6.1,23.2,17.8,32.3,23.3,29.8,thinai,thinai,thinai,55,"['thinai', 'ragi', 'panivaragu']","[55, 21, 17]"
6.6,23.4,82.0,82.6,75.5,83.8,bottle gourd,bottle gourd,bottle gourd,76,"['bottle gourd', 'bitter gourd', 'snake gourd']","[76, 11, 8]"
7.2,13.1,75.5,91.2,41.0,49.7,peas,peas,peas,100,"['peas', 'cluster bean', 'cotton']","[100, 0, 0]"
6.1,22.8,79.5,86.3,74.5,71.9,bottle gourd,bottle gourd,bottle gourd,90,"['bottle gourd', 'snake gourd', 'bitter gourd']","[90, 6, 2]"
6.2,29.0,56.4,65.9,40.6,42.8,tapoica,tapoica,tapoica,94,"['tapoica', 'cowpea', 'cucumber']","[94, 5, 0]"
7.2,26.7,79.4,86.9,43.6,89.4,watermelon,watermelon,watermelon,51,"['watermelon', 'muskmelon', 'ribbed gourd']","[51, 30, 17]"
6.7,15.6,99.5,92.3,50.4,52.6,cauliflower,cauliflower,radish,50,"['radish', 'cauliflower', 'beetroot']","[50, 48, 2]"
6.0,28.1,64.1,84.6,48.1,70.0,ash gourd,ash gourd,ash gourd,97,"['ash gourd', 'pumpkin', 'rice']","[97, 2, 0]"
6.8,40.9,17.1,27.3,27.6,24.1,blackgram,blackgram,blackgram,89,"['blackgram', 'panivaragu', 'thinai']","[89, 10, 0]"
7.0,21.6,78.5,168.4,64.8,126.1,sugarcane,sugarcane,sugarcane,97,"['sugarcane', 'tomato', 'maize']","[97, 2, 0]"
7.0,11.5,19.3,34.8,25.5,26.7,ragi,ragi,ragi,77,"['ragi', 'panivaragu', 'thinai']","[77, 23, 0]"
6.3,25.7,77.0,109.1,53.9,96.6,watermelon,watermelon,chillies,52,"['chillies', 'watermelon', 'tomato']","[52, 38, 4]"
7.1,28.2,86.3,68.5,30.4,40.1,jute,jute,jute,79,"['jute', 'soyabean', 'pearl millet']","[79, 16, 1]"
6.8,29.6,65.0,66.0,59.5,42.6,groundnut,groundnut,groundnut,67,"['groundnut', 'cucumber', 'tapoica']","[67, 32, 1]"
5.6,21.3,75.1,93.2,51.2,43.7,vegetable cowpea,vegetable cowpea,vegetable cowpea,34,"['vegetable cowpea', 'chowchow', 'french bean']","[34, 31, 22]"
7.0,25.0,79.4,111.8,48.7,64.6,watermelon,watermelon,watermelon,82,"['watermelon', 'muskmelon', 'tomato']","[82, 15, 1]"
6.4,24.0,97.0,133.9,97.3,110.4,bhendi,bhendi,bhendi,71,"['bhendi', 'cabbage', 'capsicum']","[71, 28, 0]"
6.1,27.9,60.0,56.9,33.9,29.1,bengalgram,bengalgram,bengalgram,91,"['bengalgram', 'horsegram', 'cowpea']","[91, 6, 2]"
6.4,21.8,64.5,72.8,66.8,83.3,pumpkin,pumpkin,pumpkin,98,"['pumpkin', 'ash gourd', 'bottle gourd']","[98, 2, 0]"
5.1,20.4,16.6,33.1,28.6,23.2,ragi,ragi,ragi,76,"['ragi', 'thinai', 'panivaragu']","[76, 15, 7]"
6.6,24.2,78.5,86.7,52.6,86.6,watermelon,watermelon,watermelon,70,"['watermelon', 'bottle gourd', 'muskmelon']","[70, 21, 2]"
6.4,24.8,75.9,101.5,62.5,106.2,onion,onion,chillies,53,"['chillies', 'onion', 'tomato']","[53, 39, 5]"
6.5,22.6,84.2,149.1,58.7,114.7,tomato,tomato,onion,65,"['onion', 'chillies', 'tomato']","[65, 22, 11]"
7.0,36.6,15.1,32.5,25.6,27.6,panivaragu,panivaragu,panivaragu,69,"['panivaragu', 'blackgram', 'thinai']","[69, 30, 0]"
6.7,27.6,60.4,44.8,33.7,22.9,horsegram,horsegram,bengalgram,48,"['bengalgram', 'horsegram', 'greengram']","[48, 45, 5]"
7.1,23.4,90.0,116.7,60.1,93.8,brinjal,brinjal,brinjal,94,"['brinjal', 'capsicum', 'tomato']","[94, 5, 0]"
6.6,21.8,69.6,62.6,44.8,55.4,small onion,small onion,small onion,90,"['small onion', 'groundnut', 'pumpkin']","[90, 9, 1]"
6.4,26.4,99.3,130.6,66.3,100.6,bhendi,bhendi,bhendi,90,"['bhendi', 'cabbage', 'capsicum']","[90, 9, 1]"
9.0,34.5,15.3,39.1,25.2,27.5,samai,samai,samai,100,"['samai', 'blackgram', 'panivaragu']","[100, 0, 0]"
5.9,22.0,83.6,93.1,58.9,49.7,vegetable cowpea,vegetable cowpea,vegetable cowpea,39,"['vegetable cowpea', 'sweet potato', 'french bean']","[39, 22, 19]"
5.9,25.9,17.2,35.5,22.9,23.4,varagu,varagu,varagu,81,"['varagu', 'thinai', 'ragi']","[81, 10, 5]"
7.2,30.7,77.8,93.8,67.6,74.1,ribbed gourd,ribbed gourd,ribbed gourd,95,"['ribbed gourd', 'muskmelon', 'bitter gourd']","[95, 4, 1]"
7.1,21.2,97.7,58.3,33.0,30.1,sunflower,sunflower,sunflower,91,"['sunflower', 'castor', 'pearl millet']","[91, 7, 2]"
6.8,25.5,76.4,157.2,79.0,75.0,maize,maize,maize,93,"['maize', 'sugarbeet', 'tomato']","[93, 5, 1]"
6.7,24.9,81.3,57.4,32.6,25.6,sunflower,sunflower,redgram,51,"['redgram', 'soyabean', 'sunflower']","[51, 15, 13]"
6.5,28.0,52.9,77.0,56.7,53.9,tapoica,tapoica,tapoica,99,"['tapoica', 'cucumber', 'ash gourd']","[99, 0, 0]"
5.7,24.1,84.7,97.4,52.0,55.7,french bean,french bean,vegetable cowpea,45,"['vegetable cowpea', 'sweet potato', 'french bean']","[45, 31, 21]"
6.6,30.9,75.6,78.6,32.1,23.4,soyabean,soyabean,soyabean,83,"['soyabean', 'jute', 'horsegram']","[83, 14, 2]"
7.6,22.8,99.4,54.0,26.7,38.9,castor,castor,castor,63,"['castor', 'sunflower', 'pearl millet']","[63, 36, 1]"
6.6,31.5,85.0,109.2,56.2,44.3,annual moringa,annual moringa,annual moringa,78,"['annual moringa', 'elephant foot yam', 'peas']","[78, 9, 8]"
6.4,19.4,84.4,84.5,47.9,47.7,chowchow,chowchow,chowchow,92,"['chowchow', 'peas', 'sweet potato']","[92, 3, 2]"
7.2,29.6,65.8,50.0,28.5,38.4,horsegram,horsegram,horsegram,94,"['horsegram', 'bengalgram', 'greengram']","[94, 4, 2]"
7.1,33.3,68.1,24.7,36.2,36.6,greengram,greengram,greengram,100,"['greengram', 'horsegram', 'gingely']","[100, 0, 0]"
6.6,23.2,17.9,26.9,33.9,24.4,blackgram,blackgram,blackgram,96,"['blackgram', 'thinai', 'ragi']","[96, 3, 1]"
7.2,22.9,74.5,101.6,58.0,59.3,peas,peas,cotton,63,"['cotton', 'peas', 'cluster bean']","[63, 24, 3]"
6.7,29.3,96.7,112.4,42.9,56.9,cauliflower,cauliflower,cauliflower,100,"['cauliflower', 'sweet potato', 'peas']","[100, 0, 0]"
6.2,20.0,17.1,55.6,37.6,32.3,kudiraivali,kudiraivali,kudiraivali,100,"['kudiraivali', 'cowpea', 'blackgram']","[100, 0, 0]"
5.7,20.3,76.3,89.0,46.0,58.8,vegetable cowpea,vegetable cowpea,chowchow,52,"['chowchow', 'french bean', 'vegetable cowpea']","[52, 23, 22]"
6.7,24.8,97.9,118.0,45.6,55.7,cauliflower,cauliflower,cauliflower,100,"['cauliflower', 'sweet potato', 'peas']","[100, 0, 0]"
6.6,25.4,76.9,58.2,35.1,21.8,redgram,redgram,redgram,76,"['redgram', 'soyabean', 'horsegram']","[76, 18, 5]"
7.4,26.0,77.1,65.5,39.5,39.1,jute,jute,jute,84,"['jute', 'tinda', 'soyabean']","[84, 7, 3]"
6.6,19.9,67.4,105.7,85.7,82.1,carrot,carrot,carrot,94,"['carrot', 'sugarbeet', 'maize']","[94, 2, 2]"
6.5,28.1,79.4,66.8,52.9,51.2,tinda,tinda,tinda,77,"['tinda', 'elephant foot yam', 'jute']","[77, 16, 3]"
6.2,21.5,86.7,65.3,78.2,93.5,snake gourd,snake gourd,snake gourd,98,"['snake gourd', 'bottle gourd', 'bitter gourd']","[98, 2, 0]"
6.9,25.9,84.3,81.1,43.2,69.7,watermelon,watermelon,watermelon,39,"['watermelon', 'bitter gourd', 'ribbed gourd']","[39, 29, 14]"
5.3,14.8,17.4,36.4,20.1,23.0,ragi,ragi,ragi,90,"['ragi', 'panivaragu', 'thinai']","[90, 10, 0]"
6.7,22.4,74.5,99.8,42.2,40.9,peas,peas,small onion,41,"['small onion', 'peas', 'rice']","[41, 38, 9]"
6.1,10.0,98.7,89.1,51.8,45.7,radish,radish,radish,92,"['radish', 'cauliflower', 'beetroot']","[92, 7, 0]"
6.0,28.9,79.3,108.9,79.6,107.8,chillies,chillies,chillies,99,"['chillies', 'tomato', 'onion']","[99, 1, 0]"
5.7,12.2,96.2,89.8,50.7,45.4,radish,radish,radish,100,"['radish', 'cauliflower', 'beetroot']","[100, 0, 0]"
8.8,32.0,17.8,36.9,23.5,25.8,samai,samai,samai,99,"['samai', 'blackgram', 'ragi']","[99, 1, 0]"
6.6,9.6,96.2,94.6,55.4,46.7,cauliflower,cauliflower,cauliflower,85,"['cauliflower', 'radish', 'peas']","[85, 14, 0]"
7.2,35.1,55.9,48.2,37.7,30.7,horsegram,horsegram,horsegram,99,"['horsegram', 'greengram', 'blackgram']","[99, 0, 0]"
6.3,25.0,85.6,71.3,73.5,63.2,snake gourd,snake gourd,snake gourd,84,"['snake gourd', 'bottle gourd', 'bitter gourd']","[84, 9, 6]"
7.2,29.5,76.5,145.0,67.0,109.4,tomato,tomato,tomato,86,"['tomato', 'sugarcane', 'chillies']","[86, 7, 7]"
5.7,17.3,83.7,60.6,50.7,54.6,french bean,french bean,french bean,87,"['french bean', 'chowchow', 'snake gourd']","[87, 8, 2]"
7.3,22.5,90.0,145.4,56.8,99.9,brinjal,brinjal,brinjal,96,"['brinjal', 'capsicum', 'tomato']","[96, 3, 1]"
6.1,23.5,89.8,98.3,48.6,91.3,snake gourd,snake gourd,snake gourd,74,"['snake gourd', 'capsicum', 'brinjal']","[74, 19, 3]"
6.3,15.7,81.8,64.9,29.0,34.3,soyabean,soyabean,soyabean,97,"['soyabean', 'pearl millet', 'castor']","[97, 3, 0]"
6.5,26.8,57.5,40.7,31.0,20.4,horsegram,horsegram,horsegram,38,"['horsegram', 'bengalgram', 'cowpea']","[38, 30, 27]"
6.8,24.8,75.4,124.6,78.3,69.6,sugarbeet,sugarbeet,sugarbeet,66,"['sugarbeet', 'maize', 'tomato']","[66, 26, 4]"
6.3,20.0,15.7,59.1,35.7,36.7,kudiraivali,kudiraivali,kudiraivali,100,"['kudiraivali', 'cowpea', 'thinai']","[100, 0, 0]"
5.6,18.7,19.3,36.3,26.8,29.3,panivaragu,panivaragu,ragi,58,"['ragi', 'panivaragu', 'thinai']","[58, 33, 6]"
6.2,25.5,97.5,101.0,96.0,99.4,cabbage,cabbage,bhendi,86,"['bhendi', 'cabbage', 'capsicum']","[86, 14, 0]"
5.9,19.3,83.7,89.2,42.5,51.7,chowchow,chowchow,chowchow,68,"['chowchow', 'french bean', 'vegetable cowpea']","[68, 26, 4]"
6.0,20.0,18.4,56.0,37.0,35.3,kudiraivali,kudiraivali,kudiraivali,100,"['kudiraivali', 'cowpea', 'bengalgram']","[100, 0, 0]"
7.0,22.1,65.0,75.3,40.6,44.8,groundnut,groundnut,groundnut,84,"['groundnut', 'small onion', 'rice']","[84, 11, 2]"
6.1,27.9,51.1,56.1,30.4,20.4,cowpea,cowpea,cowpea,77,"['cowpea', 'horsegram', 'bengalgram']","[77, 18, 4]"
8.7,30.4,19.8,34.9,27.9,25.6,samai,samai,samai,100,"['samai', 'blackgram', 'ragi']","[100, 0, 0]"
6.1,28.1,60.0,63.1,49.2,71.2,ash gourd,ash gourd,ash gourd,99,"['ash gourd', 'pumpkin', 'tapoica']","[99, 1, 0]"
7.6,17.2,17.5,36.3,20.7,23.6,ragi,ragi,ragi,99,"['ragi', 'panivaragu', 'blackgram']","[99, 1, 0]"
6.1,18.5,88.5,62.0,41.2,82.5,snake gourd,snake gourd,snake gourd,99,"['snake gourd', 'bottle gourd', 'bitter gourd']","[99, 1, 0]"
7.3,32.9,81.0,87.9,54.2,75.2,muskmelon,muskmelon,muskmelon,58,"['muskmelon', 'ribbed gourd', 'annual moringa']","[58, 41, 0]"
7.4,25.8,80.8,60.9,46.3,97.1,ribbed gourd,ribbed gourd,ribbed gourd,91,"['ribbed gourd', 'bitter gourd', 'watermelon']","[91, 6, 1]"
7.0,26.7,94.3,103.7,42.6,83.2,capsicum,capsicum,capsicum,79,"['capsicum', 'brinjal', 'bitter gourd']","[79, 14, 4]"
6.8,27.1,91.8,69.1,51.8,83.2,bitter gourd,bitter gourd,bitter gourd,94,"['bitter gourd', 'snake gourd', 'ribbed gourd']","[94, 5, 0]"
5.7,22.9,84.4,40.2,22.3,34.4,castor,castor,castor,67,"['castor', 'pearl millet', 'soyabean']","[67, 31, 1]"
7.3,40.0,92.0,47.5,35.3,38.0,pearl millet,pearl millet,pearl millet,99,"['pearl millet', 'gingely', 'sorghum']","[99, 0, 0]"
6.2,29.4,90.0,136.0,60.6,110.4,brinjal,brinjal,brinjal,70,"['brinjal', 'capsicum', 'chillies']","[70, 29, 1]"
5.6,27.7,55.0,71.6,44.6,43.2,tapoica,tapoica,tapoica,100,"['tapoica', 'cowpea', 'rice']","[100, 0, 0]"
6.6,20.0,19.3,44.2,33.8,22.5,kudiraivali,kudiraivali,kudiraivali,99,"['kudiraivali', 'thinai', 'ragi']","[99, 0, 0]"
6.8,21.6,75.3,138.2,40.8,90.7,tomato,tomato,tomato,88,"['tomato', 'onion', 'chillies']","[88, 5, 4]"
6.8,25.9,77.4,87.6,58.1,56.0,tinda,tinda,tinda,62,"['tinda', 'annual moringa', 'peas']","[62, 13, 8]"
7.0,33.4,68.1,33.3,32.6,25.9,greengram,greengram,greengram,99,"['greengram', 'horsegram', 'gingely']","[99, 1, 0]"
7.5,20.7,92.9,76.0,56.1,55.3,sorghum,sorghum,sorghum,99,"['sorghum', 'beetroot', 'cluster bean']","[99, 1, 0]"
6.5,24.4,78.3,82.1,76.1,78.0,bottle gourd,bottle gourd,bottle gourd,73,"['bottle gourd', 'bitter gourd', 'ribbed gourd']","[73, 15, 4]"
7.0,25.3,81.6,70.9,51.6,56.2,tinda,tinda,tinda,71,"['tinda', 'elephant foot yam', 'cluster bean']","[71, 17, 7]"
6.9,26.5,78.6,82.9,65.7,77.2,bitter gourd,bitter gourd,ribbed gourd,47,"['ribbed gourd', 'bitter gourd', 'bottle gourd']","[47, 42, 5]"
6.0,25.8,83.5,78.5,53.3,59.8,elephant foot yam,elephant foot yam,elephant foot yam,47,"['elephant foot yam', 'vegetable cowpea', 'french bean']","[47, 31, 12]"
6.7,24.9,67.5,198.2,95.9,144.2,sugarcane,sugarcane,sugarcane,100,"['sugarcane', 'maize', 'sugarbeet']","[100, 0, 0]"
6.8,28.7,80.9,85.1,50.3,50.5,tinda,tinda,tinda,59,"['tinda', 'elephant foot yam', 'annual moringa']","[59, 16, 13]"
6.8,43.4,65.0,52.6,41.0,42.6,groundnut,groundnut,groundnut,98,"['groundnut', 'horsegram', 'cucumber']","[98, 1, 0]"
6.8,29.7,90.0,126.4,75.1,98.0,brinjal,brinjal,brinjal,82,"['brinjal', 'capsicum', 'tomato']","[82, 16, 0]"
7.6,27.5,93.0,27.8,20.9,20.9,gingely,gingely,gingely,100,"['gingely', 'pearl millet', 'castor']","[100, 0, 0]"
6.9,25.0,78.9,138.6,49.6,117.9,tomato,tomato,tomato,65,"['tomato', 'chillies', 'sugarcane']","[65, 28, 3]"
5.1,37.6,70.0,99.0,54.0,46.2,rice,rice,rice,100,"['rice', 'jute', 'elephant foot yam']","[100, 0, 0]"
6.1,27.1,92.3,120.0,49.8,108.6,capsicum,capsicum,capsicum,95,"['capsicum', 'brinjal', 'cabbage']","[95, 4, 0]"
6.2,24.1,92.8,100.0,77.3,80.3,capsicum,capsicum,cabbage,35,"['cabbage', 'bhendi', 'capsicum']","[35, 34, 16]"
7.8,22.9,71.9,171.4,66.3,143.3,sugarcane,sugarcane,sugarcane,100,"['sugarcane', 'sugarbeet', 'tomato']","[100, 0, 0]"
5.9,20.3,15.5,35.3,29.0,23.0,thinai,thinai,thinai,53,"['thinai', 'ragi', 'panivaragu']","[53, 27, 16]"
6.4,27.4,61.2,77.5,79.4,86.9,ash gourd,ash gourd,ash gourd,96,"['ash gourd', 'pumpkin', 'bottle gourd']","[96, 4, 0]"
7.0,27.6,81.6,107.6,57.6,92.1,muskmelon,muskmelon,muskmelon,56,"['muskmelon', 'tomato', 'watermelon']","[56, 27, 7]"
6.7,23.4,67.5,81.9,54.4,50.7,rice,rice,small onion,80,"['small onion', 'rice', 'groundnut']","[80, 10, 5]"
7.9,25.6,76.4,164.2,64.0,140.2,sugarcane,sugarcane,sugarcane,100,"['sugarcane', 'tomato', 'chillies']","[100, 0, 0]"
5.7,23.0,83.2,129.7,68.7,79.1,maize,maize,maize,59,"['maize', 'onion', 'capsicum']","[59, 21, 8]"
6.7,19.2,69.7,112.8,64.2,73.1,carrot,carrot,sugarbeet,61,"['sugarbeet', 'carrot', 'maize']","[61, 36, 2]"
5.9,23.3,17.0,30.2,23.0,25.5,ragi,ragi,thinai,53,"['thinai', 'ragi', 'panivaragu']","[53, 23, 15]"
7.9,30.0,78.9,93.2,40.4,53.9,annual moringa,annual moringa,annual moringa,63,"['annual moringa', 'cotton', 'rice']","[63, 20, 10]"
6.8,20.0,18.5,57.6,30.4,39.8,kudiraivali,kudiraivali,kudiraivali,100,"['kudiraivali', 'blackgram', 'bengalgram']","[100, 0, 0]"
6.7,26.6,90.0,143.4,41.2,88.1,brinjal,brinjal,brinjal,75,"['brinjal', 'capsicum', 'chillies']","[75, 24, 0]"
6.6,32.2,67.8,87.9,44.0,42.8,cucumber,cucumber,cucumber,63,"['cucumber', 'rice', 'jute']","[63, 26, 9]"
6.9,16.1,67.4,100.4,73.2,64.1,sugarbeet,sugarbeet,carrot,65,"['carrot', 'sugarbeet', 'pumpkin']","[65, 34, 0]"
7.0,29.6,80.3,55.6,27.6,26.9,redgram,redgram,redgram,72,"['redgram', 'soyabean', 'pearl millet']","[72, 11, 9]"
7.3,23.4,79.3,87.1,50.9,45.2,peas,peas,cluster bean,66,"['cluster bean', 'cotton', 'peas']","[66, 21, 9]"
5.8,25.4,88.1,105.5,44.1,48.7,sweet potato,sweet potato,sweet potato,99,"['sweet potato', 'vegetable cowpea', 'french bean']","[99, 0, 0]"
6.5,23.6,80.1,115.1,51.5,114.7,onion,onion,chillies,47,"['chillies', 'onion', 'tomato']","[47, 40, 11]"
6.5,24.1,99.9,146.8,93.8,91.8,bhendi,bhendi,bhendi,87,"['bhendi', 'cabbage', 'capsicum']","[87, 12, 0]"
6.5,18.1,89.8,81.1,42.8,86.3,snake gourd,snake gourd,snake gourd,98,"['snake gourd', 'capsicum', 'brinjal']","[98, 1, 0]"
6.9,25.1,70.9,55.3,37.5,34.9,soyabean,soyabean,horsegram,63,"['horsegram', 'soyabean', 'redgram']","[63, 23, 6]"
7.3,21.8,86.2,102.0,58.4,55.3,cotton,cotton,cotton,60,"['cotton', 'peas', 'cluster bean']","[60, 36, 3]"
5.8,28.7,82.6,94.4,48.1,40.3,elephant foot yam,elephant foot yam,vegetable cowpea,59,"['vegetable cowpea', 'elephant foot yam', 'french bean']","[59, 36, 2]"
5.5,11.0,98.7,95.2,55.9,46.4,radish,radish,radish,100,"['radish', 'cauliflower', 'beetroot']","[100, 0, 0]"
5.6,26.1,16.2,36.8,22.0,23.6,varagu,varagu,varagu,80,"['varagu', 'thinai', 'ragi']","[80, 11, 6]"
8.4,23.2,83.4,67.4,46.8,52.0,cluster bean,cluster bean,cluster bean,100,"['cluster bean', 'cotton', 'castor']","[100, 0, 0]"
6.6,23.8,78.9,41.3,26.2,31.6,redgram,redgram,redgram,94,"['redgram', 'sunflower', 'soyabean']","[94, 2, 1]"
7.6,20.9,67.1,80.2,40.4,56.5,rice,rice,rice,63,"['rice', 'cotton', 'cluster bean']","[63, 19, 8]"
6.0,18.3,90.0,108.3,78.1,95.7,brinjal,brinjal,brinjal,54,"['brinjal', 'cabbage', 'capsicum']","[54, 31, 13]"
6.3,20.5,79.0,149.5,78.9,100.7,onion,onion,onion,84,"['onion', 'maize', 'tomato']","[84, 8, 5]"
5.9,23.3,19.2,35.7,29.1,23.4,thinai,thinai,thinai,54,"['thinai', 'ragi', 'panivaragu']","[54, 22, 16]"
7.9,13.1,16.2,32.7,26.2,24.9,ragi,ragi,ragi,100,"['ragi', 'panivaragu', 'blackgram']","[100, 0, 0]"
6.4,29.8,84.9,64.1,41.7,50.2,elephant foot yam,elephant foot yam,elephant foot yam,77,"['elephant foot yam', 'jute', 'tinda']","[77, 12, 6]"
6.6,34.8,65.0,69.2,42.1,46.4,cucumber,cucumber,groundnut,77,"['groundnut', 'cucumber', 'jute']","[77, 21, 1]"
6.4,20.3,78.1,143.2,71.4,106.9,onion,onion,onion,87,"['onion', 'tomato', 'chillies']","[87, 9, 2]"
7.1,27.0,76.9,80.5,59.5,57.9,tinda,tinda,tinda,69,"['tinda', 'cotton', 'annual moringa']","[69, 10, 10]"
9.0,33.5,17.4,32.7,23.1,24.9,samai,samai,samai,99,"['samai', 'blackgram', 'panivaragu']","[99, 1, 0]"
6.6,21.6,77.6,50.1,40.0,30.2,redgram,redgram,redgram,93,"['redgram', 'soyabean', 'sunflower']","[93, 4, 2]"
7.7,21.5,83.6,64.9,25.1,28.4,sunflower,sunflower,sunflower,89,"['sunflower', 'castor', 'soyabean']","[89, 10, 0]"
6.2,19.4,99.9,76.5,55.5,48.5,beetroot,beetroot,beetroot,94,"['beetroot', 'sorghum', 'radish']","[94, 5, 1]"
6.5,19.4,98.2,94.1,45.1,48.0,beetroot,beetroot,beetroot,92,"['beetroot', 'cauliflower', 'radish']","[92, 6, 1]"
7.2,23.8,79.4,73.0,55.6,40.4,cluster bean,cluster bean,cluster bean,95,"['cluster bean', 'cotton', 'tinda']","[95, 2, 1]"
6.7,29.7,88.3,62.7,40.3,88.5,bitter gourd,bitter gourd,bitter gourd,95,"['bitter gourd', 'ribbed gourd', 'snake gourd']","[95, 3, 2]"
6.0,21.6,60.0,47.2,29.0,27.1,bengalgram,bengalgram,bengalgram,98,"['bengalgram', 'cowpea', 'soyabean']","[98, 2, 0]"
7.6,27.2,75.4,116.1,45.7,54.6,annual moringa,annual moringa,annual moringa,54,"['annual moringa', 'cotton', 'peas']","[54, 42, 3]"
6.3,22.2,79.2,149.0,42.6,110.6,onion,onion,onion,90,"['onion', 'chillies', 'tomato']","[90, 8, 1]"
5.5,18.8,78.5,64.1,43.1,51.7,chowchow,chowchow,chowchow,63,"['chowchow', 'french bean', 'vegetable cowpea']","[63, 32, 4]"
7.0,22.4,15.7,38.2,27.0,29.2,panivaragu,panivaragu,thinai,37,"['thinai', 'ragi', 'blackgram']","[37, 31, 20]"
6.2,21.1,67.9,128.9,77.4,64.7,sugarbeet,sugarbeet,sugarbeet,60,"['sugarbeet', 'maize', 'carrot']","[60, 39, 1]"
6.5,28.3,78.5,91.0,75.5,98.8,bitter gourd,bitter gourd,ribbed gourd,43,"['ribbed gourd', 'bitter gourd', 'chillies']","[43, 32, 11]"
6.5,25.0,86.4,105.5,42.4,51.9,peas,peas,sweet potato,95,"['sweet potato', 'peas', 'cotton']","[95, 3, 0]"
6.5,21.3,58.5,118.0,57.6,54.8,wheat,wheat,wheat,83,"['wheat', 'sugarbeet', 'maize']","[83, 12, 4]"
6.8,25.8,83.1,111.1,43.3,67.1,watermelon,watermelon,watermelon,65,"['watermelon', 'muskmelon', 'chillies']","[65, 29, 1]"
5.8,24.9,91.2,133.3,40.0,104.2,capsicum,capsicum,capsicum,99,"['capsicum', 'brinjal', 'bhendi']","[99, 1, 0]"
7.2,29.2,84.4,107.1,47.9,56.5,annual moringa,annual moringa,annual moringa,58,"['annual moringa', 'cotton', 'peas']","[58, 23, 13]"
6.5,37.8,52.7,58.8,35.3,23.1,horsegram,horsegram,horsegram,99,"['horsegram', 'cowpea', 'panivaragu']","[99, 1, 0]"
7.2,28.1,87.7,85.8,41.9,54.4,cotton,cotton,cotton,55,"['cotton', 'peas', 'tinda']","[55, 28, 8]"
6.3,30.9,84.2,55.1,32.9,25.7,soyabean,soyabean,pearl millet,57,"['pearl millet', 'soyabean', 'horsegram']","[57, 36, 3]"
6.8,28.6,90.1,86.3,58.3,86.3,bitter gourd,bitter gourd,bitter gourd,96,"['bitter gourd', 'snake gourd', 'brinjal']","[96, 2, 0]"
6.1,7.2,95.1,115.8,94.3,109.2,cabbage,cabbage,cabbage,100,"['cabbage', 'capsicum', 'bhendi']","[100, 0, 0]"
7.8,23.7,79.6,76.6,54.7,45.8,cluster bean,cluster bean,cluster bean,98,"['cluster bean', 'cotton', 'rice']","[98, 2, 0]"
6.8,18.9,90.0,149.0,41.1,107.5,capsicum,capsicum,brinjal,74,"['brinjal', 'capsicum', 'tomato']","[74, 26, 1]"
5.7,26.1,97.4,29.6,21.6,40.0,gingely,gingely,gingely,100,"['gingely', 'castor', 'pearl millet']","[100, 0, 0]"
7.4,27.0,83.3,83.6,41.8,55.6,tinda,tinda,tinda,49,"['tinda', 'cotton', 'annual moringa']","[49, 22, 16]"
6.6,25.2,99.1,111.5,72.7,94.2,bhendi,bhendi,bhendi,97,"['bhendi', 'cabbage', 'capsicum']","[97, 3, 0]"
7.1,29.9,80.3,60.8,33.3,41.9,jute,jute,jute,66,"['jute', 'redgram', 'soyabean']","[66, 14, 7]"
6.7,31.1,66.2,29.1,37.9,27.1,greengram,greengram,greengram,100,"['greengram', 'horsegram', 'gingely']","[100, 0, 0]"
5.5,21.3,17.7,39.9,23.0,29.2,thinai,thinai,thinai,39,"['thinai', 'ragi', 'panivaragu']","[39, 36, 14]"
6.5,21.7,50.1,103.7,53.1,41.8,wheat,wheat,wheat,100,"['wheat', 'rice', 'peas']","[100, 0, 0]"
5.6,26.7,17.4,35.1,29.5,22.2,varagu,varagu,varagu,76,"['varagu', 'thinai', 'ragi']","[76, 12, 7]"
5.6,26.6,15.2,37.1,21.3,29.0,varagu,varagu,varagu,79,"['varagu', 'thinai', 'ragi']","[79, 11, 6]"
6.4,22.8,67.9,132.9,74.9,67.9,maize,maize,sugarbeet,58,"['sugarbeet', 'maize', 'pumpkin']","[58, 42, 0]"
7.3,22.2,90.0,136.1,66.0,116.8,brinjal,brinjal,brinjal,96,"['brinjal', 'capsicum', 'tomato']","[96, 3, 1]"
6.1,16.3,94.4,119.8,76.4,104.8,cabbage,cabbage,cabbage,81,"['cabbage', 'capsicum', 'brinjal']","[81, 19, 0]"
6.5,19.4,99.5,78.6,43.5,54.6,beetroot,beetroot,beetroot,95,"['beetroot', 'sorghum', 'radish']","[95, 3, 1]"
6.7,21.3,94.5,126.0,42.8,89.4,capsicum,capsicum,capsicum,95,"['capsicum', 'brinjal', 'cabbage']","[95, 4, 0]"
5.6,13.0,78.0,84.5,57.1,47.5,french bean,french bean,french bean,99,"['french bean', 'chowchow', 'vegetable cowpea']","[99, 0, 0]"
6.0,18.6,80.1,72.1,63.9,72.1,bottle gourd,bottle gourd,bottle gourd,83,"['bottle gourd', 'snake gourd', 'chowchow']","[83, 16, 0]"
5.9,24.3,92.0,133.9,45.0,80.6,capsicum,capsicum,capsicum,97,"['capsicum', 'brinjal', 'bhendi']","[97, 1, 1]"
6.2,24.3,68.3,69.9,41.7,40.8,small onion,small onion,small onion,69,"['small onion', 'jute', 'cucumber']","[69, 18, 3]"
7.2,27.9,84.3,113.2,58.9,72.0,muskmelon,muskmelon,muskmelon,78,"['muskmelon', 'watermelon', 'tomato']","[78, 15, 4]"
7.3,19.5,82.7,139.0,44.5,81.0,tomato,tomato,tomato,96,"['tomato', 'brinjal', 'sugarbeet']","[96, 2, 1]"
6.4,30.0,70.8,81.2,31.1,34.6,jute,jute,jute,96,"['jute', 'soyabean', 'horsegram']","[96, 3, 0]"
7.5,25.2,84.6,116.9,46.6,90.4,watermelon,watermelon,watermelon,61,"['watermelon', 'tomato', 'muskmelon']","[61, 21, 15]"
6.2,19.7,70.8,151.2,82.6,78.4,maize,maize,maize,96,"['maize', 'sugarbeet', 'carrot']","[96, 4, 0]"
6.2,25.6,55.5,93.2,70.4,66.5,ash gourd,ash gourd,ash gourd,96,"['ash gourd', 'pumpkin', 'tapoica']","[96, 4, 0]"
7.0,21.4,79.7,51.7,29.4,23.1,redgram,redgram,redgram,84,"['redgram', 'sunflower', 'soyabean']","[84, 10, 3]"
6.8,26.9,66.5,61.5,66.8,67.2,pumpkin,pumpkin,pumpkin,50,"['pumpkin', 'ash gourd', 'ribbed gourd']","[50, 48, 2]"
6.3,21.5,60.3,124.2,63.1,66.3,maize,maize,maize,68,"['maize', 'sugarbeet', 'carrot']","[68, 30, 1]"
6.4,16.2,66.5,118.8,92.7,81.7,carrot,carrot,carrot,99,"['carrot', 'sugarbeet', 'maize']","[99, 1, 0]"
6.6,24.9,68.4,67.8,54.0,74.0,pumpkin,pumpkin,ash gourd,53,"['ash gourd', 'pumpkin', 'small onion']","[53, 46, 1]"
5.9,10.2,83.6,61.0,47.4,48.7,french bean,french bean,french bean,95,"['french bean', 'radish', 'chowchow']","[95, 4, 0]"
6.4,28.6,97.0,60.5,57.2,57.8,sorghum,sorghum,sorghum,100,"['sorghum', 'cauliflower', 'elephant foot yam']","[100, 0, 0]"
7.2,24.3,72.1,64.5,48.4,32.7,jute,jute,jute,86,"['jute', 'cluster bean', 'tinda']","[86, 6, 2]"
7.4,27.0,80.1,116.2,53.7,86.1,muskmelon,muskmelon,muskmelon,46,"['muskmelon', 'watermelon', 'tomato']","[46, 30, 22]"
7.4,31.4,94.4,52.0,27.3,23.9,pearl millet,pearl millet,pearl millet,96,"['pearl millet', 'gingely', 'soyabean']","[96, 2, 1]"
6.3,13.2,99.1,72.9,49.4,48.6,radish,radish,radish,96,"['radish', 'sorghum', 'beetroot']","[96, 3, 1]"
5.9,21.1,79.6,86.6,49.0,45.5,french bean,french bean,chowchow,50,"['chowchow', 'vegetable cowpea', 'french bean']","[50, 29, 17]"
7.3,32.7,65.4,66.0,52.4,54.0,cucumber,cucumber,cucumber,96,"['cucumber', 'groundnut', 'rice']","[96, 3, 1]"
6.1,15.0,97.6,77.5,58.5,47.2,radish,radish,radish,93,"['radish', 'sorghum', 'beetroot']","[93, 6, 1]"
8.3,23.9,86.9,53.0,32.6,39.7,castor,castor,castor,79,"['castor', 'sunflower', 'pearl millet']","[79, 20, 1]"
6.6,19.0,61.4,87.6,97.2,76.6,carrot,carrot,carrot,97,"['carrot', 'pumpkin', 'maize']","[97, 3, 0]"
6.7,26.4,78.7,144.3,87.1,64.4,maize,maize,maize,93,"['maize', 'chillies', 'sugarbeet']","[93, 2, 2]"
6.9,20.3,72.2,83.9,51.1,46.8,small onion,small onion,small onion,63,"['small onion', 'peas', 'rice']","[63, 17, 9]"
6.2,16.8,64.9,110.8,81.5,74.2,carrot,carrot,carrot,99,"['carrot', 'sugarbeet', 'maize']","[99, 1, 0]"
6.7,20.9,82.7,69.5,31.0,27.4,sunflower,sunflower,sunflower,61,"['sunflower', 'soyabean', 'redgram']","[61, 33, 4]"
6.1,28.6,56.9,87.2,70.5,95.2,ash gourd,ash gourd,ash gourd,100,"['ash gourd', 'pumpkin', 'tapoica']","[100, 0, 0]"
6.5,12.4,98.2,80.3,41.1,57.9,radish,radish,radish,86,"['radish', 'cauliflower', 'beetroot']","[86, 13, 1]"
8.0,25.3,17.7,32.8,22.7,28.6,ragi,ragi,ragi,53,"['ragi', 'samai', 'blackgram']","[53, 26, 19]"
6.2,21.1,51.2,110.5,50.7,40.7,wheat,wheat,wheat,100,"['wheat', 'rice', 'small onion']","[100, 0, 0]"
6.7,22.9,65.9,174.2,89.6,77.6,maize,maize,maize,98,"['maize', 'sugarbeet', 'sugarcane']","[98, 1, 0]"
6.3,16.0,96.5,111.9,92.5,118.0,cabbage,cabbage,cabbage,100,"['cabbage', 'capsicum', 'bhendi']","[100, 0, 0]"
7.0,32.7,83.8,111.3,46.9,49.6,annual moringa,annual moringa,annual moringa,95,"['annual moringa', 'peas', 'elephant foot yam']","[95, 1, 1]"
6.4,26.8,19.0,38.1,20.8,29.6,varagu,varagu,varagu,75,"['varagu', 'thinai', 'panivaragu']","[75, 15, 5]"
7.5,26.5,79.1,70.1,69.6,65.0,ribbed gourd,ribbed gourd,ribbed gourd,96,"['ribbed gourd', 'bitter gourd', 'bottle gourd']","[96, 3, 0]"
6.8,32.8,84.3,90.2,57.1,79.4,muskmelon,muskmelon,muskmelon,57,"['muskmelon', 'ribbed gourd', 'bitter gourd']","[57, 39, 3]"
5.8,20.1,17.7,36.2,20.5,24.1,thinai,thinai,thinai,40,"['thinai', 'ragi', 'panivaragu']","[40, 36, 21]"
6.7,33.7,77.4,65.7,32.0,39.2,jute,jute,jute,78,"['jute', 'soyabean', 'horsegram']","[78, 19, 2]"
6.9,17.3,68.9,68.5,59.5,44.5,small onion,small onion,small onion,69,"['small onion', 'groundnut', 'peas']","[69, 31, 0]"
7.3,20.6,89.9,113.7,41.4,44.5,peas,peas,peas,73,"['peas', 'cotton', 'sweet potato']","[73, 25, 1]"
6.1,21.1,59.8,103.1,45.3,44.9,wheat,wheat,wheat,100,"['wheat', 'rice', 'small onion']","[100, 0, 0]"
6.1,22.9,86.8,92.3,68.9,82.8,snake gourd,snake gourd,snake gourd,98,"['snake gourd', 'bottle gourd', 'cabbage']","[98, 1, 0]"
6.7,24.6,79.5,57.8,30.7,28.9,redgram,redgram,redgram,87,"['redgram', 'soyabean', 'sunflower']","[87, 8, 2]"
7.0,34.8,78.0,81.4,43.6,47.7,annual moringa,annual moringa,jute,43,"['jute', 'annual moringa', 'rice']","[43, 36, 12]"
6.2,15.4,90.1,108.1,82.6,106.4,cabbage,cabbage,cabbage,96,"['cabbage', 'capsicum', 'brinjal']","[96, 3, 1]"
6.1,23.5,82.5,128.7,53.2,105.5,chillies,chillies,onion,69,"['onion', 'chillies', 'brinjal']","[69, 27, 2]"
7.5,26.3,70.6,42.3,26.6,37.1,horsegram,horsegram,horsegram,81,"['horsegram', 'greengram', 'redgram']","[81, 18, 0]"
7.5,39.9,17.3,34.1,27.3,21.9,blackgram,blackgram,blackgram,85,"['blackgram', 'panivaragu', 'samai']","[85, 13, 2]"
6.7,25.8,82.0,72.7,62.0,65.6,bitter gourd,bitter gourd,bitter gourd,57,"['bitter gourd', 'ribbed gourd', 'bottle gourd']","[57, 23, 18]"
6.0,20.2,67.1,70.6,70.8,74.4,pumpkin,pumpkin,pumpkin,97,"['pumpkin', 'ash gourd', 'bottle gourd']","[97, 1, 1]"
5.9,24.3,78.0,112.4,59.8,108.5,onion,onion,onion,79,"['onion', 'chillies', 'watermelon']","[79, 19, 1]"
6.8,27.3,84.9,144.7,66.4,102.8,chillies,chillies,tomato,48,"['tomato', 'chillies', 'brinjal']","[48, 42, 7]"
7.1,27.7,81.1,82.2,44.7,46.0,tinda,tinda,tinda,61,"['tinda', 'annual moringa', 'cotton']","[61, 16, 11]"
7.5,24.1,75.7,98.5,43.8,54.5,cotton,cotton,cluster bean,50,"['cluster bean', 'cotton', 'peas']","[50, 33, 6]"
6.8,25.4,77.8,155.7,71.3,85.1,maize,maize,maize,80,"['maize', 'tomato', 'chillies']","[80, 9, 7]"
6.3,20.4,99.5,65.7,49.0,41.1,beetroot,beetroot,beetroot,96,"['beetroot', 'sorghum', 'radish']","[96, 4, 0]"
7.6,21.5,97.6,63.1,33.8,32.1,sunflower,sunflower,sunflower,90,"['sunflower', 'castor', 'pearl millet']","[90, 9, 0]"
5.5,20.1,18.2,39.2,22.2,27.7,thinai,thinai,ragi,46,"['ragi', 'thinai', 'panivaragu']","[46, 24, 16]"
6.8,24.0,78.3,45.8,20.1,25.4,redgram,redgram,redgram,95,"['redgram', 'soyabean', 'sunflower']","[95, 2, 2]"
5.6,23.5,77.0,76.0,59.6,56.7,vegetable cowpea,vegetable cowpea,vegetable cowpea,59,"['vegetable cowpea', 'french bean', 'chowchow']","[59, 33, 4]"
5.4,24.1,51.9,56.2,35.8,39.5,cowpea,cowpea,cowpea,99,"['cowpea', 'bengalgram', 'tapoica']","[99, 1, 0]"
6.5,30.4,82.5,53.2,25.6,37.4,pearl millet,pearl millet,pearl millet,41,"['pearl millet', 'soyabean', 'redgram']","[41, 27, 23]"
6.5,16.0,76.1,60.8,25.1,37.9,soyabean,soyabean,soyabean,99,"['soyabean', 'pearl millet', 'redgram']","[99, 1, 0]"
5.7,17.0,98.6,94.4,45.0,50.5,radish,radish,radish,99,"['radish', 'beetroot', 'cauliflower']","[99, 1, 0]"
7.0,28.4,60.9,95.3,43.1,50.7,cucumber,cucumber,cucumber,79,"['cucumber', 'rice', 'tapoica']","[79, 10, 9]"
6.5,20.8,98.6,99.5,57.5,43.6,beetroot,beetroot,beetroot,69,"['beetroot', 'cauliflower', 'radish']","[69, 30, 0]"
5.8,28.7,51.1,74.5,41.5,53.8,tapoica,tapoica,tapoica,100,"['tapoica', 'ash gourd', 'cowpea']","[100, 0, 0]"
6.3,23.0,80.4,44.2,26.1,35.1,castor,castor,castor,28,"['castor', 'redgram', 'soyabean']","[28, 26, 21]"
7.3,27.4,81.5,79.2,54.1,46.7,tinda,tinda,tinda,79,"['tinda', 'annual moringa', 'cotton']","[79, 7, 6]"
6.8,25.9,77.2,64.6,55.0,55.7,tinda,tinda,tinda,91,"['tinda', 'elephant foot yam', 'ribbed gourd']","[91, 3, 2]"
6.9,28.5,64.2,91.9,49.8,45.7,cucumber,cucumber,cucumber,85,"['cucumber', 'rice', 'tapoica']","[85, 11, 3]"
6.0,26.7,80.3,70.8,31.2,26.3,soyabean,soyabean,soyabean,81,"['soyabean', 'castor', 'jute']","[81, 10, 5]"
6.4,26.0,55.1,73.7,47.9,51.6,tapoica,tapoica,tapoica,99,"['tapoica', 'ash gourd', 'cucumber']","[99, 0, 0]"
6.8,22.5,17.8,28.4,36.1,24.6,blackgram,blackgram,blackgram,97,"['blackgram', 'thinai', 'ragi']","[97, 2, 1]"
6.6,20.7,66.0,99.4,45.4,56.5,small onion,small onion,small onion,76,"['small onion', 'rice', 'peas']","[76, 12, 8]"
6.3,22.1,85.2,88.8,73.1,63.3,snake gourd,snake gourd,snake gourd,86,"['snake gourd', 'bottle gourd', 'bitter gourd']","[86, 12, 0]"
5.8,29.0,76.2,67.7,55.9,55.2,vegetable cowpea,vegetable cowpea,vegetable cowpea,87,"['vegetable cowpea', 'elephant foot yam', 'french bean']","[87, 11, 2]"
7.5,24.4,79.3,198.4,78.6,124.8,sugarcane,sugarcane,sugarcane,99,"['sugarcane', 'tomato', 'sugarbeet']","[99, 1, 0]"
6.3,26.0,59.4,85.0,44.2,42.4,tapoica,tapoica,tapoica,94,"['tapoica', 'cucumber', 'rice']","[94, 3, 2]"
6.8,25.9,15.1,39.4,26.8,23.4,thinai,thinai,thinai,43,"['thinai', 'panivaragu', 'ragi']","[43, 21, 20]"
6.0,30.7,58.4,73.7,63.4,99.3,ash gourd,ash gourd,ash gourd,100,"['ash gourd', 'pumpkin', 'tapoica']","[100, 0, 0]"
6.8,29.7,69.9,88.5,52.7,56.4,cucumber,cucumber,cucumber,73,"['cucumber', 'rice', 'peas']","[73, 20, 2]"
6.7,40.0,65.0,53.2,47.7,58.3,groundnut,groundnut,groundnut,100,"['groundnut', 'cucumber', 'horsegram']","[100, 0, 0]"
5.7,32.0,93.6,59.3,38.5,33.2,pearl millet,pearl millet,pearl millet,93,"['pearl millet', 'soyabean', 'castor']","[93, 4, 1]"
6.2,24.4,81.7,121.8,45.0,96.2,onion,onion,onion,53,"['onion', 'chillies', 'watermelon']","[53, 37, 7]"
6.8,14.5,81.9,105.9,48.0,57.8,peas,peas,peas,100,"['peas', 'cauliflower', 'cotton']","[100, 0, 0]"
8.4,23.2,89.9,77.0,22.1,31.5,castor,castor,castor,77,"['castor', 'sunflower', 'soyabean']","[77, 23, 0]"
6.2,20.0,16.7,56.7,20.1,36.0,kudiraivali,kudiraivali,kudiraivali,100,"['kudiraivali', 'thinai', 'cowpea']","[100, 0, 0]"
6.9,15.9,74.5,89.1,43.4,50.0,peas,peas,peas,73,"['peas', 'small onion', 'groundnut']","[73, 27, 0]"
7.2,22.0,90.0,141.9,41.0,100.0,brinjal,brinjal,brinjal,94,"['brinjal', 'capsicum', 'tomato']","[94, 5, 1]"
7.3,22.6,88.3,68.0,36.4,32.3,castor,castor,sunflower,77,"['sunflower', 'castor', 'soyabean']","[77, 21, 2]"
6.2,23.7,17.4,33.3,26.7,21.0,ragi,ragi,thinai,55,"['thinai', 'ragi', 'panivaragu']","[55, 18, 16]"
7.5,30.7,69.2,38.3,26.1,22.6,greengram,greengram,greengram,98,"['greengram', 'horsegram', 'gingely']","[98, 1, 0]"
7.2,32.8,62.7,37.2,29.7,31.3,greengram,greengram,greengram,99,"['greengram', 'horsegram', 'blackgram']","[99, 1, 0]"
5.9,18.7,16.4,37.8,28.7,26.7,ragi,ragi,ragi,47,"['ragi', 'panivaragu', 'kudiraivali']","[47, 33, 11]"
6.5,15.7,67.9,112.7,89.4,62.4,carrot,carrot,carrot,96,"['carrot', 'sugarbeet', 'maize']","[96, 4, 0]"
6.4,16.0,73.6,79.3,39.3,39.7,soyabean,soyabean,soyabean,66,"['soyabean', 'peas', 'small onion']","[66, 24, 8]"
6.9,24.1,73.9,187.3,99.2,136.3,sugarcane,sugarcane,sugarcane,100,"['sugarcane', 'maize', 'tomato']","[100, 0, 0]"
7.5,28.9,76.0,80.4,41.2,92.5,ribbed gourd,ribbed gourd,ribbed gourd,62,"['ribbed gourd', 'muskmelon', 'watermelon']","[62, 34, 2]"
5.8,22.6,83.3,82.1,57.8,57.6,vegetable cowpea,vegetable cowpea,vegetable cowpea,51,"['vegetable cowpea', 'french bean', 'chowchow']","[51, 27, 11]"
6.8,19.5,65.5,97.3,51.3,47.4,small onion,small onion,small onion,85,"['small onion', 'peas', 'rice']","[85, 8, 5]"
6.6,11.4,97.1,90.3,40.6,51.7,cauliflower,cauliflower,cauliflower,55,"['cauliflower', 'radish', 'beetroot']","[55, 45, 0]"
6.1,24.6,75.5,144.4,50.4,96.2,chillies,chillies,chillies,51,"['chillies', 'onion', 'watermelon']","[51, 45, 3]"
7.3,26.0,80.1,72.6,41.6,40.8,tinda,tinda,tinda,72,"['tinda', 'jute', 'cluster bean']","[72, 19, 4]"
6.4,25.6,53.4,96.2,49.9,47.7,tapoica,tapoica,tapoica,94,"['tapoica', 'wheat', 'rice']","[94, 5, 0]"
6.0,29.0,60.0,52.6,38.8,33.6,bengalgram,bengalgram,bengalgram,93,"['bengalgram', 'horsegram', 'cowpea']","[93, 4, 3]"
6.4,20.5,83.1,89.8,57.5,40.1,chowchow,chowchow,chowchow,81,"['chowchow', 'sweet potato', 'peas']","[81, 11, 3]"
7.2,25.9,63.6,21.0,24.5,31.5,greengram,greengram,greengram,100,"['greengram', 'horsegram', 'ragi']","[100, 0, 0]"
6.3,8.1,93.1,141.4,71.8,80.4,cabbage,cabbage,cabbage,99,"['cabbage', 'capsicum', 'cauliflower']","[99, 1, 0]"
6.6,18.9,67.5,95.0,57.0,53.4,small onion,small onion,small onion,90,"['small onion', 'peas', 'rice']","[90, 4, 2]"
6.8,26.3,78.3,118.6,58.6,103.8,chillies,chillies,chillies,43,"['chillies', 'tomato', 'watermelon']","[43, 40, 11]"
6.9,20.7,90.0,148.7,64.5,105.0,brinjal,brinjal,brinjal,89,"['brinjal', 'capsicum', 'tomato']","[89, 10, 1]"
6.4,16.4,96.9,88.5,54.7,42.3,radish,radish,radish,87,"['radish', 'cauliflower', 'beetroot']","[87, 10, 2]"
6.3,26.7,54.5,33.3,38.1,23.8,cowpea,cowpea,cowpea,93,"['cowpea', 'varagu', 'thinai']","[93, 3, 1]"
6.9,22.1,69.1,125.0,69.1,76.8,sugarbeet,sugarbeet,sugarbeet,76,"['sugarbeet', 'maize', 'tomato']","[76, 22, 2]"
6.8,22.5,67.0,155.6,71.4,63.7,maize,maize,maize,87,"['maize', 'sugarbeet', 'sugarcane']","[87, 13, 0]"
6.4,18.1,90.0,108.8,66.6,100.5,brinjal,brinjal,brinjal,52,"['brinjal', 'cabbage', 'capsicum']","[52, 25, 22]"
5.7,18.8,84.6,145.1,66.8,60.5,maize,maize,maize,97,"['maize', 'sugarbeet', 'onion']","[97, 2, 0]"
6.6,34.1,65.0,67.4,55.5,54.8,groundnut,groundnut,groundnut,79,"['groundnut', 'cucumber', 'rice']","[79, 21, 0]"
6.9,26.5,77.5,52.3,38.7,26.5,redgram,redgram,redgram,84,"['redgram', 'horsegram', 'soyabean']","[84, 9, 6]"
6.6,17.9,82.5,97.4,51.5,41.7,peas,peas,peas,95,"['peas', 'chowchow', 'small onion']","[95, 3, 1]"
7.3,12.0,81.3,102.9,47.2,45.3,peas,peas,peas,100,"['peas', 'cotton', 'cluster bean']","[100, 0, 0]"
7.0,21.5,58.7,107.9,55.5,40.2,wheat,wheat,wheat,100,"['wheat', 'rice', 'peas']","[100, 0, 0]"
7.2,30.2,83.6,109.0,58.6,44.8,annual moringa,annual moringa,annual moringa,84,"['annual moringa', 'cotton', 'peas']","[84, 8, 5]"
6.0,20.9,99.6,74.7,58.9,40.7,beetroot,beetroot,beetroot,89,"['beetroot', 'sorghum', 'radish']","[89, 10, 1]"
5.6,21.2,84.3,84.7,56.1,40.5,french bean,french bean,chowchow,33,"['chowchow', 'vegetable cowpea', 'french bean']","[33, 29, 26]"
5.7,14.1,96.6,91.6,51.8,57.7,radish,radish,radish,100,"['radish', 'cauliflower', 'beetroot']","[100, 0, 0]"
7.3,27.0,90.0,73.0,51.3,53.2,sorghum,sorghum,sorghum,71,"['sorghum', 'tinda', 'jute']","[71, 12, 8]"
5.6,15.7,80.0,96.6,49.9,59.3,french bean,french bean,french bean,98,"['french bean', 'chowchow', 'vegetable cowpea']","[98, 1, 0]"
6.9,27.9,83.1,84.4,66.6,64.1,ribbed gourd,ribbed gourd,bitter gourd,66,"['bitter gourd', 'ribbed gourd', 'muskmelon']","[66, 32, 2]"
6.2,26.9,50.8,89.1,44.5,92.4,ash gourd,ash gourd,ash gourd,98,"['ash gourd', 'pumpkin', 'tapoica']","[98, 2, 0]"
5.9,23.3,76.7,98.4,42.0,52.6,vegetable cowpea,vegetable cowpea,vegetable cowpea,61,"['vegetable cowpea', 'french bean', 'rice']","[61, 24, 6]"
6.1,33.9,76.9,83.9,44.2,43.3,rice,rice,jute,50,"['jute', 'rice', 'elephant foot yam']","[50, 29, 16]"
6.1,19.2,68.1,101.0,67.3,75.4,carrot,carrot,carrot,69,"['carrot', 'sugarbeet', 'pumpkin']","[69, 25, 4]"
6.1,24.2,93.0,141.4,68.4,102.7,capsicum,capsicum,capsicum,35,"['capsicum', 'bhendi', 'cabbage']","[35, 31, 31]"
5.6,20.3,17.7,31.9,24.2,23.7,thinai,thinai,thinai,41,"['thinai', 'ragi', 'panivaragu']","[41, 38, 19]"
6.6,16.5,65.6,84.7,60.8,67.9,carrot,carrot,carrot,93,"['carrot', 'pumpkin', 'sugarbeet']","[93, 5, 1]"
6.8,34.1,69.9,60.5,52.6,42.7,cucumber,cucumber,cucumber,59,"['cucumber', 'groundnut', 'jute']","[59, 35, 4]"
7.2,22.8,74.4,118.0,54.7,40.2,cotton,cotton,cotton,62,"['cotton', 'peas', 'rice']","[62, 36, 1]"
6.6,20.7,98.1,92.4,53.6,43.5,beetroot,beetroot,beetroot,70,"['beetroot', 'cauliflower', 'radish']","[70, 29, 0]"
6.9,27.2,84.0,96.1,41.3,55.0,elephant foot yam,elephant foot yam,tinda,50,"['tinda', 'elephant foot yam', 'annual moringa']","[50, 15, 13]"
6.8,34.5,80.9,91.8,55.0,45.3,elephant foot yam,elephant foot yam,elephant foot yam,50,"['elephant foot yam', 'annual moringa', 'jute']","[50, 36, 7]"
6.3,36.6,66.5,46.2,32.7,32.3,horsegram,horsegram,horsegram,99,"['horsegram', 'greengram', 'bengalgram']","[99, 0, 0]"
6.8,20.4,62.7,88.5,55.7,65.8,pumpkin,pumpkin,pumpkin,96,"['pumpkin', 'carrot', 'sugarbeet']","[96, 2, 1]"
6.8,22.6,99.5,118.0,57.1,52.3,cauliflower,cauliflower,cauliflower,100,"['cauliflower', 'beetroot', 'sweet potato']","[100, 0, 0]"
6.5,21.0,85.9,116.9,46.0,43.9,peas,peas,sweet potato,94,"['sweet potato', 'peas', 'cotton']","[94, 5, 0]"
5.6,42.9,88.4,44.3,30.6,31.3,pearl millet,pearl millet,pearl millet,100,"['pearl millet', 'gingely', 'jute']","[100, 0, 0]"
6.9,29.4,79.8,117.7,44.4,56.4,annual moringa,annual moringa,annual moringa,74,"['annual moringa', 'peas', 'cotton']","[74, 16, 6]"
6.1,20.4,69.4,90.2,58.2,43.5,small onion,small onion,small onion,85,"['small onion', 'rice', 'chowchow']","[85, 12, 1]"
6.7,27.9,50.1,66.6,56.8,58.0,tapoica,tapoica,tapoica,96,"['tapoica', 'ash gourd', 'cucumber']","[96, 2, 1]"
6.5,18.9,75.1,136.2,40.1,88.9,tomato,tomato,tomato,69,"['tomato', 'onion', 'maize']","[69, 23, 3]"
7.8,24.4,67.9,123.5,72.2,65.5,sugarbeet,sugarbeet,sugarbeet,99,"['sugarbeet', 'maize', 'sugarcane']","[99, 1, 0]"
6.5,11.0,98.4,91.7,49.2,56.3,cauliflower,cauliflower,radish,63,"['radish', 'cauliflower', 'beetroot']","[63, 37, 0]"
6.8,23.1,92.2,146.6,77.2,89.4,capsicum,capsicum,capsicum,68,"['capsicum', 'bhendi', 'brinjal']","[68, 18, 8]"
5.0,22.4,51.7,59.7,28.0,24.0,cowpea,cowpea,cowpea,99,"['cowpea', 'bengalgram', 'ragi']","[99, 1, 0]"
6.4,18.8,61.0,86.3,82.9,62.2,carrot,carrot,carrot,95,"['carrot', 'pumpkin', 'maize']","[95, 5, 0]"
6.6,22.9,80.5,41.0,28.2,20.6,redgram,redgram,redgram,70,"['redgram', 'sunflower', 'castor']","[70, 16, 7]"
6.1,37.2,58.1,56.3,31.7,39.4,horsegram,horsegram,horsegram,97,"['horsegram', 'groundnut', 'cowpea']","[97, 1, 1]"
5.5,27.2,50.9,48.0,38.3,26.5,cowpea,cowpea,cowpea,97,"['cowpea', 'bengalgram', 'horsegram']","[97, 2, 1]"
6.4,23.0,74.1,80.4,58.9,43.0,small onion,small onion,small onion,85,"['small onion', 'rice', 'peas']","[85, 9, 2]"
6.4,21.5,60.0,54.1,23.4,33.4,bengalgram,bengalgram,bengalgram,97,"['bengalgram', 'cowpea', 'soyabean']","[97, 2, 0]"
6.7,29.5,73.7,94.4,62.7,95.6,ash gourd,ash gourd,ash gourd,60,"['ash gourd', 'ribbed gourd', 'muskmelon']","[60, 19, 7]"
6.7,25.5,84.4,86.3,43.7,43.1,elephant foot yam,elephant foot yam,tinda,37,"['tinda', 'elephant foot yam', 'peas']","[37, 18, 15]"
6.5,23.9,91.1,126.7,67.8,93.6,capsicum,capsicum,capsicum,53,"['capsicum', 'cabbage', 'bhendi']","[53, 20, 20]"
6.1,23.6,59.8,81.0,49.2,42.1,wheat,wheat,wheat,85,"['wheat', 'rice', 'tapoica']","[85, 6, 6]"
6.8,28.3,90.1,72.2,47.0,62.0,bitter gourd,bitter gourd,bitter gourd,96,"['bitter gourd', 'sorghum', 'snake gourd']","[96, 2, 1]"
7.5,28.8,84.5,66.4,42.3,58.2,tinda,tinda,tinda,89,"['tinda', 'jute', 'elephant foot yam']","[89, 3, 3]"
7.1,34.9,79.3,119.7,41.7,63.2,muskmelon,muskmelon,muskmelon,89,"['muskmelon', 'annual moringa', 'ribbed gourd']","[89, 10, 1]"
6.1,14.5,88.7,49.0,21.5,28.5,pearl millet,pearl millet,pearl millet,86,"['pearl millet', 'soyabean', 'castor']","[86, 14, 0]"
6.8,17.7,91.1,109.7,46.9,84.3,capsicum,capsicum,capsicum,95,"['capsicum', 'brinjal', 'cabbage']","[95, 4, 0]"
6.0,19.5,95.1,116.5,82.2,82.7,cabbage,cabbage,cabbage,90,"['cabbage', 'capsicum', 'bhendi']","[90, 8, 1]"
6.7,24.9,84.0,59.5,26.8,38.1,sunflower,sunflower,redgram,25,"['redgram', 'soyabean', 'sunflower']","[25, 24, 23]"
6.7,25.4,87.9,74.5,53.2,64.3,bitter gourd,bitter gourd,bitter gourd,61,"['bitter gourd', 'snake gourd', 'bottle gourd']","[61, 37, 1]"
5.9,21.8,79.3,118.7,46.8,112.2,onion,onion,onion,99,"['onion', 'chillies', 'tomato']","[99, 1, 0]"
6.8,26.4,78.9,51.9,20.4,37.6,redgram,redgram,redgram,89,"['redgram', 'soyabean', 'horsegram']","[89, 5, 5]"
6.7,31.1,17.0,24.8,24.1,23.0,blackgram,blackgram,blackgram,83,"['blackgram', 'panivaragu', 'thinai']","[83, 16, 1]"
6.3,26.9,73.6,83.5,62.5,99.5,ash gourd,ash gourd,ash gourd,76,"['ash gourd', 'pumpkin', 'bottle gourd']","[76, 13, 7]"
6.0,24.9,89.8,94.8,49.4,45.4,sweet potato,sweet potato,sweet potato,98,"['sweet potato', 'jute', 'cauliflower']","[98, 0, 0]"
6.5,28.0,89.1,95.3,52.6,63.8,bitter gourd,bitter gourd,bitter gourd,85,"['bitter gourd', 'snake gourd', 'muskmelon']","[85, 9, 1]"
6.3,20.0,17.5,45.1,39.7,35.5,kudiraivali,kudiraivali,kudiraivali,100,"['kudiraivali', 'cowpea', 'blackgram']","[100, 0, 0]"
6.3,31.9,84.8,82.6,55.1,40.2,elephant foot yam,elephant foot yam,elephant foot yam,82,"['elephant foot yam', 'jute', 'annual moringa']","[82, 14, 2]"
5.9,16.5,92.6,114.1,75.4,111.0,capsicum,capsicum,capsicum,67,"['capsicum', 'cabbage', 'brinjal']","[67, 33, 0]"
6.7,16.0,68.7,96.5,72.1,61.3,carrot,carrot,carrot,81,"['carrot', 'sugarbeet', 'pumpkin']","[81, 17, 1]"
6.7,27.4,75.2,89.6,45.2,88.1,muskmelon,muskmelon,muskmelon,48,"['muskmelon', 'ribbed gourd', 'bitter gourd']","[48, 27, 11]"
7.9,18.7,75.9,117.0,79.3,79.1,sugarbeet,sugarbeet,sugarbeet,96,"['sugarbeet', 'tomato', 'maize']","[96, 4, 0]"
5.2,27.5,50.8,39.1,21.2,21.5,cowpea,cowpea,cowpea,98,"['cowpea', 'thinai', 'panivaragu']","[98, 1, 0]"
6.2,26.6,51.6,37.5,24.3,26.6,cowpea,cowpea,cowpea,81,"['cowpea', 'varagu', 'thinai']","[81, 13, 3]"
6.4,26.7,97.3,119.4,63.5,110.1,bhendi,bhendi,bhendi,86,"['bhendi', 'cabbage', 'capsicum']","[86, 11, 3]"
7.2,12.6,74.7,104.1,45.5,43.7,peas,peas,peas,100,"['peas', 'cotton', 'sugarbeet']","[100, 0, 0]"
6.7,28.1,51.3,90.8,41.3,48.2,tapoica,tapoica,tapoica,98,"['tapoica', 'cucumber', 'rice']","[98, 1, 0]"
6.7,27.9,51.5,90.5,57.5,41.2,tapoica,tapoica,tapoica,98,"['tapoica', 'cucumber', 'rice']","[98, 1, 0]"
7.8,22.0,79.9,99.9,50.2,58.0,cotton,cotton,cotton,53,"['cotton', 'cluster bean', 'peas']","[53, 42, 2]"
6.3,20.1,80.4,110.5,58.1,82.8,onion,onion,onion,86,"['onion', 'tomato', 'brinjal']","[86, 6, 3]"
6.0,22.2,99.9,70.8,22.2,32.3,castor,castor,castor,95,"['castor', 'sunflower', 'soyabean']","[95, 4, 1]"
6.0,30.3,68.8,86.9,56.2,61.2,ash gourd,ash gourd,ash gourd,61,"['ash gourd', 'rice', 'cucumber']","[61, 35, 1]"
6.3,20.3,90.8,112.9,48.7,113.7,capsicum,capsicum,capsicum,92,"['capsicum', 'brinjal', 'cabbage']","[92, 5, 3]"
6.6,35.0,54.0,42.8,21.2,31.0,horsegram,horsegram,horsegram,99,"['horsegram', 'panivaragu', 'cowpea']","[99, 0, 0]"
8.0,20.4,17.2,35.7,26.6,25.9,ragi,ragi,ragi,86,"['ragi', 'blackgram', 'thinai']","[86, 13, 0]"
6.5,33.9,82.3,65.5,51.7,58.8,elephant foot yam,elephant foot yam,elephant foot yam,93,"['elephant foot yam', 'ribbed gourd', 'jute']","[93, 3, 2]"
7.3,26.9,78.7,113.0,57.5,66.5,watermelon,watermelon,watermelon,53,"['watermelon', 'muskmelon', 'tomato']","[53, 43, 2]"
6.1,30.4,69.2,58.3,30.7,36.1,horsegram,horsegram,horsegram,86,"['horsegram', 'soyabean', 'bengalgram']","[86, 9, 2]"
7.9,23.5,79.3,73.2,55.3,43.7,cluster bean,cluster bean,cluster bean,99,"['cluster bean', 'cotton', 'rice']","[99, 1, 0]"
6.1,27.0,81.3,111.7,59.1,107.9,chillies,chillies,chillies,94,"['chillies', 'watermelon', 'tomato']","[94, 3, 1]"
6.3,17.2,18.7,35.6,21.7,20.2,ragi,ragi,panivaragu,51,"['panivaragu', 'ragi', 'thinai']","[51, 48, 1]"
6.8,22.3,52.5,117.8,58.2,51.0,wheat,wheat,wheat,97,"['wheat', 'maize', 'sugarbeet']","[97, 2, 1]"
7.0,26.1,73.9,169.8,64.0,130.3,sugarcane,sugarcane,sugarcane,100,"['sugarcane', 'maize', 'tomato']","[100, 0, 0]"
6.5,26.9,80.8,135.8,65.5,71.5,maize,maize,maize,68,"['maize', 'chillies', 'tomato']","[68, 17, 6]"
5.9,25.6,87.6,116.2,47.6,41.9,sweet potato,sweet potato,sweet potato,100,"['sweet potato', 'vegetable cowpea', 'french bean']","[100, 0, 0]"
5.6,22.2,84.0,86.4,54.8,56.7,vegetable cowpea,vegetable cowpea,vegetable cowpea,40,"['vegetable cowpea', 'french bean', 'sweet potato']","[40, 33, 13]"
6.2,26.1,82.1,99.9,49.7,75.0,watermelon,watermelon,watermelon,82,"['watermelon', 'bottle gourd', 'muskmelon']","[82, 9, 2]"
5.8,13.0,75.9,84.7,59.5,48.6,french bean,french bean,french bean,99,"['french bean', 'chowchow', 'peas']","[99, 1, 0]"
7.7,34.8,17.1,30.5,30.2,35.3,blackgram,blackgram,blackgram,99,"['blackgram', 'samai', 'panivaragu']","[99, 1, 0]"
5.9,25.2,17.5,31.3,23.1,26.1,thinai,thinai,varagu,76,"['varagu', 'thinai', 'ragi']","[76, 13, 6]"
6.7,27.2,87.4,66.3,65.3,86.3,bitter gourd,bitter gourd,bitter gourd,89,"['bitter gourd', 'snake gourd', 'bottle gourd']","[89, 8, 1]"
6.9,27.5,67.7,36.5,23.1,28.0,greengram,greengram,greengram,99,"['greengram', 'horsegram', 'bengalgram']","[99, 1, 0]"
6.9,31.8,81.2,97.4,71.7,96.1,ribbed gourd,ribbed gourd,ribbed gourd,89,"['ribbed gourd', 'muskmelon', 'bitter gourd']","[89, 6, 5]"
6.1,23.9,86.5,67.5,66.6,91.9,snake gourd,snake gourd,snake gourd,97,"['snake gourd', 'bottle gourd', 'bitter gourd']","[97, 2, 1]"
6.1,36.3,62.1,40.3,39.7,28.6,horsegram,horsegram,horsegram,76,"['horsegram', 'greengram', 'bengalgram']","[76, 22, 1]"
6.2,14.3,97.4,79.9,50.6,48.2,radish,radish,radish,98,"['radish', 'cauliflower', 'sorghum']","[98, 1, 1]"
6.7,23.9,72.4,86.1,57.0,50.6,small onion,small onion,small onion,74,"['small onion', 'rice', 'peas']","[74, 11, 8]"
5.9,27.4,18.3,33.1,25.9,29.2,thinai,thinai,thinai,43,"['thinai', 'varagu', 'panivaragu']","[43, 35, 18]"
6.7,23.7,18.3,35.8,23.6,27.5,ragi,ragi,thinai,59,"['thinai', 'ragi', 'panivaragu']","[59, 20, 16]"
7.0,15.1,65.0,52.7,42.3,48.2,groundnut,groundnut,groundnut,100,"['groundnut', 'small onion', 'peas']","[100, 0, 0]"
5.9,25.4,56.1,65.9,55.7,48.1,tapoica,tapoica,tapoica,100,"['tapoica', 'ash gourd', 'vegetable cowpea']","[100, 0, 0]"
7.0,22.0,78.2,170.6,61.2,146.4,sugarcane,sugarcane,sugarcane,97,"['sugarcane', 'tomato', 'maize']","[97, 3, 0]"
7.4,18.1,95.9,74.7,49.3,43.9,sorghum,sorghum,sorghum,91,"['sorghum', 'beetroot', 'radish']","[91, 7, 1]"
7.1,28.5,78.4,97.1,50.9,45.0,tinda,tinda,tinda,50,"['tinda', 'annual moringa', 'cotton']","[50, 23, 14]"
6.3,22.8,70.0,66.5,40.3,42.4,small onion,small onion,small onion,93,"['small onion', 'jute', 'groundnut']","[93, 2, 1]"
6.5,22.8,60.0,46.5,23.0,22.4,bengalgram,bengalgram,bengalgram,99,"['bengalgram', 'cowpea', 'soyabean']","[99, 1, 0]"
6.1,30.2,64.6,45.3,36.7,34.4,horsegram,horsegram,horsegram,77,"['horsegram', 'bengalgram', 'greengram']","[77, 20, 1]"
8.3,23.1,79.0,88.1,50.3,40.9,cluster bean,cluster bean,cluster bean,93,"['cluster bean', 'cotton', 'rice']","[93, 5, 1]"
6.6,23.3,92.1,144.0,41.5,85.5,capsicum,capsicum,capsicum,91,"['capsicum', 'brinjal', 'bhendi']","[91, 8, 0]"
6.9,27.9,89.3,83.2,74.5,80.4,bitter gourd,bitter gourd,bitter gourd,95,"['bitter gourd', 'snake gourd', 'ribbed gourd']","[95, 3, 1]"
7.5,28.4,83.1,75.6,59.4,57.6,tinda,tinda,tinda,86,"['tinda', 'elephant foot yam', 'cluster bean']","[86, 3, 3]"
6.9,18.0,98.7,90.5,40.3,55.2,beetroot,beetroot,beetroot,73,"['beetroot', 'cauliflower', 'radish']","[73, 19, 7]"
6.0,26.6,97.2,118.1,97.8,89.2,bhendi,bhendi,bhendi,90,"['bhendi', 'cabbage', 'capsicum']","[90, 9, 0]"
7.1,32.5,82.1,66.7,72.6,64.7,ribbed gourd,ribbed gourd,ribbed gourd,99,"['ribbed gourd', 'bitter gourd', 'muskmelon']","[99, 1, 0]"
6.6,29.7,77.2,106.8,50.5,84.1,muskmelon,muskmelon,muskmelon,73,"['muskmelon', 'chillies', 'tomato']","[73, 17, 6]"
5.8,27.0,79.4,94.1,46.9,54.4,french bean,french bean,vegetable cowpea,76,"['vegetable cowpea', 'french bean', 'elephant foot yam']","[76, 11, 7]"
6.2,23.4,50.1,83.9,41.5,52.4,wheat,wheat,wheat,91,"['wheat', 'tapoica', 'rice']","[91, 8, 0]"
6.9,18.4,66.5,145.7,76.5,61.6,maize,maize,sugarbeet,73,"['sugarbeet', 'maize', 'carrot']","[73, 23, 3]"
6.5,29.7,60.7,92.7,73.5,77.4,ash gourd,ash gourd,ash gourd,98,"['ash gourd', 'pumpkin', 'cucumber']","[98, 1, 0]"
5.8,33.9,83.1,87.7,43.0,50.7,elephant foot yam,elephant foot yam,elephant foot yam,94,"['elephant foot yam', 'vegetable cowpea', 'rice']","[94, 3, 2]"
6.5,20.9,76.2,138.8,64.2,110.3,onion,onion,onion,63,"['onion', 'tomato', 'chillies']","[63, 27, 4]"
5.9,19.3,78.8,77.0,41.2,50.6,chowchow,chowchow,chowchow,77,"['chowchow', 'french bean', 'vegetable cowpea']","[77, 19, 4]"
5.3,27.4,50.2,35.8,29.7,20.2,cowpea,cowpea,cowpea,95,"['cowpea', 'thinai', 'panivaragu']","[95, 2, 1]"
7.5,37.3,17.8,27.1,37.9,24.9,blackgram,blackgram,blackgram,100,"['blackgram', 'samai', 'panivaragu']","[100, 0, 0]"
6.9,25.1,80.4,51.0,34.5,35.7,redgram,redgram,redgram,81,"['redgram', 'soyabean', 'pearl millet']","[81, 6, 5]"
6.5,18.3,98.3,89.9,43.6,52.8,beetroot,beetroot,beetroot,87,"['beetroot', 'cauliflower', 'radish']","[87, 8, 4]"
7.2,23.6,67.0,88.4,56.0,59.0,rice,rice,rice,56,"['rice', 'cotton', 'small onion']","[56, 16, 14]"
7.3,29.6,79.3,82.6,43.3,65.2,muskmelon,muskmelon,muskmelon,55,"['muskmelon', 'ribbed gourd', 'watermelon']","[55, 38, 2]"
6.9,30.8,66.6,40.9,22.6,28.0,horsegram,horsegram,horsegram,66,"['horsegram', 'greengram', 'bengalgram']","[66, 33, 1]"
8.8,28.8,17.3,38.3,21.0,29.6,samai,samai,samai,99,"['samai', 'blackgram', 'ragi']","[99, 1, 0]"
6.8,28.8,17.8,27.2,32.6,24.8,blackgram,blackgram,blackgram,97,"['blackgram', 'thinai', 'panivaragu']","[97, 2, 1]"
6.7,31.1,17.5,35.0,31.3,23.5,blackgram,blackgram,blackgram,66,"['blackgram', 'panivaragu', 'thinai']","[66, 31, 2]"
7.5,25.8,78.2,109.3,59.0,57.5,cotton,cotton,cotton,48,"['cotton', 'annual moringa', 'peas']","[48, 39, 8]"
7.3,33.2,67.1,22.4,38.2,20.8,greengram,greengram,greengram,100,"['greengram', 'horsegram', 'gingely']","[100, 0, 0]"
6.0,25.9,66.9,73.7,58.1,65.5,ash gourd,ash gourd,ash gourd,78,"['ash gourd', 'pumpkin', 'bottle gourd']","[78, 22, 0]"
6.4,26.6,15.4,34.8,29.9,26.5,varagu,varagu,varagu,76,"['varagu', 'thinai', 'panivaragu']","[76, 15, 5]"
6.1,24.4,87.4,62.1,47.7,85.3,snake gourd,snake gourd,snake gourd,97,"['snake gourd', 'bottle gourd', 'bitter gourd']","[97, 2, 1]"
5.6,26.5,51.9,55.4,23.7,31.6,cowpea,cowpea,cowpea,96,"['cowpea', 'bengalgram', 'horsegram']","[96, 3, 1]"
6.5,26.6,83.6,110.9,43.3,99.4,watermelon,watermelon,chillies,40,"['chillies', 'watermelon', 'brinjal']","[40, 26, 12]"
6.3,24.3,99.4,46.3,21.3,21.5,castor,castor,castor,89,"['castor', 'sunflower', 'pearl millet']","[89, 6, 4]"
6.4,27.7,82.2,72.4,45.7,51.0,elephant foot yam,elephant foot yam,elephant foot yam,78,"['elephant foot yam', 'tinda', 'jute']","[78, 14, 4]"
6.6,29.5,51.8,49.7,39.1,34.6,horsegram,horsegram,horsegram,63,"['horsegram', 'cowpea', 'bengalgram']","[63, 30, 5]"
5.8,24.1,87.1,115.0,44.8,42.6,sweet potato,sweet potato,sweet potato,100,"['sweet potato', 'vegetable cowpea', 'french bean']","[100, 0, 0]"
7.1,31.1,82.4,101.6,59.6,51.9,annual moringa,annual moringa,annual moringa,83,"['annual moringa', 'tinda', 'cotton']","[83, 8, 3]"
6.7,21.2,53.9,90.6,52.9,50.6,wheat,wheat,wheat,99,"['wheat', 'rice', 'small onion']","[99, 1, 0]"
6.1,33.8,82.2,25.0,20.6,21.8,gingely,gingely,gingely,100,"['gingely', 'pearl millet', 'soyabean']","[100, 0, 0]"
8.0,23.3,89.4,113.7,52.8,40.5,cotton,cotton,cotton,94,"['cotton', 'peas', 'cluster bean']","[94, 5, 1]"
6.7,25.4,80.4,51.1,24.9,24.1,redgram,redgram,redgram,84,"['redgram', 'soyabean', 'pearl millet']","[84, 8, 3]"
6.0,26.0,78.3,89.3,42.2,91.4,watermelon,watermelon,watermelon,65,"['watermelon', 'bottle gourd', 'bitter gourd']","[65, 26, 2]"
7.7,23.9,84.6,63.7,40.8,58.2,cluster bean,cluster bean,cluster bean,99,"['cluster bean', 'cotton', 'jute']","[99, 0, 0]"
6.9,23.0,74.8,71.6,54.6,44.7,small onion,small onion,small onion,64,"['small onion', 'cluster bean', 'cotton']","[64, 28, 2]"
6.8,26.7,62.0,39.7,37.9,22.8,greengram,greengram,greengram,73,"['greengram', 'bengalgram', 'horsegram']","[73, 14, 12]"
6.2,19.4,78.2,73.1,51.0,50.7,chowchow,chowchow,chowchow,96,"['chowchow', 'french bean', 'small onion']","[96, 2, 1]"
8.7,28.6,17.8,35.6,28.6,22.0,samai,samai,samai,99,"['samai', 'blackgram', 'ragi']","[99, 1, 0]"
5.9,25.6,93.7,105.3,45.2,93.8,capsicum,capsicum,capsicum,97,"['capsicum', 'bhendi', 'cabbage']","[97, 1, 1]"
6.5,19.2,87.6,65.7,26.8,38.9,soyabean,soyabean,soyabean,89,"['soyabean', 'sunflower', 'pearl millet']","[89, 9, 2]"
6.1,23.9,54.2,116.8,59.9,46.5,wheat,wheat,wheat,100,"['wheat', 'maize', 'rice']","[100, 0, 0]"
5.8,39.0,19.6,31.7,29.7,23.3,panivaragu,panivaragu,panivaragu,98,"['panivaragu', 'blackgram', 'thinai']","[98, 1, 0]"
6.1,24.2,63.1,91.5,72.3,71.6,ash gourd,ash gourd,pumpkin,61,"['pumpkin', 'ash gourd', 'sugarbeet']","[61, 39, 0]"
5.6,22.7,80.6,42.4,22.6,21.9,pearl millet,pearl millet,castor,69,"['castor', 'pearl millet', 'soyabean']","[69, 29, 1]"
6.2,24.1,83.3,54.6,31.2,21.3,castor,castor,soyabean,36,"['soyabean', 'castor', 'pearl millet']","[36, 32, 25]"
6.6,26.8,91.8,71.8,41.1,40.1,sorghum,sorghum,sorghum,86,"['sorghum', 'jute', 'soyabean']","[86, 8, 2]"
6.6,17.1,95.6,82.4,45.6,44.9,cauliflower,cauliflower,radish,46,"['radish', 'cauliflower', 'beetroot']","[46, 45, 7]"
6.5,33.4,63.4,95.2,59.3,46.0,cucumber,cucumber,cucumber,52,"['cucumber', 'rice', 'tapoica']","[52, 44, 2]"
6.1,20.4,70.7,128.8,87.3,73.8,maize,maize,maize,81,"['maize', 'sugarbeet', 'carrot']","[81, 17, 1]"
7.0,21.0,89.5,80.3,54.9,45.8,cotton,cotton,peas,58,"['peas', 'sorghum', 'cotton']","[58, 14, 11]"
5.8,21.6,80.1,127.9,51.2,101.3,onion,onion,onion,98,"['onion', 'chillies', 'maize']","[98, 1, 0]"
5.4,23.8,54.7,54.2,38.0,37.9,cowpea,cowpea,cowpea,99,"['cowpea', 'bengalgram', 'ragi']","[99, 1, 0]"
6.9,17.1,67.1,116.9,72.0,97.1,carrot,carrot,carrot,94,"['carrot', 'sugarbeet', 'tomato']","[94, 3, 3]"
7.1,12.2,79.8,82.5,43.3,46.7,peas,peas,peas,100,"['peas', 'cluster bean', 'cotton']","[100, 0, 0]"
7.6,29.2,75.1,90.2,56.6,51.7,cotton,cotton,cotton,43,"['cotton', 'annual moringa', 'rice']","[43, 27, 18]"
7.0,41.7,65.0,51.7,54.9,51.8,groundnut,groundnut,groundnut,99,"['groundnut', 'cucumber', 'horsegram']","[99, 0, 0]"
7.4,21.6,78.3,122.6,55.4,87.1,tomato,tomato,tomato,95,"['tomato', 'sugarbeet', 'watermelon']","[95, 3, 1]"
6.1,20.0,17.2,40.9,35.3,34.5,kudiraivali,kudiraivali,kudiraivali,99,"['kudiraivali', 'cowpea', 'ragi']","[99, 0, 0]"
6.6,25.9,58.7,94.9,70.2,85.9,ash gourd,ash gourd,ash gourd,88,"['ash gourd', 'pumpkin', 'maize']","[88, 12, 0]"
6.2,16.3,97.4,67.1,59.0,47.0,radish,radish,radish,80,"['radish', 'sorghum', 'beetroot']","[80, 16, 3]"
6.8,22.1,90.0,123.3,71.4,113.2,brinjal,brinjal,brinjal,86,"['brinjal', 'capsicum', 'cabbage']","[86, 13, 0]"
6.5,24.9,80.8,63.8,69.5,63.3,bottle gourd,bottle gourd,bottle gourd,75,"['bottle gourd', 'bitter gourd', 'snake gourd']","[75, 15, 6]"
6.7,29.6,79.2,118.8,79.2,94.9,chillies,chillies,chillies,61,"['chillies', 'tomato', 'muskmelon']","[61, 33, 2]"
6.0,26.2,19.5,35.3,21.6,27.6,varagu,varagu,varagu,79,"['varagu', 'thinai', 'panivaragu']","[79, 12, 4]"
5.9,20.0,16.8,48.5,22.5,27.2,kudiraivali,kudiraivali,kudiraivali,98,"['kudiraivali', 'ragi', 'thinai']","[98, 1, 1]"
6.7,36.1,72.3,56.1,29.1,24.1,horsegram,horsegram,horsegram,97,"['horsegram', 'soyabean', 'greengram']","[97, 2, 0]"
6.4,25.9,90.0,101.1,72.8,107.4,brinjal,brinjal,brinjal,60,"['brinjal', 'capsicum', 'cabbage']","[60, 27, 6]"
5.5,26.1,83.4,72.1,48.5,51.1,french bean,french bean,french bean,40,"['french bean', 'vegetable cowpea', 'elephant foot yam']","[40, 31, 28]"
6.0,24.1,75.6,114.1,43.2,83.1,onion,onion,onion,51,"['onion', 'watermelon', 'chillies']","[51, 34, 12]"
6.9,20.3,99.0,96.6,55.0,55.3,beetroot,beetroot,beetroot,86,"['beetroot', 'cauliflower', 'radish']","[86, 14, 0]"
5.9,22.8,17.5,31.2,25.0,28.5,thinai,thinai,thinai,54,"['thinai', 'ragi', 'panivaragu']","[54, 25, 17]"
6.5,20.0,17.2,56.4,21.6,30.2,kudiraivali,kudiraivali,kudiraivali,99,"['kudiraivali', 'thinai', 'ragi']","[99, 0, 0]"
5.8,21.2,83.9,84.5,52.8,46.4,vegetable cowpea,vegetable cowpea,chowchow,33,"['chowchow', 'vegetable cowpea', 'french bean']","[33, 30, 19]"
6.5,19.1,86.7,90.6,71.5,87.6,snake gourd,snake gourd,snake gourd,97,"['snake gourd', 'bottle gourd', 'brinjal']","[97, 2, 0]"
6.1,26.3,99.9,143.4,74.1,108.8,bhendi,bhendi,bhendi,90,"['bhendi', 'cabbage', 'capsicum']","[90, 9, 1]"
5.9,25.8,93.7,24.2,27.6,22.7,gingely,gingely,gingely,100,"['gingely', 'castor', 'pearl millet']","[100, 0, 0]"
7.1,25.2,83.7,103.0,40.4,82.2,watermelon,watermelon,watermelon,72,"['watermelon', 'muskmelon', 'tomato']","[72, 19, 8]"
6.5,23.6,52.2,82.5,54.9,42.0,wheat,wheat,wheat,97,"['wheat', 'tapoica', 'rice']","[97, 2, 0]"
7.6,24.8,96.7,73.9,20.7,22.3,sunflower,sunflower,sunflower,59,"['sunflower', 'castor', 'soyabean']","[59, 41, 0]"
6.1,30.4,51.8,97.7,71.0,85.2,ash gourd,ash gourd,ash gourd,100,"['ash gourd', 'pumpkin', 'tapoica']","[100, 0, 0]"
7.2,27.5,79.9,103.9,56.7,118.9,tomato,tomato,tomato,76,"['tomato', 'muskmelon', 'chillies']","[76, 15, 8]"
8.3,24.9,77.7,95.4,46.9,40.8,cluster bean,cluster bean,cluster bean,75,"['cluster bean', 'cotton', 'rice']","[75, 17, 5]"
7.5,23.3,84.9,66.5,23.4,28.1,sunflower,sunflower,sunflower,70,"['sunflower', 'castor', 'soyabean']","[70, 29, 1]"
5.5,29.2,16.3,35.9,25.8,27.9,panivaragu,panivaragu,thinai,46,"['thinai', 'panivaragu', 'varagu']","[46, 31, 17]"
6.0,21.5,86.8,50.3,20.8,30.6,pearl millet,pearl millet,pearl millet,49,"['pearl millet', 'soyabean', 'castor']","[49, 24, 23]"
5.6,25.3,17.8,30.2,22.3,30.0,varagu,varagu,varagu,79,"['varagu', 'thinai', 'ragi']","[79, 11, 7]"
6.7,28.9,77.7,43.8,34.2,22.5,horsegram,horsegram,redgram,84,"['redgram', 'horsegram', 'soyabean']","[84, 13, 2]"
7.0,22.3,91.9,66.0,33.1,39.7,castor,castor,sunflower,70,"['sunflower', 'castor', 'soyabean']","[70, 22, 6]"
5.5,27.2,56.1,91.2,57.7,57.3,tapoica,tapoica,tapoica,97,"['tapoica', 'rice', 'ash gourd']","[97, 3, 0]"
7.6,23.9,75.8,101.9,54.4,58.6,cotton,cotton,cotton,78,"['cotton', 'cluster bean', 'peas']","[78, 10, 5]"
6.4,23.5,99.2,51.0,33.1,34.7,castor,castor,castor,84,"['castor', 'sunflower', 'pearl millet']","[84, 12, 3]"
6.3,18.9,18.4,38.4,25.1,23.6,ragi,ragi,ragi,46,"['ragi', 'panivaragu', 'thinai']","[46, 41, 9]"
6.1,26.8,83.7,120.0,61.6,114.4,chillies,chillies,chillies,93,"['chillies', 'onion', 'tomato']","[93, 3, 1]"
6.3,23.1,52.5,111.5,47.1,42.0,wheat,wheat,wheat,100,"['wheat', 'rice', 'tapoica']","[100, 0, 0]"
7.1,34.2,81.1,96.7,51.5,59.0,annual moringa,annual moringa,annual moringa,72,"['annual moringa', 'elephant foot yam', 'muskmelon']","[72, 7, 7]"
5.8,13.6,78.4,90.2,55.2,44.4,french bean,french bean,french bean,99,"['french bean', 'chowchow', 'peas']","[99, 1, 0]"
6.8,12.0,83.9,84.5,50.9,42.3,peas,peas,peas,99,"['peas', 'french bean', 'cauliflower']","[99, 0, 0]"
6.7,10.1,95.9,91.2,47.4,48.8,cauliflower,cauliflower,cauliflower,83,"['cauliflower', 'radish', 'peas']","[83, 17, 0]"
6.6,25.1,82.5,46.3,33.6,23.3,pearl millet,pearl millet,redgram,45,"['redgram', 'pearl millet', 'castor']","[45, 24, 14]"
6.0,30.3,70.6,92.0,61.5,77.2,ash gourd,ash gourd,ash gourd,97,"['ash gourd', 'ribbed gourd', 'rice']","[97, 2, 0]"
7.4,33.6,80.4,88.0,58.7,47.0,annual moringa,annual moringa,annual moringa,83,"['annual moringa', 'jute', 'tinda']","[83, 4, 4]"
5.7,17.0,91.3,133.5,59.6,115.6,capsicum,capsicum,capsicum,92,"['capsicum', 'cabbage', 'brinjal']","[92, 8, 0]"
5.7,20.0,18.0,58.9,37.5,27.4,kudiraivali,kudiraivali,kudiraivali,100,"['kudiraivali', 'cowpea', 'ragi']","[100, 0, 0]"
7.0,11.5,19.7,35.2,28.9,26.6,ragi,ragi,ragi,76,"['ragi', 'panivaragu', 'thinai']","[76, 24, 0]"
7.3,18.2,91.6,40.9,38.6,30.8,pearl millet,pearl millet,pearl millet,75,"['pearl millet', 'sunflower', 'castor']","[75, 22, 2]"
6.4,23.4,69.1,60.8,40.5,53.9,small onion,small onion,small onion,94,"['small onion', 'groundnut', 'pumpkin']","[94, 5, 1]"
6.7,26.4,84.6,135.1,51.6,85.7,tomato,tomato,chillies,52,"['chillies', 'tomato', 'brinjal']","[52, 24, 10]"
6.0,24.9,95.6,101.6,67.8,87.4,bhendi,bhendi,bhendi,90,"['bhendi', 'cabbage', 'capsicum']","[90, 6, 3]"
6.0,19.5,63.1,118.3,99.1,81.9,carrot,carrot,carrot,89,"['carrot', 'maize', 'sugarcane']","[89, 8, 3]"
6.3,19.8,76.9,93.6,50.8,53.8,chowchow,chowchow,chowchow,88,"['chowchow', 'peas', 'small onion']","[88, 4, 3]"
8.6,33.9,18.5,37.2,21.4,23.2,samai,samai,samai,100,"['samai', 'blackgram', 'panivaragu']","[100, 0, 0]"
6.8,28.4,90.0,137.1,42.2,107.6,brinjal,brinjal,brinjal,80,"['brinjal', 'capsicum', 'tomato']","[80, 19, 0]"
6.8,21.3,83.7,103.5,56.3,103.3,tomato,tomato,tomato,73,"['tomato', 'brinjal', 'onion']","[73, 18, 4]"
6.1,24.9,71.8,95.3,57.4,84.9,ash gourd,ash gourd,ash gourd,54,"['ash gourd', 'watermelon', 'pumpkin']","[54, 14, 11]"
6.6,29.7,88.3,22.6,25.1,38.8,gingely,gingely,gingely,100,"['gingely', 'pearl millet', 'soyabean']","[100, 0, 0]"
6.9,23.0,73.6,199.9,76.2,134.8,sugarcane,sugarcane,sugarcane,99,"['sugarcane', 'maize', 'tomato']","[99, 0, 0]"
8.7,32.6,20.0,35.1,28.1,25.8,samai,samai,samai,99,"['samai', 'greengram', 'blackgram']","[99, 0, 0]"
7.3,26.9,17.4,37.5,20.1,31.0,blackgram,blackgram,blackgram,77,"['blackgram', 'ragi', 'thinai']","[77, 17, 4]"
6.8,15.4,60.7,91.8,88.2,98.7,carrot,carrot,carrot,100,"['carrot', 'pumpkin', 'sugarbeet']","[100, 0, 0]"
6.7,26.3,90.8,103.6,75.8,94.4,capsicum,capsicum,capsicum,63,"['capsicum', 'brinjal', 'bhendi']","[63, 15, 14]"
6.0,27.4,80.4,61.1,43.2,56.0,vegetable cowpea,vegetable cowpea,elephant foot yam,51,"['elephant foot yam', 'vegetable cowpea', 'french bean']","[51, 43, 3]"
6.6,27.7,56.0,94.1,64.9,95.6,ash gourd,ash gourd,ash gourd,99,"['ash gourd', 'pumpkin', 'tapoica']","[99, 1, 0]"
6.1,20.5,69.0,76.5,52.8,48.2,small onion,small onion,small onion,95,"['small onion', 'rice', 'chowchow']","[95, 2, 2]"
5.7,20.0,15.7,57.2,38.7,35.1,kudiraivali,kudiraivali,kudiraivali,100,"['kudiraivali', 'cowpea', 'thinai']","[100, 0, 0]"
6.7,26.0,58.5,71.8,60.3,79.8,ash gourd,ash gourd,ash gourd,85,"['ash gourd', 'pumpkin', 'tapoica']","[85, 15, 0]"
7.4,24.2,85.5,87.1,58.6,57.0,cotton,cotton,cotton,57,"['cotton', 'cluster bean', 'peas']","[57, 24, 17]"
6.3,26.4,17.6,30.7,26.6,26.9,varagu,varagu,varagu,75,"['varagu', 'thinai', 'ragi']","[75, 13, 5]"
6.3,18.7,70.4,54.6,20.7,25.5,soyabean,soyabean,soyabean,94,"['soyabean', 'redgram', 'bengalgram']","[94, 4, 1]"
7.0,27.1,82.5,105.9,48.0,63.6,muskmelon,muskmelon,muskmelon,71,"['muskmelon', 'watermelon', 'tomato']","[71, 21, 2]"
6.7,18.5,86.7,97.0,58.4,89.3,snake gourd,snake gourd,snake gourd,75,"['snake gourd', 'brinjal', 'capsicum']","[75, 17, 5]"
6.0,27.8,53.6,42.5,26.8,32.4,cowpea,cowpea,cowpea,88,"['cowpea', 'horsegram', 'bengalgram']","[88, 8, 4]"
5.7,32.9,64.1,82.5,59.4,42.8,rice,rice,rice,98,"['rice', 'tapoica', 'cucumber']","[98, 1, 0]"
5.5,23.8,76.3,88.2,54.7,45.2,french bean,french bean,french bean,46,"['french bean', 'vegetable cowpea', 'rice']","[46, 38, 11]"
5.9,22.4,77.1,75.8,59.8,47.9,vegetable cowpea,vegetable cowpea,vegetable cowpea,60,"['vegetable cowpea', 'french bean', 'chowchow']","[60, 23, 16]"
6.7,24.6,77.6,184.8,90.9,128.7,sugarcane,sugarcane,sugarcane,99,"['sugarcane', 'chillies', 'maize']","[99, 0, 0]"
7.5,36.1,84.4,90.6,31.9,42.3,jute,jute,jute,99,"['jute', 'annual moringa', 'rice']","[99, 1, 0]"
6.1,16.7,89.6,79.2,23.5,29.9,soyabean,soyabean,soyabean,98,"['soyabean', 'pearl millet', 'castor']","[98, 2, 0]"
5.6,29.8,93.7,38.6,29.4,31.0,gingely,gingely,gingely,96,"['gingely', 'pearl millet', 'castor']","[96, 4, 0]"
7.9,24.7,78.1,97.9,46.2,49.9,cluster bean,cluster bean,cluster bean,51,"['cluster bean', 'cotton', 'rice']","[51, 35, 8]"
6.4,21.5,88.6,106.7,43.5,43.8,sweet potato,sweet potato,sweet potato,99,"['sweet potato', 'cauliflower', 'peas']","[99, 0, 0]"
6.8,35.6,65.0,69.0,46.0,54.9,groundnut,groundnut,groundnut,83,"['groundnut', 'cucumber', 'rice']","[83, 17, 0]"
6.5,24.1,75.5,134.2,71.5,114.5,chillies,chillies,chillies,39,"['chillies', 'onion', 'sugarcane']","[39, 26, 22]"
7.5,26.8,76.2,116.6,57.7,92.0,muskmelon,muskmelon,watermelon,41,"['watermelon', 'tomato', 'muskmelon']","[41, 33, 24]"
7.1,29.3,84.5,81.6,40.9,76.7,muskmelon,muskmelon,muskmelon,46,"['muskmelon', 'ribbed gourd', 'bitter gourd']","[46, 40, 9]"
6.4,26.7,73.4,80.6,44.6,94.2,ash gourd,ash gourd,ash gourd,69,"['ash gourd', 'pumpkin', 'watermelon']","[69, 14, 10]"
7.3,24.1,82.7,82.1,58.2,77.0,watermelon,watermelon,watermelon,85,"['watermelon', 'ribbed gourd', 'cluster bean']","[85, 6, 2]"
6.8,35.0,91.6,32.2,28.9,26.9,gingely,gingely,gingely,98,"['gingely', 'pearl millet', 'soyabean']","[98, 2, 0]"
7.4,22.2,79.7,140.7,47.9,107.9,tomato,tomato,tomato,99,"['tomato', 'chillies', 'onion']","[99, 0, 0]"
7.2,23.5,81.1,62.9,51.9,55.1,cluster bean,cluster bean,cluster bean,99,"['cluster bean', 'tinda', 'cotton']","[99, 0, 0]"
8.0,24.9,16.0,35.4,25.5,27.5,ragi,ragi,ragi,74,"['ragi', 'samai', 'blackgram']","[74, 22, 3]"
7.0,34.8,78.8,84.8,47.5,77.7,muskmelon,muskmelon,muskmelon,62,"['muskmelon', 'ribbed gourd', 'bitter gourd']","[62, 36, 1]"
7.4,34.6,82.1,117.2,58.1,67.7,muskmelon,muskmelon,muskmelon,98,"['muskmelon', 'ribbed gourd', 'annual moringa']","[98, 1, 1]"
7.2,19.2,79.9,111.4,42.0,102.6,tomato,tomato,tomato,99,"['tomato', 'brinjal', 'sugarbeet']","[99, 0, 0]"
6.9,25.6,79.6,45.2,29.1,35.4,redgram,redgram,redgram,91,"['redgram', 'horsegram', 'soyabean']","[91, 5, 2]"
6.2,21.3,81.0,82.9,53.5,56.2,chowchow,chowchow,chowchow,87,"['chowchow', 'vegetable cowpea', 'sweet potato']","[87, 4, 3]"
7.5,33.9,64.9,23.7,37.2,35.9,greengram,greengram,greengram,100,"['greengram', 'horsegram', 'blackgram']","[100, 0, 0]"
7.1,31.4,84.7,115.8,43.3,91.8,muskmelon,muskmelon,muskmelon,93,"['muskmelon', 'tomato', 'chillies']","[93, 4, 1]"
6.3,19.7,77.8,87.9,43.4,59.1,chowchow,chowchow,chowchow,82,"['chowchow', 'bottle gourd', 'small onion']","[82, 11, 2]"
7.1,24.9,17.5,24.3,33.8,40.0,blackgram,blackgram,blackgram,100,"['blackgram', 'ragi', 'thinai']","[100, 0, 0]"
6.1,18.9,89.9,69.2,64.6,79.5,snake gourd,snake gourd,snake gourd,100,"['snake gourd', 'bottle gourd', 'bitter gourd']","[100, 0, 0]"
5.8,15.6,83.8,74.4,56.8,49.7,french bean,french bean,french bean,98,"['french bean', 'chowchow', 'vegetable cowpea']","[98, 1, 0]"
5.9,21.4,17.9,33.8,27.0,26.2,thinai,thinai,thinai,53,"['thinai', 'ragi', 'panivaragu']","[53, 26, 19]"
7.0,20.1,84.9,109.6,75.5,103.2,tomato,tomato,tomato,74,"['tomato', 'brinjal', 'capsicum']","[74, 24, 1]"
6.3,37.3,95.7,77.4,41.7,43.6,sorghum,sorghum,sorghum,96,"['sorghum', 'jute', 'elephant foot yam']","[96, 4, 0]"
6.4,26.3,96.1,131.9,94.8,88.1,cabbage,cabbage,bhendi,87,"['bhendi', 'cabbage', 'capsicum']","[87, 13, 0]"
6.1,23.2,83.9,149.9,41.7,110.2,chillies,chillies,onion,80,"['onion', 'chillies', 'brinjal']","[80, 16, 2]"
5.7,27.1,81.8,66.2,43.4,58.5,vegetable cowpea,vegetable cowpea,vegetable cowpea,66,"['vegetable cowpea', 'elephant foot yam', 'french bean']","[66, 28, 6]"
6.2,21.9,70.7,113.0,68.3,67.5,sugarbeet,sugarbeet,sugarbeet,89,"['sugarbeet', 'maize', 'carrot']","[89, 8, 1]"
6.6,24.0,93.6,49.4,23.9,34.9,sunflower,sunflower,sunflower,49,"['sunflower', 'castor', 'pearl millet']","[49, 37, 11]"
7.0,20.5,90.0,110.1,76.1,118.2,brinjal,brinjal,brinjal,94,"['brinjal', 'capsicum', 'tomato']","[94, 5, 1]"
7.3,33.4,77.1,61.3,44.4,92.5,ribbed gourd,ribbed gourd,ribbed gourd,98,"['ribbed gourd', 'muskmelon', 'bitter gourd']","[98, 1, 0]"
6.2,20.3,19.4,30.8,24.1,26.6,thinai,thinai,thinai,46,"['thinai', 'ragi', 'panivaragu']","[46, 27, 22]"
7.2,22.5,84.5,76.3,49.8,55.5,cluster bean,cluster bean,cluster bean,94,"['cluster bean', 'cotton', 'peas']","[94, 4, 1]"
7.0,26.7,99.3,76.4,54.4,42.3,sorghum,sorghum,sorghum,93,"['sorghum', 'cauliflower', 'beetroot']","[93, 6, 0]"
6.3,23.7,51.3,114.9,54.6,50.1,wheat,wheat,wheat,100,"['wheat', 'maize', 'rice']","[100, 0, 0]"
6.2,18.9,67.4,119.4,86.0,84.3,carrot,carrot,carrot,91,"['carrot', 'maize', 'sugarbeet']","[91, 7, 2]"
7.4,34.5,62.4,57.0,37.5,38.3,horsegram,horsegram,horsegram,98,"['horsegram', 'greengram', 'bengalgram']","[98, 1, 0]"
6.8,22.4,17.8,36.2,39.0,39.6,blackgram,blackgram,blackgram,99,"['blackgram', 'thinai', 'ragi']","[99, 0, 0]"
6.8,25.7,97.0,130.3,90.1,119.8,bhendi,bhendi,bhendi,95,"['bhendi', 'cabbage', 'capsicum']","[95, 4, 1]"
7.7,19.3,74.8,115.4,63.9,63.1,sugarbeet,sugarbeet,sugarbeet,100,"['sugarbeet', 'tomato', 'maize']","[100, 0, 0]"
5.8,23.6,75.6,61.0,55.8,49.4,vegetable cowpea,vegetable cowpea,vegetable cowpea,65,"['vegetable cowpea', 'french bean', 'chowchow']","[65, 27, 4]"
7.6,28.5,89.2,28.9,20.5,38.4,gingely,gingely,gingely,100,"['gingely', 'pearl millet', 'castor']","[100, 0, 0]"
6.3,15.5,62.0,107.6,63.9,82.1,carrot,carrot,carrot,99,"['carrot', 'sugarbeet', 'pumpkin']","[99, 1, 0]"
6.5,27.8,82.1,93.9,42.8,46.9,tinda,tinda,tinda,37,"['tinda', 'elephant foot yam', 'annual moringa']","[37, 36, 11]"
6.4,29.6,70.3,91.6,51.1,72.1,ash gourd,ash gourd,ash gourd,95,"['ash gourd', 'muskmelon', 'ribbed gourd']","[95, 2, 1]"
6.7,34.9,77.7,97.1,44.5,62.1,muskmelon,muskmelon,muskmelon,67,"['muskmelon', 'ribbed gourd', 'rice']","[67, 22, 4]"
7.1,37.5,66.7,97.6,41.4,51.6,rice,rice,rice,65,"['rice', 'cucumber', 'jute']","[65, 31, 3]"
7.4,33.5,82.6,69.5,62.5,69.7,ribbed gourd,ribbed gourd,ribbed gourd,99,"['ribbed gourd', 'bitter gourd', 'muskmelon']","[99, 0, 0]"
6.9,26.9,78.9,40.9,29.7,29.9,redgram,redgram,redgram,90,"['redgram', 'horsegram', 'soyabean']","[90, 7, 1]"
6.8,15.8,65.1,101.0,78.7,90.3,carrot,carrot,carrot,98,"['carrot', 'sugarbeet', 'pumpkin']","[98, 2, 0]"
6.9,30.9,80.7,87.8,45.3,95.4,muskmelon,muskmelon,muskmelon,62,"['muskmelon', 'ribbed gourd', 'bitter gourd']","[62, 34, 3]"
6.7,22.6,82.6,43.8,28.2,34.3,pearl millet,pearl millet,sunflower,40,"['sunflower', 'redgram', 'castor']","[40, 31, 14]"
7.3,25.5,84.3,83.4,56.7,62.7,watermelon,watermelon,watermelon,53,"['watermelon', 'muskmelon', 'ribbed gourd']","[53, 20, 15]"
7.4,23.1,78.5,100.7,76.8,68.6,sugarbeet,sugarbeet,sugarbeet,86,"['sugarbeet', 'tomato', 'watermelon']","[86, 10, 2]"
6.0,19.1,66.5,125.0,67.2,73.7,maize,maize,sugarbeet,49,"['sugarbeet', 'maize', 'carrot']","[49, 43, 8]"
7.4,25.0,82.7,94.7,71.8,61.4,ribbed gourd,ribbed gourd,ribbed gourd,70,"['ribbed gourd', 'watermelon', 'bitter gourd']","[70, 11, 8]"
6.7,19.6,73.3,123.0,64.0,71.8,sugarbeet,sugarbeet,sugarbeet,85,"['sugarbeet', 'maize', 'tomato']","[85, 13, 1]"
6.6,23.7,78.0,67.6,46.2,64.9,bottle gourd,bottle gourd,bottle gourd,91,"['bottle gourd', 'ribbed gourd', 'bitter gourd']","[91, 3, 2]"
7.2,25.8,75.9,180.7,64.6,129.1,sugarcane,sugarcane,sugarcane,99,"['sugarcane', 'tomato', 'chillies']","[99, 1, 0]"
6.1,25.3,19.8,36.5,26.4,27.2,varagu,varagu,varagu,74,"['varagu', 'thinai', 'panivaragu']","[74, 14, 6]"
6.1,26.5,90.6,126.8,70.3,101.2,capsicum,capsicum,capsicum,62,"['capsicum', 'cabbage', 'bhendi']","[62, 21, 9]"
5.8,22.4,15.6,32.1,29.7,24.8,ragi,ragi,thinai,63,"['thinai', 'ragi', 'panivaragu']","[63, 20, 14]"
5.5,20.0,76.6,80.5,45.8,40.4,french bean,french bean,chowchow,59,"['chowchow', 'french bean', 'vegetable cowpea']","[59, 31, 8]"
6.2,12.8,94.6,119.2,72.9,114.3,cabbage,cabbage,cabbage,95,"['cabbage', 'capsicum', 'brinjal']","[95, 5, 0]"
7.5,33.9,80.3,90.0,56.6,46.0,annual moringa,annual moringa,annual moringa,85,"['annual moringa', 'jute', 'rice']","[85, 4, 4]"
7.1,28.6,82.2,62.5,79.9,70.3,ribbed gourd,ribbed gourd,ribbed gourd,87,"['ribbed gourd', 'bitter gourd', 'bottle gourd']","[87, 12, 1]"
5.6,26.6,78.1,82.7,53.5,57.6,vegetable cowpea,vegetable cowpea,vegetable cowpea,57,"['vegetable cowpea', 'french bean', 'rice']","[57, 28, 9]"
6.1,18.6,65.6,90.6,60.1,99.0,carrot,carrot,pumpkin,76,"['pumpkin', 'carrot', 'bottle gourd']","[76, 23, 0]"
6.2,23.6,87.3,82.0,45.6,51.3,sweet potato,sweet potato,sweet potato,98,"['sweet potato', 'snake gourd', 'chowchow']","[98, 1, 0]"
6.3,24.0,19.0,36.7,21.8,22.9,thinai,thinai,thinai,57,"['thinai', 'ragi', 'panivaragu']","[57, 17, 15]"
6.5,19.4,79.7,52.2,32.6,28.4,redgram,redgram,redgram,83,"['redgram', 'soyabean', 'pearl millet']","[83, 14, 2]"
7.5,25.3,76.6,153.2,77.0,147.5,sugarcane,sugarcane,sugarcane,98,"['sugarcane', 'tomato', 'chillies']","[98, 1, 0]"
7.5,22.7,77.4,68.5,53.8,49.9,cluster bean,cluster bean,cluster bean,99,"['cluster bean', 'cotton', 'peas']","[99, 0, 0]"
6.9,25.7,90.0,134.8,49.1,117.5,brinjal,brinjal,brinjal,87,"['brinjal', 'capsicum', 'tomato']","[87, 12, 0]"
6.9,21.7,69.7,145.3,72.8,71.7,sugarbeet,sugarbeet,sugarbeet,73,"['sugarbeet', 'maize', 'sugarcane']","[73, 27, 0]"
5.7,24.0,78.9,92.0,43.4,49.8,rice,rice,vegetable cowpea,67,"['vegetable cowpea', 'french bean', 'rice']","[67, 26, 3]"
6.2,15.6,85.4,69.8,31.5,39.1,soyabean,soyabean,soyabean,95,"['soyabean', 'pearl millet', 'sorghum']","[95, 4, 0]"
6.1,22.7,88.0,108.8,55.1,56.0,sweet potato,sweet potato,sweet potato,100,"['sweet potato', 'peas', 'snake gourd']","[100, 0, 0]"
5.6,19.9,63.0,134.6,65.4,86.6,maize,maize,maize,98,"['maize', 'sugarbeet', 'carrot']","[98, 1, 1]"
7.1,28.4,83.7,109.5,55.2,86.2,muskmelon,muskmelon,muskmelon,67,"['muskmelon', 'tomato', 'watermelon']","[67, 20, 7]"
6.5,25.5,99.0,122.0,65.1,96.2,bhendi,bhendi,bhendi,94,"['bhendi', 'cabbage', 'capsicum']","[94, 5, 1]"
6.6,26.2,78.4,134.8,40.7,107.6,chillies,chillies,chillies,71,"['chillies', 'tomato', 'onion']","[71, 25, 2]"
6.1,25.4,90.0,126.7,75.9,88.5,brinjal,brinjal,brinjal,57,"['brinjal', 'capsicum', 'bhendi']","[57, 23, 10]"
7.3,17.0,97.9,72.7,43.8,59.4,sorghum,sorghum,sorghum,90,"['sorghum', 'beetroot', 'radish']","[90, 5, 4]"
6.9,24.2,66.9,75.3,44.9,67.6,pumpkin,pumpkin,pumpkin,93,"['pumpkin', 'ash gourd', 'small onion']","[93, 6, 1]"
6.6,25.5,88.0,85.7,54.5,43.9,sweet potato,sweet potato,sweet potato,80,"['sweet potato', 'peas', 'jute']","[80, 10, 2]"
6.1,21.7,60.7,68.4,40.4,60.7,pumpkin,pumpkin,pumpkin,92,"['pumpkin', 'small onion', 'ash gourd']","[92, 3, 2]"
7.3,34.7,65.6,98.9,48.9,48.8,cucumber,cucumber,cucumber,75,"['cucumber', 'rice', 'jute']","[75, 23, 1]"
6.5,19.2,65.7,85.9,70.8,98.2,carrot,carrot,pumpkin,57,"['pumpkin', 'carrot', 'bottle gourd']","[57, 43, 0]"
6.3,20.7,75.6,82.9,51.6,49.2,chowchow,chowchow,chowchow,82,"['chowchow', 'small onion', 'rice']","[82, 6, 5]"
5.6,21.3,82.9,91.2,57.9,47.3,vegetable cowpea,vegetable cowpea,chowchow,33,"['chowchow', 'vegetable cowpea', 'french bean']","[33, 29, 24]"
6.5,23.7,82.7,83.6,54.2,56.9,peas,peas,sweet potato,31,"['sweet potato', 'peas', 'chowchow']","[31, 25, 11]"
6.6,38.4,90.0,76.9,48.5,43.9,sorghum,sorghum,sorghum,51,"['sorghum', 'jute', 'elephant foot yam']","[51, 46, 2]"
6.8,29.0,91.4,53.1,20.6,31.2,pearl millet,pearl millet,pearl millet,68,"['pearl millet', 'soyabean', 'gingely']","[68, 27, 2]"
6.2,24.8,99.4,114.2,68.4,84.9,bhendi,bhendi,bhendi,92,"['bhendi', 'cabbage', 'capsicum']","[92, 8, 0]"
6.2,24.7,93.3,112.1,43.0,90.7,capsicum,capsicum,capsicum,93,"['capsicum', 'brinjal', 'bhendi']","[93, 3, 2]"
6.1,23.1,88.3,96.3,73.0,88.7,snake gourd,snake gourd,snake gourd,77,"['snake gourd', 'bhendi', 'cabbage']","[77, 10, 7]"
7.5,29.1,67.5,78.1,45.5,41.0,cucumber,cucumber,cucumber,89,"['cucumber', 'rice', 'jute']","[89, 4, 3]"
6.4,26.6,75.3,127.4,82.1,88.1,maize,maize,maize,51,"['maize', 'chillies', 'tomato']","[51, 41, 5]"
7.2,33.8,78.7,98.7,59.1,50.0,rice,rice,annual moringa,80,"['annual moringa', 'rice', 'jute']","[80, 11, 2]"
6.7,27.5,80.8,113.8,61.1,81.4,tomato,tomato,chillies,45,"['chillies', 'tomato', 'muskmelon']","[45, 31, 12]"
7.4,35.7,59.3,46.4,31.2,29.5,horsegram,horsegram,horsegram,99,"['horsegram', 'greengram', 'blackgram']","[99, 1, 0]"
6.4,15.2,97.5,90.9,41.0,45.7,radish,radish,radish,88,"['radish', 'cauliflower', 'beetroot']","[88, 10, 1]"
7.8,23.9,85.5,78.0,35.3,31.0,sunflower,sunflower,sunflower,59,"['sunflower', 'castor', 'jute']","[59, 40, 0]"
6.1,28.9,80.6,60.8,49.2,40.7,elephant foot yam,elephant foot yam,elephant foot yam,69,"['elephant foot yam', 'vegetable cowpea', 'jute']","[69, 14, 11]"
6.1,25.1,98.9,119.5,79.4,91.6,cabbage,cabbage,bhendi,92,"['bhendi', 'cabbage', 'capsicum']","[92, 7, 0]"
6.6,31.3,81.5,72.2,55.6,65.9,ribbed gourd,ribbed gourd,ribbed gourd,89,"['ribbed gourd', 'bitter gourd', 'elephant foot yam']","[89, 7, 2]"
6.3,26.8,17.8,30.1,21.2,20.2,varagu,varagu,varagu,76,"['varagu', 'thinai', 'panivaragu']","[76, 13, 6]"
6.4,15.5,67.0,100.3,86.2,66.6,carrot,carrot,carrot,99,"['carrot', 'sugarbeet', 'pumpkin']","[99, 1, 0]"
6.6,18.6,88.2,76.1,47.6,75.1,snake gourd,snake gourd,snake gourd,97,"['snake gourd', 'bottle gourd', 'sorghum']","[97, 2, 0]"
7.0,23.1,59.9,107.6,52.8,43.5,wheat,wheat,wheat,100,"['wheat', 'rice', 'peas']","[100, 0, 0]"
6.5,28.0,88.9,60.0,25.2,36.5,soyabean,soyabean,soyabean,80,"['soyabean', 'pearl millet', 'castor']","[80, 15, 2]"
7.4,28.9,60.4,65.7,45.0,46.9,cucumber,cucumber,cucumber,95,"['cucumber', 'tapoica', 'groundnut']","[95, 3, 1]"
7.1,28.1,77.9,71.9,43.2,47.1,tinda,tinda,tinda,84,"['tinda', 'jute', 'annual moringa']","[84, 9, 3]"
5.8,28.0,80.4,98.1,43.4,57.7,vegetable cowpea,vegetable cowpea,vegetable cowpea,69,"['vegetable cowpea', 'elephant foot yam', 'french bean']","[69, 26, 3]"
6.3,19.1,63.7,101.3,95.2,76.6,carrot,carrot,carrot,99,"['carrot', 'maize', 'sugarbeet']","[99, 1, 0]"
6.2,19.7,84.9,76.0,46.6,42.9,chowchow,chowchow,chowchow,92,"['chowchow', 'french bean', 'sweet potato']","[92, 3, 2]"
7.0,26.1,64.5,142.4,80.2,76.7,maize,maize,maize,97,"['maize', 'sugarbeet', 'sugarcane']","[97, 2, 0]"
7.4,22.6,75.7,94.6,56.0,54.7,cotton,cotton,cluster bean,53,"['cluster bean', 'cotton', 'peas']","[53, 30, 10]"
6.4,29.8,80.4,120.6,68.0,93.9,chillies,chillies,chillies,95,"['chillies', 'tomato', 'brinjal']","[95, 4, 0]"
6.9,17.4,69.8,84.9,75.3,62.6,carrot,carrot,carrot,88,"['carrot', 'sugarbeet', 'pumpkin']","[88, 8, 3]"
7.1,35.3,71.9,86.9,54.1,59.4,rice,rice,rice,68,"['rice', 'cucumber', 'jute']","[68, 25, 3]"
7.4,21.5,76.8,110.1,49.9,57.9,cotton,cotton,cotton,62,"['cotton', 'peas', 'cluster bean']","[62, 33, 3]"
6.6,25.0,83.2,167.3,65.7,64.7,maize,maize,maize,98,"['maize', 'tomato', 'chillies']","[98, 1, 1]"
6.6,32.9,78.3,73.1,67.8,91.3,ribbed gourd,ribbed gourd,ribbed gourd,96,"['ribbed gourd', 'bitter gourd', 'ash gourd']","[96, 3, 1]"
6.5,24.6,83.5,66.7,59.7,91.0,bottle gourd,bottle gourd,bottle gourd,76,"['bottle gourd', 'bitter gourd', 'snake gourd']","[76, 12, 10]"
7.5,39.6,59.9,57.9,35.2,29.1,horsegram,horsegram,horsegram,100,"['horsegram', 'greengram', 'blackgram']","[100, 0, 0]"
6.6,28.6,57.8,83.5,43.5,55.5,tapoica,tapoica,tapoica,96,"['tapoica', 'cucumber', 'rice']","[96, 3, 1]"
6.7,28.9,78.1,84.8,43.9,40.9,annual moringa,annual moringa,tinda,57,"['tinda', 'annual moringa', 'jute']","[57, 15, 14]"
6.2,20.0,15.9,47.1,25.6,26.8,kudiraivali,kudiraivali,kudiraivali,98,"['kudiraivali', 'ragi', 'thinai']","[98, 1, 1]"
6.4,28.0,92.2,144.5,53.3,90.0,capsicum,capsicum,capsicum,92,"['capsicum', 'brinjal', 'cabbage']","[92, 7, 0]"
8.0,24.6,94.6,61.1,30.0,22.4,sunflower,sunflower,castor,61,"['castor', 'sunflower', 'pearl millet']","[61, 38, 0]"
6.9,24.2,62.0,97.5,49.9,91.9,pumpkin,pumpkin,pumpkin,93,"['pumpkin', 'ash gourd', 'watermelon']","[93, 6, 0]"
6.0,28.1,20.0,34.5,25.8,23.8,thinai,thinai,cowpea,43,"['cowpea', 'varagu', 'thinai']","[43, 24, 18]"
6.6,24.1,74.3,91.6,47.1,34.2,jute,jute,jute,70,"['jute', 'small onion', 'peas']","[70, 11, 5]"
8.4,22.5,78.5,79.0,53.5,59.0,cluster bean,cluster bean,cluster bean,99,"['cluster bean', 'cotton', 'rice']","[99, 1, 0]"
6.4,23.9,55.3,89.5,48.7,52.7,wheat,wheat,wheat,95,"['wheat', 'tapoica', 'rice']","[95, 3, 1]"
6.6,16.9,87.4,71.4,24.0,27.5,soyabean,soyabean,soyabean,97,"['soyabean', 'pearl millet', 'sunflower']","[97, 3, 0]"
5.8,19.4,83.0,92.9,43.9,42.1,chowchow,chowchow,chowchow,62,"['chowchow', 'french bean', 'vegetable cowpea']","[62, 30, 5]"
6.5,13.6,94.9,117.4,63.6,112.2,cabbage,cabbage,cabbage,92,"['cabbage', 'capsicum', 'brinjal']","[92, 7, 0]"
6.8,20.1,90.0,133.5,49.5,116.2,brinjal,brinjal,brinjal,79,"['brinjal', 'capsicum', 'tomato']","[79, 21, 0]"
6.1,22.7,51.5,57.4,23.3,21.4,cowpea,cowpea,cowpea,94,"['cowpea', 'bengalgram', 'thinai']","[94, 4, 0]"
6.3,20.1,82.0,79.7,51.6,59.1,chowchow,chowchow,chowchow,88,"['chowchow', 'bottle gourd', 'snake gourd']","[88, 6, 2]"
6.0,27.3,70.1,78.2,43.0,73.4,ash gourd,ash gourd,ash gourd,97,"['ash gourd', 'pumpkin', 'ribbed gourd']","[97, 2, 0]"
6.4,22.1,76.9,98.9,42.2,82.0,bottle gourd,bottle gourd,bottle gourd,52,"['bottle gourd', 'watermelon', 'onion']","[52, 31, 11]"
5.7,22.8,60.0,55.1,28.7,23.9,bengalgram,bengalgram,bengalgram,98,"['bengalgram', 'cowpea', 'soyabean']","[98, 2, 0]"
8.2,24.2,83.0,62.3,59.1,43.0,cluster bean,cluster bean,cluster bean,100,"['cluster bean', 'cotton', 'tinda']","[100, 0, 0]"
5.9,25.2,82.5,74.2,57.2,53.0,elephant foot yam,elephant foot yam,vegetable cowpea,55,"['vegetable cowpea', 'elephant foot yam', 'french bean']","[55, 25, 19]"
7.5,38.3,65.0,85.4,43.0,51.1,rice,rice,rice,65,"['rice', 'cucumber', 'groundnut']","[65, 30, 4]"
7.4,23.0,93.8,56.5,30.7,35.0,sunflower,sunflower,sunflower,71,"['sunflower', 'castor', 'pearl millet']","[71, 24, 5]"
7.7,25.8,17.0,31.9,36.5,20.2,blackgram,blackgram,blackgram,77,"['blackgram', 'ragi', 'samai']","[77, 20, 2]"
7.1,20.5,85.4,52.4,33.3,30.4,sunflower,sunflower,sunflower,81,"['sunflower', 'pearl millet', 'soyabean']","[81, 14, 2]"
6.7,21.1,75.1,81.7,56.9,89.7,bottle gourd,bottle gourd,bottle gourd,80,"['bottle gourd', 'pumpkin', 'watermelon']","[80, 11, 4]"
6.9,20.9,87.8,67.8,21.9,39.2,sunflower,sunflower,sunflower,68,"['sunflower', 'soyabean', 'castor']","[68, 28, 3]"
7.5,24.3,82.8,94.4,56.2,58.3,cluster bean,cluster bean,cluster bean,61,"['cluster bean', 'cotton', 'peas']","[61, 30, 5]"
5.6,13.1,76.6,83.7,48.7,43.6,french bean,french bean,french bean,99,"['french bean', 'chowchow', 'vegetable cowpea']","[99, 1, 0]"
7.1,22.3,85.6,59.1,25.4,32.5,sunflower,sunflower,sunflower,74,"['sunflower', 'castor', 'pearl millet']","[74, 19, 5]"
6.8,15.1,62.1,110.4,72.8,93.3,carrot,carrot,carrot,99,"['carrot', 'sugarbeet', 'pumpkin']","[99, 0, 0]"
7.2,33.3,57.7,46.9,33.9,25.5,horsegram,horsegram,horsegram,99,"['horsegram', 'greengram', 'bengalgram']","[99, 1, 0]"
6.5,19.6,76.4,75.6,53.5,63.4,bottle gourd,bottle gourd,bottle gourd,98,"['bottle gourd', 'chowchow', 'pumpkin']","[98, 1, 0]"
6.9,26.3,19.1,31.3,29.2,22.7,panivaragu,panivaragu,thinai,44,"['thinai', 'blackgram', 'ragi']","[44, 22, 16]"
7.5,32.1,76.3,108.7,52.9,91.3,muskmelon,muskmelon,muskmelon,96,"['muskmelon', 'ribbed gourd', 'tomato']","[96, 2, 2]"
5.7,25.2,19.2,37.6,28.7,26.7,thinai,thinai,varagu,72,"['varagu', 'thinai', 'ragi']","[72, 15, 8]"
8.8,33.1,15.0,39.2,27.5,22.1,samai,samai,samai,100,"['samai', 'blackgram', 'panivaragu']","[100, 0, 0]"
7.0,28.4,69.4,22.9,35.2,31.6,greengram,greengram,greengram,100,"['greengram', 'gingely', 'horsegram']","[100, 0, 0]"
6.2,25.0,98.3,138.7,99.2,100.3,bhendi,bhendi,bhendi,90,"['bhendi', 'cabbage', 'capsicum']","[90, 10, 0]"
6.6,28.1,90.0,144.6,44.7,93.5,brinjal,brinjal,brinjal,76,"['brinjal', 'capsicum', 'chillies']","[76, 23, 0]"
6.6,20.8,79.2,99.6,49.1,85.4,bottle gourd,bottle gourd,bottle gourd,57,"['bottle gourd', 'tomato', 'watermelon']","[57, 26, 7]"
6.0,17.5,73.8,88.3,50.9,42.7,small onion,small onion,small onion,77,"['small onion', 'chowchow', 'french bean']","[77, 10, 9]"
6.4,23.9,83.9,98.7,43.2,93.4,bottle gourd,bottle gourd,watermelon,44,"['watermelon', 'bottle gourd', 'onion']","[44, 32, 7]"
6.8,23.4,77.3,59.2,22.0,21.6,redgram,redgram,redgram,81,"['redgram', 'soyabean', 'sunflower']","[81, 13, 4]"
6.9,27.1,61.1,28.8,27.4,32.5,greengram,greengram,greengram,100,"['greengram', 'bengalgram', 'thinai']","[100, 0, 0]"
6.5,25.5,55.0,69.3,49.5,51.7,tapoica,tapoica,tapoica,99,"['tapoica', 'cucumber', 'ash gourd']","[99, 1, 0]"
5.9,20.0,82.8,90.6,42.3,53.0,vegetable cowpea,vegetable cowpea,chowchow,60,"['chowchow', 'french bean', 'vegetable cowpea']","[60, 22, 13]"
6.0,13.6,78.3,67.8,50.1,48.4,french bean,french bean,french bean,97,"['french bean', 'chowchow', 'small onion']","[97, 2, 0]"
6.0,19.4,61.8,82.2,65.6,63.2,pumpkin,pumpkin,carrot,49,"['carrot', 'pumpkin', 'sugarbeet']","[49, 49, 0]"
6.1,18.5,82.7,75.1,45.2,43.7,chowchow,chowchow,chowchow,93,"['chowchow', 'french bean', 'vegetable cowpea']","[93, 6, 0]"
6.4,20.1,70.3,77.3,58.8,58.7,small onion,small onion,small onion,90,"['small onion', 'pumpkin', 'chowchow']","[90, 4, 3]"
6.7,23.4,73.3,185.8,71.3,123.0,sugarcane,sugarcane,sugarcane,99,"['sugarcane', 'maize', 'chillies']","[99, 0, 0]"
7.1,26.3,84.2,102.7,56.6,62.3,muskmelon,muskmelon,watermelon,54,"['watermelon', 'muskmelon', 'cotton']","[54, 35, 2]"
6.4,15.5,96.6,136.2,82.2,91.0,cabbage,cabbage,cabbage,99,"['cabbage', 'capsicum', 'bhendi']","[99, 1, 0]"
6.1,33.6,50.1,40.6,27.4,28.0,horsegram,horsegram,horsegram,87,"['horsegram', 'cowpea', 'panivaragu']","[87, 8, 4]"
5.9,25.0,78.8,97.6,42.2,53.4,vegetable cowpea,vegetable cowpea,vegetable cowpea,66,"['vegetable cowpea', 'french bean', 'rice']","[66, 21, 6]"
6.7,24.4,89.8,49.2,23.4,31.7,pearl millet,pearl millet,sunflower,37,"['sunflower', 'castor', 'pearl millet']","[37, 37, 18]"
7.2,20.9,94.2,75.4,21.8,30.1,sunflower,sunflower,sunflower,94,"['sunflower', 'castor', 'soyabean']","[94, 4, 2]"
6.4,25.6,60.0,42.1,22.3,32.7,bengalgram,bengalgram,bengalgram,92,"['bengalgram', 'horsegram', 'cowpea']","[92, 4, 3]"
6.1,43.2,84.4,52.9,30.2,26.5,pearl millet,pearl millet,pearl millet,96,"['pearl millet', 'horsegram', 'soyabean']","[96, 2, 2]"
6.7,27.1,80.6,68.7,44.1,58.3,tinda,tinda,tinda,64,"['tinda', 'elephant foot yam', 'bitter gourd']","[64, 28, 2]"
6.5,25.0,15.3,37.8,21.1,20.7,thinai,thinai,varagu,46,"['varagu', 'thinai', 'panivaragu']","[46, 28, 18]"
6.9,25.6,90.0,131.0,42.9,118.2,brinjal,brinjal,brinjal,84,"['brinjal', 'capsicum', 'tomato']","[84, 15, 0]"
6.3,26.7,57.2,69.5,52.3,45.6,tapoica,tapoica,tapoica,99,"['tapoica', 'cucumber', 'ash gourd']","[99, 0, 0]"
6.7,25.1,78.5,126.8,55.3,108.5,chillies,chillies,chillies,65,"['chillies', 'tomato', 'onion']","[65, 31, 2]"
6.2,38.8,17.3,32.6,24.9,29.4,panivaragu,panivaragu,panivaragu,95,"['panivaragu', 'blackgram', 'thinai']","[95, 4, 0]"
6.2,27.6,87.1,63.3,39.7,32.6,soyabean,soyabean,jute,49,"['jute', 'soyabean', 'pearl millet']","[49, 42, 4]"
6.3,24.2,86.9,103.1,58.8,42.3,sweet potato,sweet potato,sweet potato,100,"['sweet potato', 'peas', 'cauliflower']","[100, 0, 0]"
7.8,28.2,81.8,113.6,42.6,47.3,cotton,cotton,annual moringa,62,"['annual moringa', 'cotton', 'peas']","[62, 36, 2]"
7.1,34.2,78.5,76.7,68.0,68.3,ribbed gourd,ribbed gourd,ribbed gourd,99,"['ribbed gourd', 'bitter gourd', 'muskmelon']","[99, 0, 0]"
6.2,21.4,75.3,73.0,55.1,44.6,chowchow,chowchow,chowchow,70,"['chowchow', 'small onion', 'vegetable cowpea']","[70, 22, 3]"
7.7,23.0,15.9,39.1,29.3,21.2,ragi,ragi,ragi,94,"['ragi', 'blackgram', 'thinai']","[94, 4, 1]"
6.1,23.4,86.6,98.3,41.8,55.7,sweet potato,sweet potato,sweet potato,98,"['sweet potato', 'snake gourd', 'vegetable cowpea']","[98, 1, 0]"
6.9,28.4,51.1,97.7,48.2,47.8,tapoica,tapoica,tapoica,98,"['tapoica', 'cucumber', 'rice']","[98, 1, 0]"
5.6,10.1,97.2,96.1,57.5,45.0,radish,radish,radish,99,"['radish', 'cauliflower', 'french bean']","[99, 1, 0]"
6.4,36.4,94.1,73.9,46.0,42.3,sorghum,sorghum,sorghum,97,"['sorghum', 'jute', 'elephant foot yam']","[97, 3, 0]"
6.9,17.1,17.5,37.8,23.1,26.6,panivaragu,panivaragu,ragi,72,"['ragi', 'panivaragu', 'thinai']","[72, 27, 1]"
5.7,28.7,50.2,56.5,38.5,25.1,cowpea,cowpea,cowpea,94,"['cowpea', 'bengalgram', 'horsegram']","[94, 3, 2]"
7.0,19.4,63.7,116.0,96.7,80.1,carrot,carrot,carrot,95,"['carrot', 'maize', 'sugarbeet']","[95, 4, 1]"
7.6,30.0,78.2,112.1,56.5,48.5,cotton,cotton,annual moringa,82,"['annual moringa', 'cotton', 'peas']","[82, 16, 2]"
6.6,12.7,85.0,56.0,31.3,32.9,pearl millet,pearl millet,pearl millet,80,"['pearl millet', 'soyabean', 'sunflower']","[80, 19, 0]"
6.7,20.0,19.6,54.6,22.4,36.5,kudiraivali,kudiraivali,kudiraivali,99,"['kudiraivali', 'cowpea', 'thinai']","[99, 0, 0]"
6.3,24.5,67.8,92.9,52.2,69.7,pumpkin,pumpkin,ash gourd,51,"['ash gourd', 'pumpkin', 'small onion']","[51, 46, 1]"
5.6,12.6,15.3,39.5,27.4,20.9,ragi,ragi,ragi,59,"['ragi', 'panivaragu', 'thinai']","[59, 40, 0]"
7.0,28.2,91.2,67.0,61.2,71.8,bitter gourd,bitter gourd,bitter gourd,98,"['bitter gourd', 'snake gourd', 'ribbed gourd']","[98, 1, 1]"
7.3,24.3,90.0,109.8,77.3,80.3,brinjal,brinjal,brinjal,94,"['brinjal', 'capsicum', 'tomato']","[94, 4, 1]"
7.4,29.0,78.8,92.4,54.1,52.2,annual moringa,annual moringa,tinda,46,"['tinda', 'annual moringa', 'cotton']","[46, 26, 17]"
6.8,27.8,86.2,86.0,62.9,98.3,bitter gourd,bitter gourd,bitter gourd,90,"['bitter gourd', 'ribbed gourd', 'snake gourd']","[90, 6, 1]"
6.6,27.9,80.3,69.7,43.2,53.6,elephant foot yam,elephant foot yam,tinda,67,"['tinda', 'elephant foot yam', 'jute']","[67, 27, 3]"
6.1,26.0,87.4,99.8,44.4,62.2,snake gourd,snake gourd,snake gourd,58,"['snake gourd', 'sweet potato', 'watermelon']","[58, 30, 5]"
6.7,28.7,85.1,63.2,75.2,78.0,bitter gourd,bitter gourd,bitter gourd,89,"['bitter gourd', 'ribbed gourd', 'bottle gourd']","[89, 8, 1]"
6.7,25.7,80.8,80.1,45.2,50.3,tinda,tinda,tinda,61,"['tinda', 'elephant foot yam', 'annual moringa']","[61, 22, 5]"
7.1,26.6,82.5,97.1,57.9,99.7,muskmelon,muskmelon,watermelon,44,"['watermelon', 'muskmelon', 'ribbed gourd']","[44, 31, 16]"
6.8,31.6,61.7,69.9,49.7,40.4,cucumber,cucumber,cucumber,84,"['cucumber', 'groundnut', 'tapoica']","[84, 14, 1]"
6.7,29.6,79.1,133.4,48.3,109.6,chillies,chillies,chillies,73,"['chillies', 'tomato', 'muskmelon']","[73, 26, 1]"
6.7,22.2,61.4,61.5,71.5,72.0,pumpkin,pumpkin,pumpkin,97,"['pumpkin', 'ash gourd', 'bottle gourd']","[97, 3, 0]"
6.2,21.6,77.3,94.7,55.1,43.3,chowchow,chowchow,chowchow,76,"['chowchow', 'rice', 'vegetable cowpea']","[76, 7, 6]"
6.9,25.8,61.6,20.8,35.2,21.5,greengram,greengram,greengram,100,"['greengram', 'thinai', 'bengalgram']","[100, 0, 0]"
7.2,21.1,80.7,76.7,48.6,55.0,cluster bean,cluster bean,cluster bean,95,"['cluster bean', 'cotton', 'peas']","[95, 3, 1]"
6.3,26.8,90.0,121.9,71.8,118.9,brinjal,brinjal,brinjal,70,"['brinjal', 'capsicum', 'cabbage']","[70, 24, 3]"
7.7,22.0,80.5,52.8,32.3,26.3,sunflower,sunflower,sunflower,79,"['sunflower', 'castor', 'redgram']","[79, 17, 2]"
6.2,25.7,69.9,78.8,71.3,83.3,pumpkin,pumpkin,ash gourd,64,"['ash gourd', 'pumpkin', 'ribbed gourd']","[64, 32, 2]"
6.6,26.5,78.7,80.5,56.9,75.6,bottle gourd,bottle gourd,bitter gourd,28,"['bitter gourd', 'watermelon', 'ribbed gourd']","[28, 28, 20]"
5.8,26.2,53.8,85.9,48.4,41.8,tapoica,tapoica,tapoica,99,"['tapoica', 'rice', 'cowpea']","[99, 1, 0]"
5.9,25.6,19.7,32.9,26.2,24.3,varagu,varagu,varagu,77,"['varagu', 'thinai', 'ragi']","[77, 12, 5]"
6.0,26.1,18.3,31.3,28.7,24.0,varagu,varagu,varagu,74,"['varagu', 'thinai', 'ragi']","[74, 14, 6]"
7.3,37.1,74.9,56.2,23.2,38.9,horsegram,horsegram,horsegram,98,"['horsegram', 'jute', 'pearl millet']","[98, 1, 0]"
6.9,37.7,90.3,72.4,51.2,54.7,sorghum,sorghum,sorghum,96,"['sorghum', 'elephant foot yam', 'jute']","[96, 2, 2]"
6.9,29.1,76.2,41.8,21.2,24.9,redgram,redgram,redgram,63,"['redgram', 'horsegram', 'soyabean']","[63, 33, 3]"
6.1,21.1,86.1,98.2,45.7,45.9,sweet potato,sweet potato,sweet potato,95,"['sweet potato', 'chowchow', 'snake gourd']","[95, 3, 1]"
5.2,18.7,15.3,37.9,30.0,25.7,ragi,ragi,ragi,68,"['ragi', 'kudiraivali', 'panivaragu']","[68, 24, 5]"
7.2,21.3,86.3,59.3,29.9,23.7,sunflower,sunflower,sunflower,87,"['sunflower', 'pearl millet', 'castor']","[87, 6, 5]"
6.9,19.4,67.2,78.0,73.0,71.0,pumpkin,pumpkin,pumpkin,92,"['pumpkin', 'carrot', 'sugarbeet']","[92, 7, 0]"
6.7,24.4,93.3,54.0,24.9,29.2,sunflower,sunflower,sunflower,43,"['sunflower', 'castor', 'pearl millet']","[43, 38, 12]"
5.9,27.4,63.3,84.8,56.4,53.5,rice,rice,rice,73,"['rice', 'tapoica', 'cucumber']","[73, 23, 2]"
6.0,23.7,17.2,39.4,23.1,21.4,panivaragu,panivaragu,thinai,53,"['thinai', 'ragi', 'panivaragu']","[53, 19, 18]"
6.8,22.6,60.0,43.3,39.2,25.4,bengalgram,bengalgram,bengalgram,99,"['bengalgram', 'cowpea', 'horsegram']","[99, 0, 0]"
5.6,28.6,52.7,54.8,40.0,31.2,cowpea,cowpea,cowpea,91,"['cowpea', 'bengalgram', 'tapoica']","[91, 6, 2]"
5.6,26.5,18.5,35.2,28.3,27.4,varagu,varagu,varagu,78,"['varagu', 'thinai', 'ragi']","[78, 10, 8]"
6.6,18.1,77.4,42.9,22.9,28.2,redgram,redgram,redgram,92,"['redgram', 'soyabean', 'pearl millet']","[92, 5, 3]"
6.1,22.7,66.0,86.6,56.0,64.5,pumpkin,pumpkin,pumpkin,89,"['pumpkin', 'ash gourd', 'small onion']","[89, 8, 1]"
6.6,32.4,67.5,92.7,51.3,51.9,rice,rice,cucumber,77,"['cucumber', 'rice', 'groundnut']","[77, 21, 1]"
7.0,21.6,76.6,174.1,69.1,146.4,sugarcane,sugarcane,sugarcane,98,"['sugarcane', 'tomato', 'maize']","[98, 2, 0]"
6.7,16.2,69.9,117.0,68.0,60.3,sugarbeet,sugarbeet,sugarbeet,66,"['sugarbeet', 'carrot', 'peas']","[66, 32, 1]"
6.8,24.0,18.9,36.6,25.4,27.5,thinai,thinai,thinai,58,"['thinai', 'ragi', 'panivaragu']","[58, 22, 16]"
6.2,17.2,83.7,52.3,34.7,33.2,soyabean,soyabean,soyabean,53,"['soyabean', 'pearl millet', 'redgram']","[53, 47, 0]"
7.4,18.3,80.5,104.7,50.6,108.9,tomato,tomato,tomato,100,"['tomato', 'brinjal', 'sugarbeet']","[100, 0, 0]"
6.7,23.7,79.3,107.4,42.0,110.2,chillies,chillies,tomato,49,"['tomato', 'chillies', 'onion']","[49, 39, 8]"
6.2,19.4,84.6,74.4,52.6,51.6,chowchow,chowchow,chowchow,94,"['chowchow', 'french bean', 'vegetable cowpea']","[94, 3, 1]"
6.6,15.4,92.2,119.6,61.0,108.9,capsicum,capsicum,capsicum,72,"['capsicum', 'cabbage', 'brinjal']","[72, 27, 0]"
6.3,17.1,67.9,129.1,65.4,70.3,sugarbeet,sugarbeet,sugarbeet,82,"['sugarbeet', 'carrot', 'maize']","[82, 14, 3]"
6.2,21.0,82.5,126.9,57.4,84.1,onion,onion,onion,88,"['onion', 'brinjal', 'chillies']","[88, 6, 2]"
6.9,29.8,93.5,116.8,46.7,88.6,capsicum,capsicum,capsicum,81,"['capsicum', 'brinjal', 'bitter gourd']","[81, 17, 1]"
6.2,28.3,54.2,34.9,26.1,33.8,cowpea,cowpea,cowpea,96,"['cowpea', 'thinai', 'panivaragu']","[96, 1, 1]"
5.2,28.3,74.1,90.4,50.6,41.6,rice,rice,rice,89,"['rice', 'vegetable cowpea', 'elephant foot yam']","[89, 9, 1]"
6.9,31.8,77.3,95.5,41.8,62.8,muskmelon,muskmelon,muskmelon,73,"['muskmelon', 'ribbed gourd', 'annual moringa']","[73, 23, 1]"
5.7,27.4,58.8,69.1,49.3,43.8,tapoica,tapoica,tapoica,100,"['tapoica', 'rice', 'cucumber']","[100, 0, 0]"
6.2,32.3,81.9,72.8,45.4,59.5,elephant foot yam,elephant foot yam,elephant foot yam,96,"['elephant foot yam', 'jute', 'ribbed gourd']","[96, 2, 1]"
5.9,20.6,79.0,81.9,43.7,56.1,vegetable cowpea,vegetable cowpea,chowchow,57,"['chowchow', 'vegetable cowpea', 'french bean']","[57, 24, 16]"
6.2,28.1,57.5,77.1,40.2,58.9,tapoica,tapoica,tapoica,98,"['tapoica', 'ash gourd', 'cucumber']","[98, 1, 0]"
7.5,19.9,85.3,85.7,55.7,50.3,peas,peas,peas,74,"['peas', 'cotton', 'cluster bean']","[74, 19, 6]"
7.0,26.3,80.6,90.3,55.9,72.3,watermelon,watermelon,watermelon,48,"['watermelon', 'muskmelon', 'ribbed gourd']","[48, 21, 16]"
6.6,25.4,65.0,50.2,56.4,41.6,groundnut,groundnut,groundnut,98,"['groundnut', 'cucumber', 'tapoica']","[98, 2, 0]"
6.9,26.5,55.5,99.3,53.3,47.3,tapoica,tapoica,tapoica,94,"['tapoica', 'wheat', 'cucumber']","[94, 3, 2]"
6.2,21.7,53.8,56.8,28.0,25.2,cowpea,cowpea,cowpea,94,"['cowpea', 'bengalgram', 'kudiraivali']","[94, 5, 1]"
6.3,30.6,64.7,71.8,54.2,89.1,ash gourd,ash gourd,ash gourd,99,"['ash gourd', 'pumpkin', 'cucumber']","[99, 1, 0]"
6.4,26.6,96.7,125.1,87.4,97.4,bhendi,bhendi,bhendi,88,"['bhendi', 'cabbage', 'capsicum']","[88, 12, 0]"
7.7,20.3,77.9,135.2,79.8,69.5,sugarbeet,sugarbeet,sugarbeet,97,"['sugarbeet', 'tomato', 'maize']","[97, 1, 1]"
6.4,19.3,61.5,107.8,64.5,80.8,carrot,carrot,carrot,91,"['carrot', 'sugarbeet', 'pumpkin']","[91, 3, 3]"
7.0,20.1,78.2,102.3,47.7,42.7,peas,peas,peas,89,"['peas', 'cotton', 'cluster bean']","[89, 8, 1]"
5.8,19.6,75.6,75.1,52.5,59.7,chowchow,chowchow,chowchow,54,"['chowchow', 'french bean', 'bottle gourd']","[54, 23, 18]"
7.1,27.8,62.0,21.5,21.4,24.3,greengram,greengram,greengram,100,"['greengram', 'horsegram', 'thinai']","[100, 0, 0]"
7.3,21.2,17.0,33.1,28.9,20.6,ragi,ragi,ragi,61,"['ragi', 'blackgram', 'thinai']","[61, 30, 6]"
7.5,27.2,78.3,74.5,44.0,41.1,tinda,tinda,tinda,72,"['tinda', 'jute', 'annual moringa']","[72, 13, 6]"
6.9,27.0,79.5,68.6,53.0,97.4,ribbed gourd,ribbed gourd,ribbed gourd,57,"['ribbed gourd', 'bitter gourd', 'bottle gourd']","[57, 39, 2]"
7.1,26.8,72.6,94.6,42.7,51.8,cotton,cotton,cotton,34,"['cotton', 'rice', 'peas']","[34, 17, 13]"
8.5,28.6,17.0,34.3,21.2,22.4,samai,samai,samai,99,"['samai', 'blackgram', 'ragi']","[99, 0, 0]"
7.2,28.2,84.6,96.3,48.0,47.4,tinda,tinda,tinda,47,"['tinda', 'annual moringa', 'cotton']","[47, 20, 19]"
5.7,29.6,85.3,58.9,24.9,24.2,pearl millet,pearl millet,pearl millet,86,"['pearl millet', 'soyabean', 'castor']","[86, 11, 2]"
6.9,20.8,65.0,53.6,54.0,51.6,groundnut,groundnut,groundnut,99,"['groundnut', 'small onion', 'pumpkin']","[99, 1, 0]"
7.5,31.1,60.4,22.4,37.6,31.6,greengram,greengram,greengram,100,"['greengram', 'horsegram', 'blackgram']","[100, 0, 0]"
6.9,34.7,60.9,89.6,45.4,53.6,cucumber,cucumber,cucumber,79,"['cucumber', 'rice', 'groundnut']","[79, 19, 1]"
6.2,20.1,83.7,114.7,46.1,109.5,onion,onion,onion,76,"['onion', 'brinjal', 'capsicum']","[76, 17, 5]"
6.1,19.9,95.5,128.5,65.1,93.9,cabbage,cabbage,cabbage,84,"['cabbage', 'capsicum', 'brinjal']","[84, 15, 1]"
5.8,23.8,80.7,120.7,72.3,116.8,onion,onion,onion,90,"['onion', 'chillies', 'maize']","[90, 9, 1]"
5.5,29.1,73.0,84.6,45.5,55.8,rice,rice,rice,93,"['rice', 'vegetable cowpea', 'elephant foot yam']","[93, 5, 2]"
6.3,19.0,61.1,71.9,41.8,97.7,pumpkin,pumpkin,pumpkin,99,"['pumpkin', 'ash gourd', 'carrot']","[99, 1, 0]"
5.8,19.2,15.4,38.8,27.0,28.9,panivaragu,panivaragu,ragi,34,"['ragi', 'kudiraivali', 'panivaragu']","[34, 31, 25]"
6.5,18.1,61.7,94.8,44.3,64.8,pumpkin,pumpkin,pumpkin,84,"['pumpkin', 'carrot', 'sugarbeet']","[84, 14, 1]"
5.8,28.7,77.8,98.4,55.8,53.7,vegetable cowpea,vegetable cowpea,vegetable cowpea,78,"['vegetable cowpea', 'rice', 'elephant foot yam']","[78, 11, 9]"
5.7,27.2,56.5,68.5,43.3,56.3,tapoica,tapoica,tapoica,100,"['tapoica', 'ash gourd', 'vegetable cowpea']","[100, 0, 0]"
5.5,33.6,90.8,32.1,27.5,25.5,gingely,gingely,gingely,99,"['gingely', 'pearl millet', 'castor']","[99, 1, 0]"
5.9,23.8,52.7,37.6,33.0,30.0,cowpea,cowpea,cowpea,98,"['cowpea', 'thinai', 'ragi']","[98, 1, 0]"
6.6,20.0,16.2,55.9,34.8,37.1,kudiraivali,kudiraivali,kudiraivali,100,"['kudiraivali', 'blackgram', 'thinai']","[100, 0, 0]"
5.9,25.1,81.4,73.6,40.6,43.7,french bean,french bean,vegetable cowpea,54,"['vegetable cowpea', 'french bean', 'elephant foot yam']","[54, 22, 20]"
5.8,20.0,17.9,41.6,26.9,29.9,kudiraivali,kudiraivali,kudiraivali,97,"['kudiraivali', 'ragi', 'thinai']","[97, 1, 1]"
6.4,26.8,64.7,67.6,62.4,65.1,pumpkin,pumpkin,ash gourd,68,"['ash gourd', 'pumpkin', 'bottle gourd']","[68, 32, 0]"
7.2,26.9,61.2,36.2,34.6,26.1,greengram,greengram,greengram,99,"['greengram', 'horsegram', 'bengalgram']","[99, 1, 0]"
7.3,31.3,60.7,29.2,20.6,31.0,greengram,greengram,greengram,100,"['greengram', 'horsegram', 'blackgram']","[100, 0, 0]"
7.1,24.2,84.6,82.3,49.3,96.0,watermelon,watermelon,watermelon,88,"['watermelon', 'ribbed gourd', 'muskmelon']","[88, 5, 2]"
6.6,23.2,65.3,105.3,61.6,73.3,sugarbeet,sugarbeet,sugarbeet,82,"['sugarbeet', 'pumpkin', 'maize']","[82, 10, 6]"
5.7,25.5,60.0,56.1,29.5,34.7,bengalgram,bengalgram,bengalgram,96,"['bengalgram', 'cowpea', 'horsegram']","[96, 3, 1]"
6.6,29.8,56.9,72.0,43.2,88.4,ash gourd,ash gourd,ash gourd,99,"['ash gourd', 'pumpkin', 'tapoica']","[99, 0, 0]"
6.8,24.7,82.7,56.6,20.5,21.0,sunflower,sunflower,redgram,36,"['redgram', 'sunflower', 'soyabean']","[36, 27, 14]"
6.8,28.6,79.0,91.8,68.0,85.6,ribbed gourd,ribbed gourd,ribbed gourd,54,"['ribbed gourd', 'bitter gourd', 'muskmelon']","[54, 41, 3]"
6.6,31.9,83.1,117.6,40.1,99.3,muskmelon,muskmelon,muskmelon,73,"['muskmelon', 'chillies', 'tomato']","[73, 17, 8]"
6.8,17.7,94.1,45.7,22.2,32.1,pearl millet,pearl millet,pearl millet,89,"['pearl millet', 'soyabean', 'sunflower']","[89, 6, 4]"
6.4,25.2,60.0,42.7,21.8,31.1,bengalgram,bengalgram,bengalgram,93,"['bengalgram', 'horsegram', 'cowpea']","[93, 4, 3]"
6.1,37.1,77.5,44.5,38.5,36.7,horsegram,horsegram,horsegram,94,"['horsegram', 'pearl millet', 'jute']","[94, 3, 2]"
7.3,25.2,74.9,107.4,50.5,45.2,peas,peas,cotton,55,"['cotton', 'peas', 'annual moringa']","[55, 22, 21]"
7.1,30.6,82.7,85.4,51.5,88.5,ribbed gourd,ribbed gourd,muskmelon,60,"['muskmelon', 'ribbed gourd', 'bitter gourd']","[60, 38, 1]"
6.9,25.1,93.1,103.2,70.7,85.5,capsicum,capsicum,capsicum,66,"['capsicum', 'bhendi', 'brinjal']","[66, 18, 9]"
7.8,17.2,19.9,30.2,22.0,25.4,ragi,ragi,ragi,100,"['ragi', 'panivaragu', 'blackgram']","[100, 0, 0]"
6.0,18.7,78.8,118.5,66.3,63.6,sugarbeet,sugarbeet,sugarbeet,80,"['sugarbeet', 'maize', 'onion']","[80, 16, 2]"
8.7,36.8,15.4,32.3,29.5,29.6,samai,samai,samai,100,"['samai', 'blackgram', 'panivaragu']","[100, 0, 0]"
6.5,19.2,98.9,71.0,42.7,48.2,beetroot,beetroot,beetroot,95,"['beetroot', 'sorghum', 'radish']","[95, 3, 1]"
6.6,29.6,82.3,111.8,57.6,58.1,annual moringa,annual moringa,annual moringa,74,"['annual moringa', 'peas', 'muskmelon']","[74, 14, 5]"
5.7,26.1,77.3,94.6,50.7,40.2,french bean,french bean,vegetable cowpea,61,"['vegetable cowpea', 'french bean', 'rice']","[61, 27, 6]"
5.7,19.0,82.9,89.8,55.0,55.7,chowchow,chowchow,chowchow,57,"['chowchow', 'french bean', 'vegetable cowpea']","[57, 38, 4]"
6.4,20.0,19.1,46.1,29.8,35.7,kudiraivali,kudiraivali,kudiraivali,99,"['kudiraivali', 'cowpea', 'thinai']","[99, 0, 0]"
6.5,11.4,17.2,33.7,28.6,21.5,panivaragu,panivaragu,ragi,63,"['ragi', 'panivaragu', 'thinai']","[63, 37, 0]"
6.5,24.4,78.8,112.6,52.0,40.2,peas,peas,peas,63,"['peas', 'annual moringa', 'cotton']","[63, 12, 10]"
6.3,24.9,86.4,110.2,58.3,45.1,sweet potato,sweet potato,sweet potato,99,"['sweet potato', 'peas', 'cauliflower']","[99, 0, 0]"
6.0,20.8,79.9,63.4,54.1,47.2,vegetable cowpea,vegetable cowpea,chowchow,72,"['chowchow', 'vegetable cowpea', 'french bean']","[72, 16, 11]"
5.9,25.6,87.4,81.1,49.6,59.7,sweet potato,sweet potato,sweet potato,66,"['sweet potato', 'snake gourd', 'vegetable cowpea']","[66, 19, 7]"
6.7,25.3,79.3,115.2,59.9,67.9,muskmelon,muskmelon,watermelon,61,"['watermelon', 'muskmelon', 'chillies']","[61, 20, 5]"
6.6,19.5,78.1,118.8,77.7,72.8,sugarbeet,sugarbeet,sugarbeet,82,"['sugarbeet', 'tomato', 'maize']","[82, 9, 8]"
7.4,33.4,83.3,60.1,74.1,94.3,ribbed gourd,ribbed gourd,ribbed gourd,99,"['ribbed gourd', 'bitter gourd', 'muskmelon']","[99, 1, 0]"
6.5,22.0,52.6,52.5,36.8,39.9,cowpea,cowpea,cowpea,87,"['cowpea', 'bengalgram', 'kudiraivali']","[87, 8, 1]"
6.7,24.9,97.6,112.0,46.6,54.6,cauliflower,cauliflower,cauliflower,100,"['cauliflower', 'sweet potato', 'peas']","[100, 0, 0]"
6.8,20.7,98.8,98.4,56.0,40.3,beetroot,beetroot,beetroot,73,"['beetroot', 'cauliflower', 'radish']","[73, 26, 0]"
7.1,26.0,82.4,91.5,48.5,55.7,tinda,tinda,tinda,47,"['tinda', 'cotton', 'annual moringa']","[47, 19, 17]"
6.9,33.0,66.8,37.8,37.4,22.5,greengram,greengram,greengram,99,"['greengram', 'horsegram', 'soyabean']","[99, 1, 0]"
7.1,32.3,91.2,34.3,24.5,21.7,gingely,gingely,gingely,99,"['gingely', 'pearl millet', 'soyabean']","[99, 1, 0]"
6.9,27.0,60.0,44.1,32.1,34.6,bengalgram,bengalgram,bengalgram,84,"['bengalgram', 'horsegram', 'greengram']","[84, 13, 2]"
6.8,33.6,68.3,64.5,47.6,47.0,cucumber,cucumber,cucumber,73,"['cucumber', 'groundnut', 'jute']","[73, 23, 3]"
7.3,32.9,79.2,116.2,53.8,48.6,annual moringa,annual moringa,annual moringa,96,"['annual moringa', 'cotton', 'peas']","[96, 2, 1]"
6.5,29.6,81.3,93.6,46.4,80.1,ribbed gourd,ribbed gourd,muskmelon,42,"['muskmelon', 'bitter gourd', 'ribbed gourd']","[42, 27, 24]"
6.9,33.4,83.1,63.9,30.6,44.2,jute,jute,jute,84,"['jute', 'soyabean', 'horsegram']","[84, 9, 2]"
8.8,28.5,16.3,31.2,25.5,25.3,samai,samai,samai,100,"['samai', 'ragi', 'blackgram']","[100, 0, 0]"
6.0,23.0,91.6,137.0,47.1,107.3,capsicum,capsicum,capsicum,96,"['capsicum', 'brinjal', 'cabbage']","[96, 3, 1]"
7.6,25.0,75.4,174.6,83.1,126.9,sugarcane,sugarcane,sugarcane,100,"['sugarcane', 'tomato', 'maize']","[100, 0, 0]"
7.1,24.5,90.0,110.8,58.6,85.0,brinjal,brinjal,brinjal,92,"['brinjal', 'capsicum', 'watermelon']","[92, 6, 1]"
7.2,27.3,81.2,65.9,60.2,89.2,ribbed gourd,ribbed gourd,ribbed gourd,90,"['ribbed gourd', 'bitter gourd', 'bottle gourd']","[90, 10, 0]"
6.9,36.1,65.0,75.7,54.3,54.3,groundnut,groundnut,groundnut,84,"['groundnut', 'cucumber', 'rice']","[84, 14, 1]"
6.5,20.5,90.1,108.0,75.9,103.9,capsicum,capsicum,brinjal,67,"['brinjal', 'capsicum', 'cabbage']","[67, 16, 15]"
6.0,22.2,86.5,82.0,70.2,96.5,snake gourd,snake gourd,snake gourd,98,"['snake gourd', 'bottle gourd', 'bitter gourd']","[98, 1, 0]"
6.8,19.4,81.0,118.9,51.2,112.9,tomato,tomato,tomato,97,"['tomato', 'onion', 'chillies']","[97, 2, 0]"
6.0,20.0,16.3,48.0,37.0,24.4,kudiraivali,kudiraivali,kudiraivali,99,"['kudiraivali', 'thinai', 'ragi']","[99, 0, 0]"
7.2,25.2,85.0,21.6,25.8,35.1,gingely,gingely,gingely,100,"['gingely', 'castor', 'pearl millet']","[100, 0, 0]"
6.5,25.1,97.6,122.4,89.8,85.2,bhendi,bhendi,bhendi,93,"['bhendi', 'cabbage', 'capsicum']","[93, 6, 0]"
6.9,15.0,71.4,113.7,58.2,45.4,peas,peas,peas,98,"['peas', 'small onion', 'sugarbeet']","[98, 1, 0]"
7.0,29.4,77.4,94.6,56.6,56.3,tinda,tinda,tinda,50,"['tinda', 'annual moringa', 'peas']","[50, 28, 6]"
8.1,25.4,90.8,53.5,25.1,26.7,castor,castor,castor,85,"['castor', 'sunflower', 'pearl millet']","[85, 13, 1]"
6.2,26.2,67.3,149.0,89.6,77.3,maize,maize,maize,99,"['maize', 'sugarbeet', 'ash gourd']","[99, 0, 0]"
6.4,33.8,76.7,92.1,47.5,50.1,rice,rice,rice,42,"['rice', 'jute', 'elephant foot yam']","[42, 24, 18]"
5.9,27.5,19.3,35.8,29.9,25.6,thinai,thinai,thinai,45,"['thinai', 'varagu', 'panivaragu']","[45, 32, 18]"
5.6,25.7,76.0,76.9,51.4,41.1,french bean,french bean,vegetable cowpea,59,"['vegetable cowpea', 'french bean', 'elephant foot yam']","[59, 37, 3]"
5.9,29.0,82.5,67.0,42.1,55.4,elephant foot yam,elephant foot yam,vegetable cowpea,52,"['vegetable cowpea', 'elephant foot yam', 'french bean']","[52, 46, 2]"
5.8,19.1,80.9,170.7,88.9,62.2,maize,maize,maize,100,"['maize', 'sugarbeet', 'onion']","[100, 0, 0]"
5.8,20.2,80.9,128.0,65.0,62.3,maize,maize,maize,92,"['maize', 'sugarbeet', 'onion']","[92, 4, 3]"
6.1,20.7,62.2,78.5,57.8,65.1,pumpkin,pumpkin,pumpkin,99,"['pumpkin', 'ash gourd', 'bottle gourd']","[99, 1, 0]"
5.1,22.1,51.1,56.2,25.0,38.6,cowpea,cowpea,cowpea,99,"['cowpea', 'bengalgram', 'kudiraivali']","[99, 1, 0]"
6.7,22.9,87.7,60.5,59.1,95.1,snake gourd,snake gourd,snake gourd,91,"['snake gourd', 'bitter gourd', 'bottle gourd']","[91, 5, 4]"
6.8,29.2,91.0,85.6,77.8,93.7,bitter gourd,bitter gourd,bitter gourd,97,"['bitter gourd', 'snake gourd', 'capsicum']","[97, 2, 0]"
6.8,31.8,81.7,76.6,42.7,55.1,elephant foot yam,elephant foot yam,elephant foot yam,78,"['elephant foot yam', 'annual moringa', 'tinda']","[78, 8, 6]"
6.3,17.9,87.0,71.5,35.8,38.5,soyabean,soyabean,soyabean,96,"['soyabean', 'pearl millet', 'sorghum']","[96, 2, 1]"
6.6,20.2,63.2,167.4,89.1,86.3,maize,maize,maize,93,"['maize', 'sugarcane', 'carrot']","[93, 6, 0]"
6.2,13.5,98.4,109.3,60.7,110.1,cabbage,cabbage,cabbage,98,"['cabbage', 'capsicum', 'brinjal']","[98, 2, 0]"
5.6,29.7,66.9,86.9,57.3,46.2,rice,rice,rice,97,"['rice', 'tapoica', 'vegetable cowpea']","[97, 2, 1]"
7.6,23.1,79.0,161.4,70.4,128.5,sugarcane,sugarcane,sugarcane,99,"['sugarcane', 'tomato', 'sugarbeet']","[99, 0, 0]"
5.9,26.9,78.9,77.8,41.2,58.9,french bean,french bean,vegetable cowpea,62,"['vegetable cowpea', 'french bean', 'elephant foot yam']","[62, 23, 8]"
7.4,20.7,65.2,137.8,62.9,67.9,sugarbeet,sugarbeet,sugarbeet,96,"['sugarbeet', 'maize', 'sugarcane']","[96, 3, 0]"
6.7,26.2,95.1,33.8,36.7,39.8,gingely,gingely,gingely,99,"['gingely', 'castor', 'pearl millet']","[99, 1, 0]"
7.3,26.9,82.0,21.7,35.6,28.2,gingely,gingely,gingely,100,"['gingely', 'pearl millet', 'greengram']","[100, 0, 0]"
6.5,15.9,63.5,104.3,62.1,89.0,carrot,carrot,carrot,99,"['carrot', 'sugarbeet', 'pumpkin']","[99, 0, 0]"
6.3,22.8,66.9,98.1,57.5,68.4,pumpkin,pumpkin,pumpkin,91,"['pumpkin', 'ash gourd', 'sugarbeet']","[91, 5, 2]"
6.6,25.8,84.8,63.2,41.9,61.1,bitter gourd,bitter gourd,bitter gourd,40,"['bitter gourd', 'elephant foot yam', 'bottle gourd']","[40, 16, 14]"
6.9,27.7,74.0,53.3,24.4,26.1,soyabean,soyabean,horsegram,51,"['horsegram', 'soyabean', 'redgram']","[51, 29, 19]"
6.6,25.5,77.2,106.2,46.2,85.1,muskmelon,muskmelon,watermelon,64,"['watermelon', 'muskmelon', 'chillies']","[64, 15, 13]"
6.8,28.6,75.5,107.1,42.6,88.5,muskmelon,muskmelon,muskmelon,74,"['muskmelon', 'chillies', 'tomato']","[74, 12, 9]"
5.8,24.0,62.9,84.1,49.3,53.6,rice,rice,rice,88,"['rice', 'small onion', 'wheat']","[88, 5, 2]"
7.2,33.2,62.9,36.5,26.9,25.2,greengram,greengram,greengram,99,"['greengram', 'horsegram', 'panivaragu']","[99, 1, 0]"
6.6,31.3,82.8,97.9,56.5,58.6,elephant foot yam,elephant foot yam,elephant foot yam,60,"['elephant foot yam', 'annual moringa', 'tinda']","[60, 27, 4]"
5.9,24.0,89.8,49.8,25.1,30.5,castor,castor,castor,67,"['castor', 'pearl millet', 'soyabean']","[67, 29, 3]"
6.3,23.7,87.9,78.1,57.7,64.4,snake gourd,snake gourd,snake gourd,98,"['snake gourd', 'bottle gourd', 'bitter gourd']","[98, 1, 1]"
6.7,33.1,64.1,36.4,23.9,26.9,greengram,greengram,greengram,99,"['greengram', 'horsegram', 'panivaragu']","[99, 1, 0]"
7.3,34.3,82.1,60.7,78.7,76.8,ribbed gourd,ribbed gourd,ribbed gourd,99,"['ribbed gourd', 'bitter gourd', 'muskmelon']","[99, 0, 0]"
8.3,23.7,76.9,75.2,47.4,51.4,cluster bean,cluster bean,cluster bean,99,"['cluster bean', 'cotton', 'rice']","[99, 0, 0]"
6.2,26.9,76.5,98.9,58.5,63.8,watermelon,watermelon,watermelon,60,"['watermelon', 'bottle gourd', 'bitter gourd']","[60, 22, 4]"
6.3,19.3,99.4,83.5,50.9,41.7,beetroot,beetroot,beetroot,97,"['beetroot', 'radish', 'cauliflower']","[97, 2, 1]"
6.6,21.5,53.0,84.9,58.8,50.5,wheat,wheat,wheat,99,"['wheat', 'rice', 'small onion']","[99, 1, 0]"
7.0,33.1,64.5,34.2,30.9,32.3,greengram,greengram,greengram,99,"['greengram', 'horsegram', 'panivaragu']","[99, 1, 0]"
6.2,29.3,60.0,41.0,27.4,29.4,bengalgram,bengalgram,bengalgram,85,"['bengalgram', 'horsegram', 'cowpea']","[85, 9, 3]"
6.8,27.1,83.4,69.9,57.8,85.2,bitter gourd,bitter gourd,bitter gourd,65,"['bitter gourd', 'ribbed gourd', 'bottle gourd']","[65, 31, 3]"
6.5,20.1,71.4,78.8,51.4,58.3,small onion,small onion,small onion,95,"['small onion', 'chowchow', 'groundnut']","[95, 1, 1]"
6.4,18.0,98.7,74.1,59.8,55.6,beetroot,beetroot,beetroot,66,"['beetroot', 'radish', 'sorghum']","[66, 21, 13]"
6.7,29.9,85.7,77.0,75.1,66.6,bitter gourd,bitter gourd,bitter gourd,89,"['bitter gourd', 'ribbed gourd', 'snake gourd']","[89, 10, 1]"
6.2,33.6,91.8,51.8,37.8,29.6,pearl millet,pearl millet,pearl millet,92,"['pearl millet', 'soyabean', 'gingely']","[92, 7, 1]"
6.3,20.0,15.1,45.2,38.3,31.8,kudiraivali,kudiraivali,kudiraivali,100,"['kudiraivali', 'thinai', 'ragi']","[100, 0, 0]"
7.6,25.2,69.7,161.6,98.1,139.4,sugarcane,sugarcane,sugarcane,100,"['sugarcane', 'maize', 'sugarbeet']","[100, 0, 0]"
7.9,34.0,86.8,23.5,32.3,21.7,gingely,gingely,gingely,100,"['gingely', 'pearl millet', 'castor']","[100, 0, 0]"
6.3,25.8,79.9,67.6,43.4,64.7,bottle gourd,bottle gourd,bottle gourd,74,"['bottle gourd', 'bitter gourd', 'ribbed gourd']","[74, 13, 5]"
6.2,21.4,59.8,87.7,58.3,50.6,wheat,wheat,wheat,95,"['wheat', 'rice', 'small onion']","[95, 4, 1]"
6.3,22.6,95.9,76.4,55.7,40.5,sorghum,sorghum,sorghum,74,"['sorghum', 'cauliflower', 'beetroot']","[74, 16, 8]"
8.6,35.3,18.7,39.9,24.5,21.9,samai,samai,samai,100,"['samai', 'blackgram', 'horsegram']","[100, 0, 0]"
8.1,11.9,18.6,36.9,21.2,20.2,ragi,ragi,ragi,100,"['ragi', 'panivaragu', 'blackgram']","[100, 0, 0]"
6.2,20.3,90.0,122.7,75.7,111.3,brinjal,brinjal,brinjal,62,"['brinjal', 'cabbage', 'capsicum']","[62, 20, 17]"
6.9,28.8,79.9,52.6,22.0,25.8,redgram,redgram,redgram,84,"['redgram', 'soyabean', 'horsegram']","[84, 8, 5]"
6.6,24.8,86.3,80.3,36.1,44.5,jute,jute,jute,82,"['jute', 'sweet potato', 'peas']","[82, 11, 3]"
6.8,21.6,90.0,135.6,50.4,112.4,brinjal,brinjal,brinjal,84,"['brinjal', 'capsicum', 'tomato']","[84, 15, 0]"
6.3,7.7,90.4,116.0,69.9,97.3,cabbage,cabbage,cabbage,99,"['cabbage', 'capsicum', 'brinjal']","[99, 1, 0]"
5.8,28.7,53.0,82.6,43.1,55.4,tapoica,tapoica,tapoica,99,"['tapoica', 'rice', 'ash gourd']","[99, 1, 0]"
7.2,32.1,84.4,116.1,57.8,47.1,annual moringa,annual moringa,annual moringa,95,"['annual moringa', 'cotton', 'peas']","[95, 2, 1]"
6.3,30.7,82.2,37.5,36.6,37.8,gingely,gingely,gingely,97,"['gingely', 'pearl millet', 'soyabean']","[97, 2, 0]"
6.7,23.8,57.8,92.7,41.2,51.9,wheat,wheat,wheat,98,"['wheat', 'rice', 'tapoica']","[98, 1, 1]"
7.3,17.8,94.8,43.6,33.8,26.9,pearl millet,pearl millet,pearl millet,89,"['pearl millet', 'sunflower', 'castor']","[89, 9, 1]"
7.8,24.8,77.6,152.1,64.5,124.9,sugarcane,sugarcane,sugarcane,100,"['sugarcane', 'tomato', 'sugarbeet']","[100, 0, 0]"
7.0,18.2,79.7,113.8,47.8,91.7,tomato,tomato,tomato,97,"['tomato', 'brinjal', 'sugarbeet']","[97, 1, 1]"
6.3,24.7,83.3,105.9,72.8,100.6,chillies,chillies,onion,42,"['onion', 'chillies', 'brinjal']","[42, 39, 12]"
7.2,23.7,74.2,117.7,41.7,52.0,cotton,cotton,cotton,66,"['cotton', 'peas', 'annual moringa']","[66, 30, 2]"
6.1,24.6,90.0,121.2,53.3,81.5,brinjal,brinjal,brinjal,62,"['brinjal', 'capsicum', 'bhendi']","[62, 29, 4]"
6.5,26.1,65.0,58.7,59.8,56.9,groundnut,groundnut,groundnut,93,"['groundnut', 'cucumber', 'ash gourd']","[93, 4, 1]"
6.7,16.2,99.3,62.6,47.4,56.9,sorghum,sorghum,radish,66,"['radish', 'sorghum', 'beetroot']","[66, 23, 9]"
7.8,32.6,82.6,93.2,42.1,54.3,annual moringa,annual moringa,annual moringa,91,"['annual moringa', 'cotton', 'jute']","[91, 3, 3]"
5.9,32.0,92.3,45.0,22.4,29.4,pearl millet,pearl millet,pearl millet,98,"['pearl millet', 'gingely', 'soyabean']","[98, 2, 0]"
6.0,11.2,99.9,71.8,58.3,54.0,radish,radish,radish,99,"['radish', 'sorghum', 'beetroot']","[99, 1, 0]"
6.5,14.0,95.6,86.5,47.2,42.0,cauliflower,cauliflower,radish,70,"['radish', 'cauliflower', 'beetroot']","[70, 29, 0]"
6.5,21.3,69.4,65.9,59.4,45.2,small onion,small onion,small onion,94,"['small onion', 'groundnut', 'chowchow']","[94, 4, 0]"
7.3,31.8,60.4,87.5,60.0,59.7,cucumber,cucumber,cucumber,84,"['cucumber', 'rice', 'tapoica']","[84, 13, 2]"
6.7,26.0,97.9,106.1,76.4,90.9,bhendi,bhendi,bhendi,96,"['bhendi', 'cabbage', 'capsicum']","[96, 2, 1]"
5.6,27.3,75.4,69.2,47.9,47.2,vegetable cowpea,vegetable cowpea,vegetable cowpea,87,"['vegetable cowpea', 'french bean', 'elephant foot yam']","[87, 6, 5]"
6.2,25.9,79.5,115.1,47.8,82.4,chillies,chillies,watermelon,67,"['watermelon', 'chillies', 'onion']","[67, 26, 3]"
6.9,32.9,17.8,26.2,33.8,32.1,blackgram,blackgram,blackgram,100,"['blackgram', 'panivaragu', 'greengram']","[100, 0, 0]"
6.4,26.8,99.4,106.8,62.9,84.2,bhendi,bhendi,bhendi,91,"['bhendi', 'cabbage', 'capsicum']","[91, 8, 1]"
6.9,21.4,19.0,32.6,27.6,21.3,ragi,ragi,thinai,51,"['thinai', 'ragi', 'panivaragu']","[51, 26, 16]"
8.7,31.7,18.8,36.4,26.2,22.7,samai,samai,samai,100,"['samai', 'blackgram', 'panivaragu']","[100, 0, 0]"
6.3,29.4,90.0,132.0,40.5,89.9,brinjal,brinjal,brinjal,66,"['brinjal', 'capsicum', 'chillies']","[66, 33, 1]"
6.2,20.9,83.1,96.0,63.6,66.1,bottle gourd,bottle gourd,bottle gourd,76,"['bottle gourd', 'snake gourd', 'onion']","[76, 22, 1]"
6.4,21.8,77.1,90.9,70.4,95.1,bottle gourd,bottle gourd,bottle gourd,93,"['bottle gourd', 'onion', 'tomato']","[93, 3, 1]"
6.1,37.7,97.1,79.8,54.0,57.0,sorghum,sorghum,sorghum,99,"['sorghum', 'jute', 'cauliflower']","[99, 0, 0]"
5.7,25.3,60.1,84.4,49.5,43.9,rice,rice,rice,65,"['rice', 'tapoica', 'cucumber']","[65, 32, 1]"
6.8,9.4,99.1,86.4,56.6,59.3,cauliflower,cauliflower,cauliflower,85,"['cauliflower', 'radish', 'beetroot']","[85, 15, 0]"
6.9,31.5,64.7,34.5,35.4,25.9,greengram,greengram,greengram,99,"['greengram', 'horsegram', 'panivaragu']","[99, 1, 0]"
6.3,27.6,52.3,97.2,68.2,94.8,ash gourd,ash gourd,ash gourd,100,"['ash gourd', 'pumpkin', 'tapoica']","[100, 0, 0]"
6.2,29.6,90.0,137.7,59.7,96.0,brinjal,brinjal,brinjal,69,"['brinjal', 'capsicum', 'chillies']","[69, 30, 1]"
7.2,25.0,78.7,189.0,70.3,142.7,sugarcane,sugarcane,sugarcane,99,"['sugarcane', 'tomato', 'chillies']","[99, 1, 0]"
6.3,31.9,76.5,73.9,38.2,36.0,soyabean,soyabean,jute,81,"['jute', 'soyabean', 'horsegram']","[81, 18, 1]"
6.3,26.7,17.8,36.1,24.4,24.8,thinai,thinai,varagu,79,"['varagu', 'thinai', 'panivaragu']","[79, 12, 4]"
6.2,21.7,88.7,66.4,37.6,22.1,soyabean,soyabean,soyabean,69,"['soyabean', 'castor', 'sunflower']","[69, 17, 11]"
6.1,17.3,80.2,48.3,29.5,29.0,pearl millet,pearl millet,soyabean,51,"['soyabean', 'pearl millet', 'redgram']","[51, 47, 1]"
5.2,23.3,94.1,45.1,29.1,21.8,castor,castor,castor,97,"['castor', 'pearl millet', 'sunflower']","[97, 3, 0]"
6.2,23.4,88.4,83.7,78.5,68.7,snake gourd,snake gourd,snake gourd,98,"['snake gourd', 'bottle gourd', 'bitter gourd']","[98, 1, 1]"
5.8,20.5,53.4,49.8,35.8,36.4,cowpea,cowpea,cowpea,93,"['cowpea', 'kudiraivali', 'bengalgram']","[93, 4, 3]"
6.6,14.0,96.5,78.4,58.0,56.9,radish,radish,radish,89,"['radish', 'sorghum', 'cauliflower']","[89, 5, 4]"
6.6,16.3,74.8,91.4,48.4,59.5,small onion,small onion,peas,55,"['peas', 'small onion', 'groundnut']","[55, 44, 0]"
6.3,23.6,82.7,107.5,42.2,84.4,chillies,chillies,onion,57,"['onion', 'watermelon', 'chillies']","[57, 22, 14]"
6.6,20.3,98.8,61.7,41.0,44.5,beetroot,beetroot,beetroot,96,"['beetroot', 'sorghum', 'radish']","[96, 4, 0]"
6.7,20.9,79.0,132.7,46.6,87.6,tomato,tomato,tomato,81,"['tomato', 'onion', 'chillies']","[81, 13, 3]"
6.6,36.9,65.0,67.8,56.0,49.5,groundnut,groundnut,groundnut,97,"['groundnut', 'cucumber', 'rice']","[97, 3, 0]"
6.6,31.4,78.3,92.2,33.0,39.9,jute,jute,jute,99,"['jute', 'annual moringa', 'soyabean']","[99, 1, 0]"
6.3,28.5,85.0,39.4,23.0,25.6,gingely,gingely,gingely,80,"['gingely', 'pearl millet', 'soyabean']","[80, 17, 3]"
6.2,28.0,17.9,30.4,22.2,26.5,thinai,thinai,thinai,48,"['thinai', 'varagu', 'panivaragu']","[48, 24, 23]"
7.1,28.2,81.2,79.8,44.3,47.1,tinda,tinda,tinda,77,"['tinda', 'jute', 'annual moringa']","[77, 7, 6]"
6.5,26.4,76.5,51.9,36.4,28.6,redgram,redgram,redgram,73,"['redgram', 'horsegram', 'soyabean']","[73, 13, 12]"
7.0,29.7,76.0,95.5,51.4,48.5,rice,rice,tinda,42,"['tinda', 'annual moringa', 'peas']","[42, 31, 7]"
6.7,34.2,79.4,85.9,44.0,50.7,annual moringa,annual moringa,annual moringa,48,"['annual moringa', 'jute', 'elephant foot yam']","[48, 17, 17]"
6.7,31.9,84.2,49.9,28.3,24.0,pearl millet,pearl millet,pearl millet,73,"['pearl millet', 'soyabean', 'redgram']","[73, 17, 5]"
7.6,25.9,82.2,104.4,59.8,49.6,cotton,cotton,cotton,51,"['cotton', 'annual moringa', 'peas']","[51, 40, 4]"
6.9,33.6,63.1,61.5,56.4,46.9,cucumber,cucumber,cucumber,82,"['cucumber', 'groundnut', 'tapoica']","[82, 17, 0]"
6.3,24.0,76.7,128.5,66.2,96.0,onion,onion,onion,58,"['onion', 'chillies', 'maize']","[58, 35, 3]"
7.0,28.1,90.0,102.2,51.9,97.9,brinjal,brinjal,brinjal,87,"['brinjal', 'capsicum', 'bitter gourd']","[87, 8, 2]"
6.2,27.0,99.4,121.7,91.6,93.8,bhendi,bhendi,bhendi,88,"['bhendi', 'cabbage', 'capsicum']","[88, 12, 0]"
6.7,22.6,99.4,92.2,42.0,46.2,cauliflower,cauliflower,cauliflower,88,"['cauliflower', 'beetroot', 'sorghum']","[88, 11, 1]"
6.5,23.0,60.0,46.5,34.0,33.7,bengalgram,bengalgram,bengalgram,99,"['bengalgram', 'cowpea', 'horsegram']","[99, 1, 0]"
7.6,27.8,83.8,104.9,54.7,43.9,annual moringa,annual moringa,annual moringa,60,"['annual moringa', 'cotton', 'peas']","[60, 33, 3]"
6.1,28.2,78.5,71.5,34.6,37.0,jute,jute,soyabean,49,"['soyabean', 'jute', 'horsegram']","[49, 49, 1]"
6.9,37.0,90.5,57.4,27.2,24.4,pearl millet,pearl millet,pearl millet,98,"['pearl millet', 'soyabean', 'gingely']","[98, 2, 0]"
6.3,28.0,54.8,30.3,26.6,38.6,cowpea,cowpea,cowpea,69,"['cowpea', 'greengram', 'thinai']","[69, 27, 1]"
7.0,32.2,77.4,113.7,48.3,96.9,muskmelon,muskmelon,muskmelon,94,"['muskmelon', 'tomato', 'chillies']","[94, 3, 1]"
5.0,22.3,69.7,86.8,50.8,56.8,rice,rice,rice,93,"['rice', 'vegetable cowpea', 'french bean']","[93, 5, 1]"
5.8,25.5,78.7,70.3,55.1,50.0,vegetable cowpea,vegetable cowpea,vegetable cowpea,69,"['vegetable cowpea', 'french bean', 'elephant foot yam']","[69, 25, 5]"
7.3,33.8,83.6,68.4,70.6,67.7,ribbed gourd,ribbed gourd,ribbed gourd,99,"['ribbed gourd', 'bitter gourd', 'muskmelon']","[99, 0, 0]"
7.3,27.6,69.0,91.6,53.4,41.3,cucumber,cucumber,cucumber,66,"['cucumber', 'rice', 'cotton']","[66, 22, 6]"
7.2,21.6,72.9,115.2,78.6,61.3,sugarbeet,sugarbeet,sugarbeet,98,"['sugarbeet', 'maize', 'cotton']","[98, 1, 0]"
6.5,25.1,15.3,31.8,27.1,22.9,varagu,varagu,varagu,46,"['varagu', 'thinai', 'panivaragu']","[46, 27, 15]"
6.8,19.8,65.9,171.8,85.5,62.6,maize,maize,maize,97,"['maize', 'sugarbeet', 'carrot']","[97, 2, 1]"
6.6,24.4,87.8,117.2,58.3,58.2,sweet potato,sweet potato,sweet potato,90,"['sweet potato', 'peas', 'cotton']","[90, 8, 1]"
7.9,31.7,97.7,25.4,31.7,26.8,gingely,gingely,gingely,100,"['gingely', 'castor', 'pearl millet']","[100, 0, 0]"
7.9,22.1,80.2,76.8,48.9,48.7,cluster bean,cluster bean,cluster bean,98,"['cluster bean', 'cotton', 'rice']","[98, 1, 0]"
6.6,24.5,97.1,125.3,60.4,108.5,bhendi,bhendi,bhendi,87,"['bhendi', 'capsicum', 'cabbage']","[87, 7, 5]"
7.5,23.8,94.4,40.7,30.1,34.9,sunflower,sunflower,sunflower,55,"['sunflower', 'castor', 'pearl millet']","[55, 39, 4]"
6.1,26.9,15.7,31.6,21.0,26.2,varagu,varagu,varagu,77,"['varagu', 'thinai', 'panivaragu']","[77, 14, 4]"
8.5,26.9,18.0,35.6,21.6,27.2,samai,samai,samai,95,"['samai', 'ragi', 'blackgram']","[95, 4, 0]"
6.7,27.6,81.3,105.9,47.1,101.9,chillies,chillies,chillies,46,"['chillies', 'tomato', 'muskmelon']","[46, 30, 19]"
6.3,23.0,51.2,116.6,57.5,50.3,wheat,wheat,wheat,99,"['wheat', 'maize', 'sugarbeet']","[99, 1, 0]"
6.5,25.2,82.6,123.3,54.4,101.2,chillies,chillies,chillies,73,"['chillies', 'tomato', 'brinjal']","[73, 10, 6]"
7.4,30.8,65.5,96.5,51.8,55.6,rice,rice,cucumber,82,"['cucumber', 'rice', 'tapoica']","[82, 17, 0]"
6.3,18.0,69.5,148.3,74.2,64.1,sugarbeet,sugarbeet,sugarbeet,64,"['sugarbeet', 'maize', 'carrot']","[64, 28, 7]"
6.1,28.0,85.1,77.3,27.0,32.5,soyabean,soyabean,soyabean,87,"['soyabean', 'jute', 'castor']","[87, 8, 3]"
6.2,28.0,84.6,68.9,43.9,41.0,elephant foot yam,elephant foot yam,elephant foot yam,66,"['elephant foot yam', 'jute', 'vegetable cowpea']","[66, 22, 7]"
6.9,22.0,16.0,38.9,25.6,27.1,thinai,thinai,thinai,50,"['thinai', 'ragi', 'panivaragu']","[50, 27, 16]"
6.8,23.6,56.9,113.8,44.1,41.4,wheat,wheat,wheat,100,"['wheat', 'peas', 'rice']","[100, 0, 0]"
6.6,22.0,50.3,96.8,52.1,56.2,wheat,wheat,wheat,99,"['wheat', 'rice', 'small onion']","[99, 0, 0]"
5.9,14.8,95.0,64.9,51.7,41.7,radish,radish,radish,96,"['radish', 'sorghum', 'beetroot']","[96, 3, 0]"
5.6,17.4,96.4,66.0,49.8,46.9,radish,radish,radish,96,"['radish', 'beetroot', 'sorghum']","[96, 2, 2]"
6.8,28.1,54.8,83.7,43.3,47.0,tapoica,tapoica,tapoica,97,"['tapoica', 'cucumber', 'rice']","[97, 2, 0]"
6.9,23.6,77.4,146.7,71.1,103.8,tomato,tomato,tomato,79,"['tomato', 'chillies', 'sugarcane']","[79, 12, 3]"
6.0,19.4,87.6,98.4,46.7,62.8,snake gourd,snake gourd,snake gourd,95,"['snake gourd', 'bottle gourd', 'sweet potato']","[95, 1, 1]"
6.6,22.1,59.2,83.9,51.2,52.0,wheat,wheat,wheat,97,"['wheat', 'rice', 'small onion']","[97, 2, 1]"
6.9,18.2,60.7,63.7,57.9,82.5,pumpkin,pumpkin,pumpkin,99,"['pumpkin', 'carrot', 'ash gourd']","[99, 0, 0]"
7.1,33.0,84.7,94.1,33.1,30.2,jute,jute,jute,97,"['jute', 'soyabean', 'annual moringa']","[97, 2, 0]"
7.3,28.9,81.3,75.1,58.1,55.7,tinda,tinda,tinda,90,"['tinda', 'elephant foot yam', 'annual moringa']","[90, 4, 2]"
6.8,25.4,91.0,99.2,41.2,62.8,bitter gourd,bitter gourd,bitter gourd,56,"['bitter gourd', 'sweet potato', 'capsicum']","[56, 22, 6]"
7.7,23.9,85.9,98.7,53.6,58.6,cotton,cotton,cotton,76,"['cotton', 'cluster bean', 'peas']","[76, 20, 3]"
6.8,25.7,82.4,75.1,43.4,49.3,tinda,tinda,tinda,60,"['tinda', 'elephant foot yam', 'jute']","[60, 27, 5]"
6.9,16.9,86.9,75.8,28.9,31.7,soyabean,soyabean,soyabean,96,"['soyabean', 'pearl millet', 'sunflower']","[96, 3, 0]"
7.4,32.2,78.3,89.0,45.9,62.7,muskmelon,muskmelon,muskmelon,64,"['muskmelon', 'ribbed gourd', 'annual moringa']","[64, 26, 6]"
6.8,28.4,96.9,104.5,56.2,51.3,cauliflower,cauliflower,cauliflower,99,"['cauliflower', 'sweet potato', 'peas']","[99, 0, 0]"
7.9,32.5,91.4,38.6,23.8,34.3,gingely,gingely,gingely,100,"['gingely', 'pearl millet', 'castor']","[100, 0, 0]"
7.5,28.4,84.2,118.9,42.8,43.2,cotton,cotton,annual moringa,53,"['annual moringa', 'cotton', 'peas']","[53, 36, 9]"
5.5,28.3,93.8,33.1,22.3,30.8,gingely,gingely,gingely,99,"['gingely', 'pearl millet', 'castor']","[99, 1, 0]"
7.8,20.6,75.9,135.3,60.6,72.8,sugarbeet,sugarbeet,sugarbeet,97,"['sugarbeet', 'tomato', 'maize']","[97, 2, 0]"
6.3,29.2,60.0,50.9,28.5,28.7,bengalgram,bengalgram,bengalgram,91,"['bengalgram', 'horsegram', 'cowpea']","[91, 6, 2]"
5.9,29.0,53.5,67.2,59.5,49.7,tapoica,tapoica,tapoica,100,"['tapoica', 'ash gourd', 'vegetable cowpea']","[100, 0, 0]"
7.2,25.8,70.7,84.9,50.2,57.0,cotton,cotton,cotton,35,"['cotton', 'rice', 'cucumber']","[35, 28, 18]"
6.1,20.7,75.3,94.0,44.6,57.5,chowchow,chowchow,chowchow,65,"['chowchow', 'small onion', 'rice']","[65, 14, 8]"
6.4,10.3,92.4,123.2,77.5,105.3,cabbage,cabbage,cabbage,98,"['cabbage', 'capsicum', 'brinjal']","[98, 2, 0]"
7.3,28.7,83.0,92.2,52.0,59.3,tinda,tinda,tinda,48,"['tinda', 'annual moringa', 'cotton']","[48, 22, 16]"
5.9,25.5,83.0,93.4,52.4,51.4,french bean,french bean,vegetable cowpea,51,"['vegetable cowpea', 'elephant foot yam', 'french bean']","[51, 23, 19]"
6.2,16.0,17.7,38.2,24.8,22.4,panivaragu,panivaragu,ragi,54,"['ragi', 'panivaragu', 'thinai']","[54, 45, 0]"
7.3,27.5,82.0,67.8,45.8,45.9,tinda,tinda,tinda,87,"['tinda', 'jute', 'elephant foot yam']","[87, 7, 3]"
6.5,21.7,78.5,138.8,62.6,100.9,onion,onion,onion,61,"['onion', 'tomato', 'chillies']","[61, 26, 8]"
7.1,18.2,72.1,126.2,65.9,68.3,sugarbeet,sugarbeet,sugarbeet,99,"['sugarbeet', 'maize', 'tomato']","[99, 1, 0]"
6.9,26.1,81.0,83.7,42.5,40.4,tinda,tinda,tinda,54,"['tinda', 'jute', 'annual moringa']","[54, 11, 11]"
7.2,29.3,84.7,94.3,59.8,43.4,tinda,tinda,tinda,42,"['tinda', 'annual moringa', 'cotton']","[42, 27, 18]"
6.4,19.8,100.0,83.9,43.8,41.5,beetroot,beetroot,beetroot,98,"['beetroot', 'radish', 'cauliflower']","[98, 1, 1]"
6.0,27.4,81.0,74.9,48.6,44.9,elephant foot yam,elephant foot yam,elephant foot yam,53,"['elephant foot yam', 'vegetable cowpea', 'french bean']","[53, 40, 3]"
7.6,21.3,81.2,86.1,51.2,42.4,cotton,cotton,cluster bean,73,"['cluster bean', 'cotton', 'peas']","[73, 24, 2]"
5.8,20.0,18.6,40.6,26.7,27.7,kudiraivali,kudiraivali,kudiraivali,90,"['kudiraivali', 'ragi', 'panivaragu']","[90, 5, 3]"
7.2,21.2,17.5,32.9,27.4,36.1,blackgram,blackgram,blackgram,95,"['blackgram', 'ragi', 'thinai']","[95, 4, 1]"
5.7,29.3,75.0,97.7,46.5,58.5,vegetable cowpea,vegetable cowpea,rice,68,"['rice', 'vegetable cowpea', 'elephant foot yam']","[68, 26, 3]"
6.7,20.7,99.1,97.3,41.0,42.7,beetroot,beetroot,beetroot,78,"['beetroot', 'cauliflower', 'radish']","[78, 22, 0]"
7.4,24.7,73.5,96.4,52.1,46.4,cotton,cotton,cotton,46,"['cotton', 'rice', 'peas']","[46, 21, 12]"
6.9,28.0,80.0,53.8,37.6,20.3,redgram,redgram,redgram,84,"['redgram', 'soyabean', 'horsegram']","[84, 8, 4]"
7.4,29.3,64.1,77.5,48.6,53.6,cucumber,cucumber,cucumber,97,"['cucumber', 'rice', 'groundnut']","[97, 1, 1]"
6.3,25.7,84.1,68.3,58.2,61.2,bottle gourd,bottle gourd,bottle gourd,54,"['bottle gourd', 'snake gourd', 'elephant foot yam']","[54, 15, 13]"
6.6,41.3,18.3,37.5,28.4,23.4,panivaragu,panivaragu,panivaragu,91,"['panivaragu', 'blackgram', 'thinai']","[91, 8, 0]"
7.0,21.6,81.7,77.6,33.2,35.8,sunflower,sunflower,sunflower,72,"['sunflower', 'soyabean', 'castor']","[72, 19, 6]"
6.4,21.2,72.4,145.3,68.7,77.7,maize,maize,sugarbeet,54,"['sugarbeet', 'maize', 'onion']","[54, 45, 0]"
6.5,15.5,99.3,74.0,59.8,59.6,radish,radish,radish,87,"['radish', 'sorghum', 'beetroot']","[87, 9, 3]"
7.3,33.9,77.0,65.8,49.8,32.6,jute,jute,jute,98,"['jute', 'tinda', 'horsegram']","[98, 0, 0]"
6.3,24.0,81.3,100.7,45.4,112.1,onion,onion,onion,55,"['onion', 'chillies', 'watermelon']","[55, 31, 9]"
5.7,43.2,18.7,33.8,27.1,20.8,panivaragu,panivaragu,panivaragu,99,"['panivaragu', 'blackgram', 'thinai']","[99, 0, 0]"
7.0,33.1,73.7,48.6,34.1,21.8,horsegram,horsegram,horsegram,96,"['horsegram', 'soyabean', 'greengram']","[96, 2, 1]"
7.2,28.5,71.5,42.7,35.6,29.3,horsegram,horsegram,horsegram,94,"['horsegram', 'greengram', 'redgram']","[94, 4, 1]"
6.1,25.6,81.4,135.7,64.9,63.6,maize,maize,maize,90,"['maize', 'chillies', 'sugarbeet']","[90, 5, 2]"
8.6,27.2,16.5,30.5,24.9,24.1,samai,samai,samai,100,"['samai', 'ragi', 'blackgram']","[100, 0, 0]"
6.7,23.7,77.8,148.5,75.5,71.6,sugarbeet,sugarbeet,sugarbeet,53,"['sugarbeet', 'maize', 'tomato']","[53, 41, 3]"
6.5,30.6,76.2,54.5,29.2,23.4,horsegram,horsegram,horsegram,51,"['horsegram', 'soyabean', 'redgram']","[51, 33, 13]"
7.0,26.2,78.9,92.4,42.6,79.5,watermelon,watermelon,watermelon,59,"['watermelon', 'muskmelon', 'ribbed gourd']","[59, 22, 12]"
6.0,25.8,84.1,90.5,54.4,84.7,bottle gourd,bottle gourd,watermelon,42,"['watermelon', 'bottle gourd', 'snake gourd']","[42, 33, 18]"
7.8,26.8,76.9,95.5,59.0,46.1,cotton,cotton,cotton,41,"['cotton', 'annual moringa', 'rice']","[41, 39, 9]"
7.7,39.4,17.4,20.5,38.8,32.3,blackgram,blackgram,blackgram,100,"['blackgram', 'samai', 'panivaragu']","[100, 0, 0]"
7.8,29.7,82.8,103.8,43.6,53.4,cotton,cotton,annual moringa,66,"['annual moringa', 'cotton', 'tinda']","[66, 27, 3]"
5.9,24.1,81.3,80.7,49.0,42.5,french bean,french bean,vegetable cowpea,66,"['vegetable cowpea', 'french bean', 'sweet potato']","[66, 25, 3]"
6.5,29.1,84.1,51.8,23.5,30.6,pearl millet,pearl millet,pearl millet,41,"['pearl millet', 'soyabean', 'redgram']","[41, 35, 19]"
6.1,24.8,70.2,79.4,36.0,34.1,jute,jute,jute,65,"['jute', 'soyabean', 'small onion']","[65, 31, 1]"
6.6,18.8,76.2,82.2,41.3,95.4,bottle gourd,bottle gourd,bottle gourd,91,"['bottle gourd', 'tomato', 'pumpkin']","[91, 4, 3]"
6.5,24.0,84.1,70.3,47.5,70.6,bottle gourd,bottle gourd,bottle gourd,76,"['bottle gourd', 'snake gourd', 'bitter gourd']","[76, 17, 5]"
5.7,29.4,70.9,85.2,40.5,44.1,rice,rice,rice,85,"['rice', 'vegetable cowpea', 'jute']","[85, 8, 5]"
6.4,22.8,53.8,37.9,23.2,21.0,cowpea,cowpea,cowpea,91,"['cowpea', 'thinai', 'panivaragu']","[91, 5, 2]"
7.9,34.1,79.7,98.4,48.7,41.1,annual moringa,annual moringa,annual moringa,80,"['annual moringa', 'rice', 'jute']","[80, 10, 7]"
6.7,27.7,90.3,62.1,44.1,73.9,bitter gourd,bitter gourd,bitter gourd,98,"['bitter gourd', 'snake gourd', 'ribbed gourd']","[98, 1, 1]"
6.3,25.8,67.3,78.2,69.2,83.0,ash gourd,ash gourd,ash gourd,59,"['ash gourd', 'pumpkin', 'bottle gourd']","[59, 40, 0]"
7.4,29.3,65.0,68.8,52.2,41.2,cucumber,cucumber,cucumber,84,"['cucumber', 'groundnut', 'rice']","[84, 14, 1]"
7.2,23.8,79.9,163.4,66.5,145.0,sugarcane,sugarcane,sugarcane,98,"['sugarcane', 'tomato', 'sugarbeet']","[98, 2, 0]"
8.8,35.9,18.9,31.7,25.4,29.0,samai,samai,samai,100,"['samai', 'blackgram', 'panivaragu']","[100, 0, 0]"
7.9,22.5,67.0,188.3,84.5,149.7,sugarcane,sugarcane,sugarcane,100,"['sugarcane', 'sugarbeet', 'maize']","[100, 0, 0]"
6.6,26.2,80.0,87.8,61.9,78.1,bitter gourd,bitter gourd,bitter gourd,48,"['bitter gourd', 'ribbed gourd', 'bottle gourd']","[48, 23, 18]"
5.7,16.3,98.5,95.1,55.1,53.4,radish,radish,radish,99,"['radish', 'beetroot', 'cauliflower']","[99, 0, 0]"
6.4,23.6,69.8,125.2,80.0,73.3,sugarbeet,sugarbeet,maize,56,"['maize', 'sugarbeet', 'tomato']","[56, 41, 1]"
7.2,21.3,86.5,58.8,29.1,29.5,sunflower,sunflower,sunflower,87,"['sunflower', 'pearl millet', 'castor']","[87, 6, 5]"
5.9,28.9,52.0,97.2,57.2,41.1,tapoica,tapoica,tapoica,99,"['tapoica', 'rice', 'ash gourd']","[99, 1, 0]"
6.3,30.8,15.1,36.9,21.3,21.6,panivaragu,panivaragu,panivaragu,90,"['panivaragu', 'thinai', 'varagu']","[90, 6, 2]"
6.2,29.5,80.3,84.0,43.6,55.3,elephant foot yam,elephant foot yam,elephant foot yam,72,"['elephant foot yam', 'vegetable cowpea', 'tinda']","[72, 8, 5]"
6.6,37.6,65.0,55.6,51.7,49.3,groundnut,groundnut,groundnut,100,"['groundnut', 'cucumber', 'horsegram']","[100, 0, 0]"
6.8,33.3,82.6,80.7,40.7,56.3,elephant foot yam,elephant foot yam,elephant foot yam,62,"['elephant foot yam', 'annual moringa', 'jute']","[62, 25, 7]"
6.7,32.8,84.1,84.6,51.1,52.3,annual moringa,annual moringa,elephant foot yam,68,"['elephant foot yam', 'annual moringa', 'jute']","[68, 24, 3]"
5.5,20.4,52.0,33.3,38.4,32.7,cowpea,cowpea,cowpea,99,"['cowpea', 'ragi', 'kudiraivali']","[99, 0, 0]"
5.7,25.8,86.7,90.3,50.4,57.2,sweet potato,sweet potato,sweet potato,88,"['sweet potato', 'vegetable cowpea', 'elephant foot yam']","[88, 7, 2]"
6.3,23.8,75.4,128.2,40.4,102.5,chillies,chillies,onion,65,"['onion', 'chillies', 'tomato']","[65, 32, 3]"
6.9,12.9,65.0,73.4,45.9,48.4,groundnut,groundnut,groundnut,98,"['groundnut', 'small onion', 'peas']","[98, 1, 0]"
6.6,29.6,63.2,70.7,76.7,84.3,ash gourd,ash gourd,ash gourd,97,"['ash gourd', 'pumpkin', 'ribbed gourd']","[97, 3, 0]"
8.9,39.4,17.9,37.2,23.8,28.3,samai,samai,samai,99,"['samai', 'blackgram', 'panivaragu']","[99, 1, 0]"
6.2,25.4,81.7,96.9,57.6,77.3,watermelon,watermelon,watermelon,63,"['watermelon', 'bottle gourd', 'bitter gourd']","[63, 25, 3]"
6.6,29.4,86.2,82.6,69.0,88.2,bitter gourd,bitter gourd,bitter gourd,91,"['bitter gourd', 'ribbed gourd', 'snake gourd']","[91, 6, 1]"
8.8,32.1,17.3,33.3,26.5,29.8,samai,samai,samai,98,"['samai', 'blackgram', 'ragi']","[98, 2, 0]"
7.0,32.2,83.6,78.8,44.1,48.1,elephant foot yam,elephant foot yam,elephant foot yam,52,"['elephant foot yam', 'jute', 'annual moringa']","[52, 22, 16]"
6.6,25.7,87.6,74.1,41.0,76.2,bitter gourd,bitter gourd,bitter gourd,54,"['bitter gourd', 'snake gourd', 'bottle gourd']","[54, 43, 2]"
6.2,19.0,78.1,93.6,41.0,94.7,bottle gourd,bottle gourd,bottle gourd,92,"['bottle gourd', 'onion', 'tomato']","[92, 4, 2]"
6.3,24.3,82.7,86.0,72.7,66.3,bottle gourd,bottle gourd,bottle gourd,78,"['bottle gourd', 'snake gourd', 'bitter gourd']","[78, 9, 8]"
6.2,26.0,70.8,173.9,83.4,71.9,maize,maize,maize,100,"['maize', 'sugarbeet', 'ash gourd']","[100, 0, 0]"
8.4,25.2,85.6,60.8,28.3,29.6,castor,castor,castor,91,"['castor', 'sunflower', 'pearl millet']","[91, 9, 0]"
7.7,25.3,17.1,22.7,20.5,28.3,blackgram,blackgram,blackgram,91,"['blackgram', 'ragi', 'samai']","[91, 8, 1]"
6.7,20.0,19.0,50.1,24.1,31.7,kudiraivali,kudiraivali,kudiraivali,99,"['kudiraivali', 'thinai', 'ragi']","[99, 0, 0]"
6.1,20.7,89.6,69.5,61.8,79.2,snake gourd,snake gourd,snake gourd,100,"['snake gourd', 'bottle gourd', 'bitter gourd']","[100, 0, 0]"
6.4,12.3,96.1,102.4,88.9,85.7,cabbage,cabbage,cabbage,100,"['cabbage', 'capsicum', 'radish']","[100, 0, 0]"
6.4,25.8,60.0,51.1,20.9,25.7,bengalgram,bengalgram,bengalgram,94,"['bengalgram', 'horsegram', 'cowpea']","[94, 4, 2]"
6.0,31.0,81.7,81.1,53.8,44.1,elephant foot yam,elephant foot yam,elephant foot yam,87,"['elephant foot yam', 'vegetable cowpea', 'jute']","[87, 9, 2]"
7.0,31.7,73.8,89.5,47.8,40.2,rice,rice,jute,59,"['jute', 'rice', 'annual moringa']","[59, 20, 10]"
6.6,29.7,83.0,61.7,48.7,62.3,bitter gourd,bitter gourd,bitter gourd,52,"['bitter gourd', 'ribbed gourd', 'elephant foot yam']","[52, 37, 6]"
7.0,15.6,18.9,36.6,23.3,21.0,panivaragu,panivaragu,ragi,79,"['ragi', 'panivaragu', 'thinai']","[79, 20, 0]"
7.3,25.9,89.5,25.4,24.9,27.3,gingely,gingely,gingely,100,"['gingely', 'castor', 'pearl millet']","[100, 0, 0]"
6.2,25.2,58.6,93.2,54.0,53.5,tapoica,tapoica,tapoica,91,"['tapoica', 'wheat', 'rice']","[91, 5, 2]"
7.5,32.5,69.4,82.2,48.4,52.5,cucumber,cucumber,cucumber,67,"['cucumber', 'rice', 'annual moringa']","[67, 30, 1]"
8.9,36.8,17.1,34.4,29.2,29.7,samai,samai,samai,98,"['samai', 'blackgram', 'panivaragu']","[98, 2, 0]"
6.9,25.1,65.0,63.4,50.6,59.1,groundnut,groundnut,groundnut,83,"['groundnut', 'cucumber', 'pumpkin']","[83, 15, 1]"
7.8,22.4,78.1,105.1,58.4,48.5,cotton,cotton,cotton,87,"['cotton', 'cluster bean', 'peas']","[87, 7, 4]"
6.6,22.4,16.9,34.7,26.9,28.0,thinai,thinai,thinai,54,"['thinai', 'ragi', 'panivaragu']","[54, 19, 17]"
6.7,23.1,66.6,74.2,58.4,55.6,small onion,small onion,small onion,70,"['small onion', 'groundnut', 'cucumber']","[70, 26, 1]"
7.1,29.7,85.0,92.9,41.8,55.9,tinda,tinda,cotton,32,"['cotton', 'tinda', 'peas']","[32, 27, 16]"
6.7,21.9,52.5,89.4,49.4,56.1,wheat,wheat,wheat,99,"['wheat', 'rice', 'small onion']","[99, 1, 0]"
7.2,28.3,85.4,89.9,46.9,58.4,peas,peas,cotton,43,"['cotton', 'tinda', 'peas']","[43, 24, 18]"
5.8,21.0,86.3,119.3,44.7,51.0,sweet potato,sweet potato,sweet potato,99,"['sweet potato', 'chowchow', 'vegetable cowpea']","[99, 0, 0]"
6.1,21.9,86.0,62.9,33.4,20.9,soyabean,soyabean,soyabean,72,"['soyabean', 'castor', 'sunflower']","[72, 18, 7]"
6.9,29.0,77.7,117.2,76.9,87.4,tomato,tomato,tomato,62,"['tomato', 'chillies', 'muskmelon']","[62, 27, 6]"
6.1,17.9,88.1,53.9,24.4,39.8,soyabean,soyabean,soyabean,59,"['soyabean', 'pearl millet', 'sunflower']","[59, 40, 0]"
5.6,20.9,75.0,78.5,48.6,44.7,vegetable cowpea,vegetable cowpea,chowchow,42,"['chowchow', 'vegetable cowpea', 'french bean']","[42, 31, 23]"
6.6,24.0,60.0,42.2,38.3,20.7,bengalgram,bengalgram,bengalgram,98,"['bengalgram', 'cowpea', 'horsegram']","[98, 1, 0]"
6.3,22.2,79.0,130.9,79.6,111.4,onion,onion,onion,90,"['onion', 'chillies', 'maize']","[90, 8, 1]"
6.9,27.3,66.1,75.8,43.6,47.2,cucumber,cucumber,cucumber,83,"['cucumber', 'groundnut', 'jute']","[83, 12, 2]"
8.7,30.6,17.8,35.8,24.7,29.5,samai,samai,samai,99,"['samai', 'blackgram', 'ragi']","[99, 1, 0]"
6.1,17.2,61.7,109.4,88.6,91.8,carrot,carrot,carrot,100,"['carrot', 'maize', 'sugarbeet']","[100, 0, 0]"
6.3,19.4,99.9,87.2,42.5,45.8,beetroot,beetroot,beetroot,98,"['beetroot', 'radish', 'cauliflower']","[98, 1, 1]"
7.4,28.6,76.7,88.9,67.7,63.9,ribbed gourd,ribbed gourd,ribbed gourd,92,"['ribbed gourd', 'muskmelon', 'bitter gourd']","[92, 4, 3]"
6.6,22.8,71.9,74.5,29.8,34.8,soyabean,soyabean,soyabean,94,"['soyabean', 'jute', 'redgram']","[94, 4, 1]"
6.7,23.6,51.2,116.3,58.0,54.2,wheat,wheat,wheat,94,"['wheat', 'maize', 'sugarbeet']","[94, 4, 1]"
6.9,26.5,77.3,83.5,59.5,56.6,tinda,tinda,tinda,65,"['tinda', 'annual moringa', 'peas']","[65, 11, 7]"
7.5,33.8,76.0,76.5,56.6,99.2,ribbed gourd,ribbed gourd,ribbed gourd,88,"['ribbed gourd', 'ash gourd', 'muskmelon']","[88, 9, 2]"
5.6,26.7,83.1,77.2,55.9,54.8,vegetable cowpea,vegetable cowpea,vegetable cowpea,47,"['vegetable cowpea', 'elephant foot yam', 'french bean']","[47, 29, 24]"
6.3,16.6,64.7,106.1,66.3,74.4,carrot,carrot,carrot,94,"['carrot', 'sugarbeet', 'maize']","[94, 5, 0]"
5.9,28.7,79.5,99.4,45.8,45.8,vegetable cowpea,vegetable cowpea,vegetable cowpea,77,"['vegetable cowpea', 'elephant foot yam', 'rice']","[77, 12, 7]"
7.7,29.8,81.3,117.0,44.9,51.3,annual moringa,annual moringa,annual moringa,73,"['annual moringa', 'cotton', 'peas']","[73, 25, 2]"
6.2,27.6,80.1,78.3,41.3,49.8,elephant foot yam,elephant foot yam,elephant foot yam,60,"['elephant foot yam', 'tinda', 'jute']","[60, 13, 13]"
7.4,38.4,17.4,33.3,30.5,36.1,blackgram,blackgram,blackgram,100,"['blackgram', 'panivaragu', 'samai']","[100, 0, 0]"
6.7,16.3,98.9,64.7,44.6,44.0,radish,radish,radish,70,"['radish', 'sorghum', 'beetroot']","[70, 19, 8]"
6.9,18.1,98.0,63.8,55.6,47.6,beetroot,beetroot,beetroot,80,"['beetroot', 'sorghum', 'radish']","[80, 18, 2]"
6.6,17.8,69.3,84.1,76.5,87.5,carrot,carrot,carrot,81,"['carrot', 'pumpkin', 'tomato']","[81, 18, 0]"
6.7,27.2,78.3,45.7,40.0,25.1,redgram,redgram,redgram,85,"['redgram', 'horsegram', 'soyabean']","[85, 10, 2]"
6.6,31.7,65.8,39.5,32.9,33.7,greengram,greengram,greengram,90,"['greengram', 'horsegram', 'soyabean']","[90, 10, 0]"
5.6,12.4,78.9,64.8,56.3,46.1,french bean,french bean,french bean,99,"['french bean', 'chowchow', 'vegetable cowpea']","[99, 0, 0]"
5.6,26.0,16.5,30.0,25.6,25.8,varagu,varagu,varagu,76,"['varagu', 'thinai', 'ragi']","[76, 10, 9]"
6.2,21.0,52.2,48.8,30.7,36.6,cowpea,cowpea,cowpea,94,"['cowpea', 'bengalgram', 'kudiraivali']","[94, 3, 2]"
5.9,25.6,60.0,46.5,37.3,37.0,bengalgram,bengalgram,bengalgram,95,"['bengalgram', 'cowpea', 'horsegram']","[95, 4, 1]"
7.5,26.3,84.6,115.2,42.6,41.0,annual moringa,annual moringa,cotton,50,"['cotton', 'annual moringa', 'peas']","[50, 35, 13]"
6.1,19.4,70.7,99.1,48.2,53.1,small onion,small onion,small onion,91,"['small onion', 'peas', 'chowchow']","[91, 3, 3]"
6.2,24.8,99.2,137.7,80.0,89.7,bhendi,bhendi,bhendi,91,"['bhendi', 'cabbage', 'capsicum']","[91, 9, 0]"
6.8,40.3,19.1,39.1,25.6,20.5,panivaragu,panivaragu,panivaragu,92,"['panivaragu', 'blackgram', 'horsegram']","[92, 7, 0]"
6.4,29.1,60.0,57.0,35.4,27.5,bengalgram,bengalgram,bengalgram,90,"['bengalgram', 'horsegram', 'cowpea']","[90, 7, 2]"
6.3,26.0,96.5,125.5,69.2,85.3,bhendi,bhendi,bhendi,88,"['bhendi', 'cabbage', 'capsicum']","[88, 10, 2]"
7.2,32.1,88.4,61.2,38.4,40.6,jute,jute,jute,80,"['jute', 'soyabean', 'pearl millet']","[80, 10, 7]"
6.1,19.0,99.4,86.9,59.8,58.2,beetroot,beetroot,beetroot,96,"['beetroot', 'radish', 'cauliflower']","[96, 3, 1]"
7.3,26.3,84.0,79.9,57.9,97.3,ribbed gourd,ribbed gourd,ribbed gourd,58,"['ribbed gourd', 'watermelon', 'muskmelon']","[58, 20, 12]"
6.3,19.0,82.4,69.2,60.6,77.3,bottle gourd,bottle gourd,bottle gourd,80,"['bottle gourd', 'snake gourd', 'chowchow']","[80, 19, 0]"
6.3,25.8,61.3,88.9,76.7,83.8,ash gourd,ash gourd,ash gourd,60,"['ash gourd', 'pumpkin', 'maize']","[60, 40, 0]"
7.4,24.6,80.1,133.4,76.6,83.2,tomato,tomato,tomato,80,"['tomato', 'sugarbeet', 'maize']","[80, 13, 3]"
6.3,22.0,86.9,75.7,52.4,74.3,snake gourd,snake gourd,snake gourd,98,"['snake gourd', 'bottle gourd', 'bitter gourd']","[98, 2, 0]"
7.3,26.2,84.3,129.1,71.4,105.4,tomato,tomato,tomato,89,"['tomato', 'brinjal', 'chillies']","[89, 7, 2]"
7.4,41.1,17.1,29.5,32.8,27.7,blackgram,blackgram,blackgram,100,"['blackgram', 'panivaragu', 'samai']","[100, 0, 0]"
7.0,20.4,71.2,60.9,46.2,42.5,small onion,small onion,small onion,73,"['small onion', 'cluster bean', 'groundnut']","[73, 21, 4]"
5.8,23.3,52.6,51.3,38.0,35.9,cowpea,cowpea,cowpea,96,"['cowpea', 'bengalgram', 'kudiraivali']","[96, 3, 0]"
6.8,31.8,65.0,77.0,54.9,49.8,groundnut,groundnut,groundnut,59,"['groundnut', 'cucumber', 'rice']","[59, 40, 1]"
6.2,19.1,99.3,125.9,89.7,107.3,cabbage,cabbage,cabbage,99,"['cabbage', 'capsicum', 'bhendi']","[99, 0, 0]"
5.6,20.5,18.1,34.9,24.8,25.5,thinai,thinai,thinai,45,"['thinai', 'ragi', 'panivaragu']","[45, 33, 20]"
6.5,29.9,82.6,36.6,30.4,24.7,gingely,gingely,gingely,97,"['gingely', 'pearl millet', 'redgram']","[97, 1, 1]"
6.6,21.3,55.9,115.5,55.0,50.0,wheat,wheat,wheat,100,"['wheat', 'sugarbeet', 'maize']","[100, 0, 0]"
7.0,32.5,61.5,23.7,36.1,28.5,greengram,greengram,greengram,100,"['greengram', 'horsegram', 'blackgram']","[100, 0, 0]"
5.7,30.9,83.4,60.8,41.1,41.1,elephant foot yam,elephant foot yam,elephant foot yam,80,"['elephant foot yam', 'vegetable cowpea', 'jute']","[80, 12, 6]"
7.7,21.6,87.6,94.1,45.8,49.7,cotton,cotton,cotton,81,"['cotton', 'cluster bean', 'peas']","[81, 11, 7]"
6.4,7.2,93.4,129.6,66.6,80.2,cabbage,cabbage,cabbage,99,"['cabbage', 'capsicum', 'cauliflower']","[99, 1, 0]"
6.6,25.5,98.8,86.5,42.8,54.2,cauliflower,cauliflower,cauliflower,99,"['cauliflower', 'sorghum', 'sweet potato']","[99, 1, 0]"
7.2,17.0,94.1,75.2,47.2,46.1,sorghum,sorghum,sorghum,98,"['sorghum', 'beetroot', 'radish']","[98, 1, 1]"
6.5,39.3,60.7,95.9,58.3,41.1,rice,rice,rice,91,"['rice', 'cucumber', 'groundnut']","[91, 7, 1]"
7.5,21.2,72.4,83.5,56.4,50.6,rice,rice,cotton,45,"['cotton', 'cluster bean', 'rice']","[45, 21, 20]"
6.1,22.0,94.6,107.8,59.8,98.6,capsicum,capsicum,capsicum,60,"['capsicum', 'cabbage', 'bhendi']","[60, 27, 10]"
6.3,31.2,84.8,21.6,20.2,26.3,gingely,gingely,gingely,100,"['gingely', 'pearl millet', 'soyabean']","[100, 0, 0]"
6.1,13.7,93.0,42.4,29.5,26.5,pearl millet,pearl millet,pearl millet,98,"['pearl millet', 'soyabean', 'castor']","[98, 2, 0]"
6.4,25.0,90.0,112.2,63.9,103.4,brinjal,brinjal,brinjal,61,"['brinjal', 'capsicum', 'bhendi']","[61, 24, 7]"
6.2,22.7,90.0,88.0,68.1,60.4,snake gourd,snake gourd,snake gourd,94,"['snake gourd', 'sweet potato', 'bottle gourd']","[94, 3, 1]"
5.8,24.9,60.0,59.5,25.4,34.3,bengalgram,bengalgram,bengalgram,97,"['bengalgram', 'cowpea', 'horsegram']","[97, 3, 0]"
5.5,27.9,52.6,51.9,23.5,25.9,cowpea,cowpea,cowpea,96,"['cowpea', 'bengalgram', 'horsegram']","[96, 3, 1]"
7.1,15.2,70.8,149.6,73.7,65.6,sugarbeet,sugarbeet,sugarbeet,99,"['sugarbeet', 'maize', 'carrot']","[99, 1, 0]"
6.3,17.3,93.3,118.1,95.7,110.9,cabbage,cabbage,cabbage,98,"['cabbage', 'capsicum', 'brinjal']","[98, 2, 0]"
6.6,26.1,54.9,67.3,57.6,56.1,tapoica,tapoica,tapoica,98,"['tapoica', 'cucumber', 'ash gourd']","[98, 1, 0]"
7.2,26.2,81.2,143.9,63.8,96.5,tomato,tomato,tomato,93,"['tomato', 'chillies', 'maize']","[93, 4, 1]"
6.2,21.3,60.0,46.3,37.7,20.5,bengalgram,bengalgram,bengalgram,97,"['bengalgram', 'cowpea', 'soyabean']","[97, 3, 0]"
5.6,14.8,99.1,71.1,54.2,53.6,radish,radish,radish,99,"['radish', 'sorghum', 'beetroot']","[99, 0, 0]"
7.2,24.0,90.0,117.6,63.8,99.5,brinjal,brinjal,brinjal,94,"['brinjal', 'capsicum', 'tomato']","[94, 5, 1]"
7.0,24.4,78.8,43.6,33.2,31.6,redgram,redgram,redgram,93,"['redgram', 'sunflower', 'soyabean']","[93, 2, 1]"
5.8,25.6,84.5,88.7,51.0,56.2,vegetable cowpea,vegetable cowpea,vegetable cowpea,48,"['vegetable cowpea', 'french bean', 'elephant foot yam']","[48, 21, 20]"
5.5,21.2,78.4,72.9,59.1,46.0,chowchow,chowchow,chowchow,41,"['chowchow', 'french bean', 'vegetable cowpea']","[41, 37, 22]"
7.9,21.6,82.0,79.0,55.2,50.0,cluster bean,cluster bean,cluster bean,97,"['cluster bean', 'cotton', 'peas']","[97, 2, 0]"
6.8,22.2,82.0,113.4,55.8,119.4,tomato,tomato,tomato,69,"['tomato', 'chillies', 'onion']","[69, 16, 13]"
6.5,29.1,60.0,58.1,22.8,24.3,bengalgram,bengalgram,bengalgram,92,"['bengalgram', 'horsegram', 'cowpea']","[92, 7, 1]"
6.5,26.4,84.9,62.4,45.1,42.7,elephant foot yam,elephant foot yam,elephant foot yam,43,"['elephant foot yam', 'jute', 'tinda']","[43, 23, 23]"
6.6,29.9,75.2,116.8,68.1,119.7,tomato,tomato,chillies,77,"['chillies', 'tomato', 'ash gourd']","[77, 20, 2]"
6.6,33.3,83.7,76.6,50.7,89.9,ribbed gourd,ribbed gourd,ribbed gourd,90,"['ribbed gourd', 'bitter gourd', 'muskmelon']","[90, 5, 4]"
7.2,29.8,63.9,67.7,45.6,43.8,cucumber,cucumber,cucumber,96,"['cucumber', 'groundnut', 'rice']","[96, 2, 0]"
8.1,24.0,90.2,63.2,38.1,30.5,castor,castor,castor,70,"['castor', 'sunflower', 'pearl millet']","[70, 30, 0]"
5.8,26.5,81.7,97.7,52.4,53.8,french bean,french bean,vegetable cowpea,53,"['vegetable cowpea', 'elephant foot yam', 'french bean']","[53, 24, 20]"
6.1,18.2,66.6,110.5,66.0,89.2,carrot,carrot,carrot,94,"['carrot', 'sugarbeet', 'pumpkin']","[94, 3, 2]"
6.8,22.4,80.1,53.1,23.0,34.3,castor,castor,redgram,79,"['redgram', 'sunflower', 'soyabean']","[79, 10, 7]"
6.7,28.2,52.2,83.1,40.0,52.5,tapoica,tapoica,tapoica,98,"['tapoica', 'cucumber', 'rice']","[98, 1, 0]"
6.1,21.6,56.6,93.4,44.1,47.7,wheat,wheat,wheat,98,"['wheat', 'rice', 'small onion']","[98, 1, 0]"
6.7,29.7,83.6,119.9,48.9,48.9,annual moringa,annual moringa,annual moringa,75,"['annual moringa', 'peas', 'cotton']","[75, 16, 4]"
7.9,25.8,75.8,83.2,50.4,51.2,annual moringa,annual moringa,cotton,47,"['cotton', 'annual moringa', 'rice']","[47, 24, 13]"
6.8,28.4,79.8,66.4,48.1,48.9,tinda,tinda,tinda,86,"['tinda', 'elephant foot yam', 'jute']","[86, 8, 4]"
6.7,22.0,89.4,81.6,45.1,77.8,snake gourd,snake gourd,snake gourd,97,"['snake gourd', 'bottle gourd', 'sweet potato']","[97, 1, 1]"
6.2,12.3,98.8,139.2,81.0,92.7,cabbage,cabbage,cabbage,100,"['cabbage', 'capsicum', 'brinjal']","[100, 0, 0]"
6.0,28.2,87.7,30.2,25.3,33.4,gingely,gingely,gingely,100,"['gingely', 'pearl millet', 'soyabean']","[100, 0, 0]"
6.4,22.6,69.8,63.9,56.7,84.7,pumpkin,pumpkin,pumpkin,88,"['pumpkin', 'ash gourd', 'bottle gourd']","[88, 9, 2]"
6.4,30.4,79.5,64.6,28.1,29.7,soyabean,soyabean,soyabean,86,"['soyabean', 'horsegram', 'jute']","[86, 6, 5]"
6.9,27.2,79.9,94.6,54.9,93.2,bitter gourd,bitter gourd,muskmelon,40,"['muskmelon', 'bitter gourd', 'ribbed gourd']","[40, 24, 22]"
6.8,26.2,99.7,144.2,84.0,115.2,bhendi,bhendi,bhendi,96,"['bhendi', 'cabbage', 'capsicum']","[96, 3, 1]"
6.1,25.7,98.6,109.5,85.6,107.6,bhendi,bhendi,bhendi,91,"['bhendi', 'cabbage', 'capsicum']","[91, 9, 0]"
6.6,28.8,64.5,51.4,22.8,22.9,horsegram,horsegram,horsegram,48,"['horsegram', 'bengalgram', 'greengram']","[48, 47, 2]"
8.0,21.0,79.1,61.9,46.0,45.5,cluster bean,cluster bean,cluster bean,99,"['cluster bean', 'cotton', 'rice']","[99, 0, 0]"
6.7,26.1,81.3,91.7,46.1,42.3,tinda,tinda,tinda,51,"['tinda', 'elephant foot yam', 'annual moringa']","[51, 18, 12]"
7.4,32.1,75.8,82.7,49.0,44.7,jute,jute,annual moringa,55,"['annual moringa', 'jute', 'rice']","[55, 23, 12]"
7.2,12.5,76.4,118.2,55.3,54.3,peas,peas,peas,100,"['peas', 'sugarbeet', 'cotton']","[100, 0, 0]"
6.3,24.8,84.9,107.8,58.6,91.9,onion,onion,watermelon,29,"['watermelon', 'onion', 'brinjal']","[29, 25, 20]"
6.7,26.1,75.7,91.2,47.5,83.2,watermelon,watermelon,watermelon,54,"['watermelon', 'muskmelon', 'ribbed gourd']","[54, 20, 12]"
6.1,22.5,81.7,124.8,58.2,105.4,onion,onion,onion,89,"['onion', 'chillies', 'tomato']","[89, 10, 1]"
5.7,21.9,77.9,92.3,48.6,49.5,vegetable cowpea,vegetable cowpea,vegetable cowpea,46,"['vegetable cowpea', 'chowchow', 'french bean']","[46, 26, 23]"
6.6,26.5,77.9,54.9,32.1,33.9,redgram,redgram,redgram,83,"['redgram', 'soyabean', 'horsegram']","[83, 8, 8]"
5.6,12.5,98.7,75.2,51.8,57.2,radish,radish,radish,100,"['radish', 'sorghum', 'beetroot']","[100, 0, 0]"
6.6,14.3,98.7,78.5,45.9,41.6,radish,radish,radish,90,"['radish', 'cauliflower', 'sorghum']","[90, 6, 3]"
5.8,20.4,79.8,87.4,45.4,48.9,vegetable cowpea,vegetable cowpea,chowchow,55,"['chowchow', 'vegetable cowpea', 'french bean']","[55, 22, 21]"
6.5,24.2,18.5,31.3,27.3,20.8,thinai,thinai,thinai,62,"['thinai', 'panivaragu', 'ragi']","[62, 15, 14]"
6.8,24.6,88.5,59.3,36.8,34.3,pearl millet,pearl millet,sunflower,38,"['sunflower', 'castor', 'soyabean']","[38, 26, 21]"
7.2,30.0,76.6,78.8,49.0,96.9,ribbed gourd,ribbed gourd,ribbed gourd,90,"['ribbed gourd', 'muskmelon', 'bitter gourd']","[90, 8, 1]"
7.5,26.3,62.6,94.6,45.5,43.4,cucumber,cucumber,cucumber,70,"['cucumber', 'rice', 'cotton']","[70, 27, 1]"
6.7,18.1,71.6,69.8,54.9,56.2,small onion,small onion,small onion,96,"['small onion', 'groundnut', 'chowchow']","[96, 3, 0]"
7.1,28.2,82.8,102.5,74.1,94.5,tomato,tomato,tomato,74,"['tomato', 'ribbed gourd', 'muskmelon']","[74, 9, 7]"
6.8,28.0,95.0,123.0,74.6,119.8,capsicum,capsicum,capsicum,81,"['capsicum', 'bhendi', 'brinjal']","[81, 10, 8]"
5.6,25.5,78.0,95.8,51.5,41.5,vegetable cowpea,vegetable cowpea,vegetable cowpea,56,"['vegetable cowpea', 'french bean', 'rice']","[56, 29, 9]"
7.1,30.2,80.8,76.8,49.7,93.0,ribbed gourd,ribbed gourd,ribbed gourd,94,"['ribbed gourd', 'muskmelon', 'bitter gourd']","[94, 4, 2]"
5.6,21.7,83.6,84.1,47.5,44.2,french bean,french bean,vegetable cowpea,29,"['vegetable cowpea', 'chowchow', 'french bean']","[29, 27, 26]"
5.8,27.0,60.0,42.8,22.0,23.8,bengalgram,bengalgram,bengalgram,95,"['bengalgram', 'cowpea', 'horsegram']","[95, 3, 1]"
6.1,20.0,17.3,43.3,34.9,27.5,kudiraivali,kudiraivali,kudiraivali,99,"['kudiraivali', 'thinai', 'ragi']","[99, 0, 0]"
5.7,20.9,78.3,69.4,52.6,54.3,chowchow,chowchow,chowchow,46,"['chowchow', 'vegetable cowpea', 'french bean']","[46, 32, 21]"
6.8,28.3,65.0,50.6,40.3,42.8,groundnut,groundnut,groundnut,82,"['groundnut', 'bengalgram', 'horsegram']","[82, 7, 6]"
5.7,25.1,17.3,34.4,26.6,24.3,varagu,varagu,varagu,73,"['varagu', 'thinai', 'ragi']","[73, 14, 7]"
6.1,24.4,76.6,85.7,59.9,99.9,bottle gourd,bottle gourd,bottle gourd,49,"['bottle gourd', 'watermelon', 'chillies']","[49, 26, 13]"
7.1,26.9,83.7,57.0,31.8,38.1,pearl millet,pearl millet,pearl millet,35,"['pearl millet', 'redgram', 'castor']","[35, 29, 14]"
7.1,35.3,81.4,47.9,25.7,37.7,pearl millet,pearl millet,pearl millet,71,"['pearl millet', 'horsegram', 'gingely']","[71, 27, 1]"
6.1,18.7,85.8,94.5,49.9,65.6,snake gourd,snake gourd,snake gourd,97,"['snake gourd', 'bottle gourd', 'chowchow']","[97, 3, 0]"
6.2,26.1,72.8,81.6,71.9,83.3,ash gourd,ash gourd,ash gourd,54,"['ash gourd', 'bottle gourd', 'pumpkin']","[54, 15, 13]"
5.9,22.0,76.1,65.2,43.2,51.6,french bean,french bean,vegetable cowpea,44,"['vegetable cowpea', 'chowchow', 'french bean']","[44, 31, 23]"
6.9,30.7,66.3,73.3,57.1,52.9,cucumber,cucumber,cucumber,86,"['cucumber', 'groundnut', 'rice']","[86, 13, 1]"
6.1,25.4,93.1,105.5,69.1,99.2,capsicum,capsicum,bhendi,39,"['bhendi', 'capsicum', 'cabbage']","[39, 32, 27]"
6.0,20.8,63.5,177.6,60.6,84.3,maize,maize,maize,100,"['maize', 'sugarbeet', 'carrot']","[100, 0, 0]"
6.3,21.8,77.3,131.7,70.2,87.3,onion,onion,onion,76,"['onion', 'maize', 'chillies']","[76, 10, 7]"
6.0,14.0,97.2,72.7,51.8,41.4,radish,radish,radish,98,"['radish', 'sorghum', 'beetroot']","[98, 1, 0]"
5.5,21.4,75.4,79.0,47.3,52.8,chowchow,chowchow,chowchow,44,"['chowchow', 'french bean', 'vegetable cowpea']","[44, 32, 23]"
6.1,24.9,95.2,131.6,61.9,101.5,bhendi,bhendi,bhendi,80,"['bhendi', 'cabbage', 'capsicum']","[80, 12, 7]"
6.2,18.1,62.3,92.3,75.8,64.9,pumpkin,pumpkin,carrot,88,"['carrot', 'pumpkin', 'sugarbeet']","[88, 12, 0]"
6.2,17.6,85.0,60.4,20.8,35.3,soyabean,soyabean,soyabean,93,"['soyabean', 'pearl millet', 'castor']","[93, 6, 0]"
6.5,20.5,76.5,127.6,50.6,113.1,onion,onion,onion,73,"['onion', 'tomato', 'chillies']","[73, 22, 4]"
6.7,26.9,96.0,118.4,80.2,80.8,bhendi,bhendi,bhendi,94,"['bhendi', 'cabbage', 'capsicum']","[94, 3, 2]"
7.0,28.0,77.9,115.0,54.2,51.7,annual moringa,annual moringa,annual moringa,57,"['annual moringa', 'peas', 'cotton']","[57, 21, 17]"
6.1,16.6,90.3,122.7,73.7,119.9,cabbage,cabbage,cabbage,67,"['cabbage', 'capsicum', 'brinjal']","[67, 32, 1]"
7.5,20.9,82.5,70.8,35.7,22.1,sunflower,sunflower,sunflower,94,"['sunflower', 'castor', 'soyabean']","[94, 4, 1]"
6.5,24.9,96.7,146.1,73.3,108.4,bhendi,bhendi,bhendi,91,"['bhendi', 'cabbage', 'capsicum']","[91, 6, 3]"
6.4,12.3,19.0,30.5,25.0,29.3,panivaragu,panivaragu,ragi,58,"['ragi', 'panivaragu', 'thinai']","[58, 41, 0]"
6.4,26.8,15.6,34.5,26.1,29.1,varagu,varagu,varagu,76,"['varagu', 'thinai', 'panivaragu']","[76, 14, 5]"
6.5,21.5,65.0,76.3,54.9,42.0,groundnut,groundnut,groundnut,69,"['groundnut', 'small onion', 'rice']","[69, 28, 2]"
7.7,23.1,75.7,67.1,53.1,49.3,cluster bean,cluster bean,cluster bean,99,"['cluster bean', 'cotton', 'rice']","[99, 0, 0]"
6.4,24.1,75.5,104.7,73.1,95.4,onion,onion,onion,48,"['onion', 'chillies', 'tomato']","[48, 39, 7]"
7.0,26.6,77.9,105.9,42.6,107.6,tomato,tomato,tomato,60,"['tomato', 'watermelon', 'chillies']","[60, 15, 14]"
7.9,21.6,77.3,116.4,76.7,65.0,sugarbeet,sugarbeet,sugarbeet,98,"['sugarbeet', 'tomato', 'cotton']","[98, 1, 0]"
6.4,27.7,83.4,148.1,65.4,89.2,chillies,chillies,chillies,92,"['chillies', 'tomato', 'maize']","[92, 3, 2]"
6.8,23.6,77.6,149.5,47.7,86.3,chillies,chillies,tomato,56,"['tomato', 'chillies', 'onion']","[56, 34, 7]"
8.3,21.9,82.7,95.2,48.7,54.7,cluster bean,cluster bean,cluster bean,92,"['cluster bean', 'cotton', 'rice']","[92, 8, 0]"
6.9,25.3,84.3,165.0,86.7,67.3,maize,maize,maize,99,"['maize', 'sugarbeet', 'tomato']","[99, 0, 0]"
7.0,37.6,71.7,44.6,23.7,24.9,horsegram,horsegram,horsegram,99,"['horsegram', 'greengram', 'soyabean']","[99, 1, 0]"
5.2,21.6,50.1,55.8,34.8,32.1,cowpea,cowpea,cowpea,98,"['cowpea', 'kudiraivali', 'bengalgram']","[98, 1, 1]"
6.0,21.9,77.3,138.6,70.6,99.8,onion,onion,onion,94,"['onion', 'maize', 'chillies']","[94, 3, 3]"
6.3,32.4,86.9,25.0,32.7,38.1,gingely,gingely,gingely,100,"['gingely', 'pearl millet', 'soyabean']","[100, 0, 0]"
7.0,34.4,62.8,67.6,55.0,40.2,cucumber,cucumber,cucumber,87,"['cucumber', 'groundnut', 'jute']","[87, 11, 1]"
6.0,27.0,57.8,73.1,57.4,47.5,tapoica,tapoica,tapoica,100,"['tapoica', 'ash gourd', 'cucumber']","[100, 0, 0]"
6.3,13.0,99.9,73.9,54.9,52.1,radish,radish,radish,97,"['radish', 'sorghum', 'beetroot']","[97, 2, 1]"
6.6,39.9,19.1,38.4,21.4,26.0,panivaragu,panivaragu,panivaragu,95,"['panivaragu', 'blackgram', 'thinai']","[95, 5, 0]"
6.7,22.9,83.9,82.6,58.2,77.1,bottle gourd,bottle gourd,bottle gourd,70,"['bottle gourd', 'snake gourd', 'watermelon']","[70, 14, 9]"
7.1,14.7,15.9,39.3,25.1,27.0,ragi,ragi,ragi,95,"['ragi', 'panivaragu', 'blackgram']","[95, 5, 0]"
7.0,20.8,88.5,47.3,31.7,28.5,sunflower,sunflower,sunflower,73,"['sunflower', 'pearl millet', 'castor']","[73, 20, 3]"
6.9,29.1,17.4,39.7,25.0,25.5,panivaragu,panivaragu,thinai,38,"['thinai', 'panivaragu', 'blackgram']","[38, 26, 23]"
5.8,24.8,60.0,56.6,23.7,21.4,bengalgram,bengalgram,bengalgram,97,"['bengalgram', 'cowpea', 'horsegram']","[97, 2, 0]"
5.9,20.3,18.0,33.6,26.8,28.4,thinai,thinai,thinai,42,"['thinai', 'ragi', 'panivaragu']","[42, 34, 20]"
6.5,27.7,90.0,109.3,73.5,94.2,brinjal,brinjal,brinjal,73,"['brinjal', 'capsicum', 'bitter gourd']","[73, 25, 1]"
6.6,24.5,70.8,83.4,52.0,48.8,peas,peas,small onion,67,"['small onion', 'rice', 'peas']","[67, 17, 6]"
6.7,18.5,87.7,87.6,54.2,61.7,snake gourd,snake gourd,snake gourd,89,"['snake gourd', 'peas', 'bottle gourd']","[89, 5, 2]"
5.7,26.7,15.8,37.8,24.7,27.9,thinai,thinai,varagu,76,"['varagu', 'thinai', 'ragi']","[76, 14, 6]"
6.7,26.3,69.8,95.0,55.5,82.6,pumpkin,pumpkin,ash gourd,46,"['ash gourd', 'pumpkin', 'muskmelon']","[46, 45, 4]"
6.0,17.6,61.7,107.0,77.7,94.3,carrot,carrot,carrot,99,"['carrot', 'sugarbeet', 'pumpkin']","[99, 0, 0]"
7.4,26.9,74.8,197.2,90.6,145.0,sugarcane,sugarcane,sugarcane,100,"['sugarcane', 'tomato', 'maize']","[100, 0, 0]"
5.9,34.8,84.0,69.3,56.6,58.2,elephant foot yam,elephant foot yam,elephant foot yam,97,"['elephant foot yam', 'vegetable cowpea', 'jute']","[97, 2, 0]"
7.2,33.0,83.8,85.0,59.2,88.3,muskmelon,muskmelon,ribbed gourd,50,"['ribbed gourd', 'muskmelon', 'bitter gourd']","[50, 49, 0]"
6.2,22.9,61.4,88.0,79.9,85.7,pumpkin,pumpkin,pumpkin,86,"['pumpkin', 'ash gourd', 'carrot']","[86, 12, 1]"
6.8,22.6,85.5,62.4,27.2,20.6,soyabean,soyabean,sunflower,64,"['sunflower', 'soyabean', 'castor']","[64, 18, 17]"
5.7,20.0,15.2,53.2,31.5,39.7,kudiraivali,kudiraivali,kudiraivali,100,"['kudiraivali', 'cowpea', 'thinai']","[100, 0, 0]"
6.1,26.1,82.4,79.3,51.8,94.1,bottle gourd,bottle gourd,bottle gourd,68,"['bottle gourd', 'watermelon', 'bitter gourd']","[68, 10, 10]"
7.8,22.6,75.9,105.4,67.8,71.0,sugarbeet,sugarbeet,sugarbeet,98,"['sugarbeet', 'tomato', 'cotton']","[98, 2, 0]"
7.2,26.2,80.8,101.0,57.9,55.5,peas,peas,cotton,37,"['cotton', 'annual moringa', 'peas']","[37, 35, 12]"
6.6,22.7,51.8,88.9,41.7,50.5,wheat,wheat,wheat,99,"['wheat', 'rice', 'tapoica']","[99, 0, 0]"
6.8,25.2,50.8,90.8,42.2,41.1,tapoica,tapoica,tapoica,92,"['tapoica', 'wheat', 'cucumber']","[92, 6, 1]"
7.5,24.3,87.2,53.1,30.0,21.8,castor,castor,sunflower,60,"['sunflower', 'castor', 'pearl millet']","[60, 33, 6]"
7.0,34.4,17.2,22.2,25.2,29.6,blackgram,blackgram,blackgram,98,"['blackgram', 'panivaragu', 'thinai']","[98, 2, 0]"
7.9,24.6,77.5,124.9,77.9,79.3,sugarbeet,sugarbeet,sugarbeet,90,"['sugarbeet', 'tomato', 'sugarcane']","[90, 7, 1]"
6.7,21.1,95.7,117.1,55.5,57.7,cauliflower,cauliflower,cauliflower,99,"['cauliflower', 'beetroot', 'sweet potato']","[99, 0, 0]"
6.5,29.5,66.7,48.2,24.9,33.0,horsegram,horsegram,horsegram,81,"['horsegram', 'bengalgram', 'greengram']","[81, 13, 4]"
6.9,28.9,60.6,61.3,44.8,51.6,cucumber,cucumber,cucumber,83,"['cucumber', 'groundnut', 'tapoica']","[83, 8, 8]"
5.7,20.9,77.5,81.0,47.0,53.8,vegetable cowpea,vegetable cowpea,chowchow,46,"['chowchow', 'vegetable cowpea', 'french bean']","[46, 32, 20]"
6.5,27.7,17.5,39.0,32.9,36.3,blackgram,blackgram,blackgram,89,"['blackgram', 'thinai', 'panivaragu']","[89, 6, 3]"
6.2,20.9,60.0,55.7,35.8,30.7,bengalgram,bengalgram,bengalgram,97,"['bengalgram', 'cowpea', 'soyabean']","[97, 2, 0]"
8.9,29.5,16.3,33.9,24.5,24.2,samai,samai,samai,100,"['samai', 'ragi', 'blackgram']","[100, 0, 0]"
5.5,22.1,50.5,32.0,23.0,33.8,cowpea,cowpea,cowpea,96,"['cowpea', 'thinai', 'ragi']","[96, 2, 1]"
6.9,29.7,83.1,99.9,71.5,63.6,bitter gourd,bitter gourd,bitter gourd,49,"['bitter gourd', 'ribbed gourd', 'muskmelon']","[49, 40, 7]"
6.3,23.2,74.8,111.5,65.7,74.4,sugarbeet,sugarbeet,sugarbeet,70,"['sugarbeet', 'maize', 'onion']","[70, 9, 8]"
6.0,33.4,94.7,79.7,44.5,54.2,sorghum,sorghum,sorghum,97,"['sorghum', 'jute', 'elephant foot yam']","[97, 2, 1]"
7.8,34.3,78.4,104.9,55.1,41.1,annual moringa,annual moringa,annual moringa,94,"['annual moringa', 'jute', 'rice']","[94, 2, 2]"
6.1,26.5,79.0,77.4,62.9,60.7,bottle gourd,bottle gourd,bottle gourd,76,"['bottle gourd', 'bitter gourd', 'ribbed gourd']","[76, 11, 5]"
6.8,24.9,94.2,41.3,30.6,35.3,sunflower,sunflower,castor,45,"['castor', 'sunflower', 'pearl millet']","[45, 30, 20]"
7.4,27.6,71.0,88.3,32.8,34.8,jute,jute,jute,98,"['jute', 'cucumber', 'cotton']","[98, 0, 0]"
5.6,20.2,79.7,98.0,50.4,48.3,vegetable cowpea,vegetable cowpea,chowchow,54,"['chowchow', 'french bean', 'vegetable cowpea']","[54, 24, 16]"
6.6,19.9,79.6,107.5,77.5,63.8,sugarbeet,sugarbeet,sugarbeet,87,"['sugarbeet', 'tomato', 'maize']","[87, 6, 4]"
6.2,18.1,87.6,73.3,67.4,66.5,snake gourd,snake gourd,snake gourd,99,"['snake gourd', 'bottle gourd', 'bitter gourd']","[99, 1, 0]"
6.3,24.7,98.1,133.2,93.7,112.4,bhendi,bhendi,bhendi,87,"['bhendi', 'cabbage', 'capsicum']","[87, 12, 0]"
7.0,22.9,82.6,125.5,80.6,77.8,maize,maize,maize,57,"['maize', 'sugarbeet', 'tomato']","[57, 20, 18]"
6.9,28.5,70.5,55.1,21.5,28.8,horsegram,horsegram,horsegram,72,"['horsegram', 'soyabean', 'redgram']","[72, 21, 4]"
6.6,21.4,88.0,91.3,71.3,98.2,snake gourd,snake gourd,snake gourd,94,"['snake gourd', 'brinjal', 'bottle gourd']","[94, 2, 2]"
8.3,21.6,80.2,60.2,58.5,42.0,cluster bean,cluster bean,cluster bean,100,"['cluster bean', 'cotton', 'sunflower']","[100, 0, 0]"
6.2,8.2,99.9,110.1,66.9,90.5,cabbage,cabbage,cabbage,100,"['cabbage', 'capsicum', 'cauliflower']","[100, 0, 0]"
6.9,29.7,83.3,83.1,65.4,69.7,bitter gourd,bitter gourd,bitter gourd,55,"['bitter gourd', 'ribbed gourd', 'muskmelon']","[55, 42, 2]"
5.8,22.3,18.7,30.4,25.1,27.1,thinai,thinai,thinai,53,"['thinai', 'ragi', 'panivaragu']","[53, 25, 18]"
6.5,28.1,19.8,33.9,27.9,21.7,thinai,thinai,thinai,53,"['thinai', 'panivaragu', 'varagu']","[53, 26, 15]"
6.4,28.9,81.9,57.9,34.2,35.4,pearl millet,pearl millet,soyabean,44,"['soyabean', 'pearl millet', 'redgram']","[44, 26, 15]"
5.6,20.0,15.4,46.3,29.1,26.6,kudiraivali,kudiraivali,kudiraivali,99,"['kudiraivali', 'ragi', 'thinai']","[99, 1, 0]"
6.7,27.6,83.5,95.5,59.4,94.2,muskmelon,muskmelon,bitter gourd,44,"['bitter gourd', 'muskmelon', 'ribbed gourd']","[44, 25, 19]"
7.2,27.0,80.3,90.2,58.9,91.4,muskmelon,muskmelon,muskmelon,38,"['muskmelon', 'ribbed gourd', 'watermelon']","[38, 36, 20]"
6.9,20.7,99.8,61.9,59.0,45.6,beetroot,beetroot,beetroot,90,"['beetroot', 'sorghum', 'radish']","[90, 10, 0]"
6.6,30.4,67.0,70.9,48.1,43.2,cucumber,cucumber,cucumber,77,"['cucumber', 'groundnut', 'jute']","[77, 18, 3]"
5.4,21.8,53.6,53.2,37.4,30.3,cowpea,cowpea,cowpea,99,"['cowpea', 'bengalgram', 'kudiraivali']","[99, 1, 0]"
6.0,27.6,82.7,89.8,42.6,52.3,elephant foot yam,elephant foot yam,elephant foot yam,57,"['elephant foot yam', 'vegetable cowpea', 'french bean']","[57, 35, 3]"
7.5,28.8,66.1,92.5,44.7,43.1,rice,rice,cucumber,70,"['cucumber', 'rice', 'cotton']","[70, 21, 5]"
7.5,22.6,90.9,59.6,33.7,35.5,sunflower,sunflower,sunflower,73,"['sunflower', 'castor', 'pearl millet']","[73, 24, 3]"
7.2,29.0,82.0,93.4,62.0,88.3,ribbed gourd,ribbed gourd,ribbed gourd,76,"['ribbed gourd', 'muskmelon', 'bitter gourd']","[76, 14, 8]"
5.9,21.6,82.9,122.5,70.1,76.6,maize,maize,maize,54,"['maize', 'onion', 'brinjal']","[54, 32, 5]"
6.0,23.2,84.8,94.1,53.2,80.3,bottle gourd,bottle gourd,bottle gourd,57,"['bottle gourd', 'snake gourd', 'watermelon']","[57, 35, 4]"
6.9,18.1,78.8,48.3,33.6,39.3,redgram,redgram,redgram,92,"['redgram', 'soyabean', 'pearl millet']","[92, 4, 3]"
6.3,31.2,61.6,43.5,31.8,31.5,horsegram,horsegram,horsegram,77,"['horsegram', 'bengalgram', 'greengram']","[77, 19, 3]"
6.6,20.0,17.7,50.6,21.9,38.0,kudiraivali,kudiraivali,kudiraivali,99,"['kudiraivali', 'blackgram', 'thinai']","[99, 0, 0]"
5.2,23.2,52.4,59.8,37.5,23.1,cowpea,cowpea,cowpea,99,"['cowpea', 'bengalgram', 'ragi']","[99, 1, 0]"
6.6,26.0,66.3,36.9,39.6,29.7,greengram,greengram,greengram,98,"['greengram', 'horsegram', 'bengalgram']","[98, 1, 0]"
7.6,24.7,17.5,21.7,32.2,38.6,blackgram,blackgram,blackgram,100,"['blackgram', 'ragi', 'thinai']","[100, 0, 0]"
6.7,22.0,65.5,79.6,46.9,59.2,small onion,small onion,small onion,68,"['small onion', 'groundnut', 'pumpkin']","[68, 19, 8]"
6.6,22.0,77.1,44.0,36.9,38.9,redgram,redgram,redgram,96,"['redgram', 'soyabean', 'sunflower']","[96, 2, 1]"
7.8,31.9,80.8,33.9,27.7,37.7,gingely,gingely,gingely,99,"['gingely', 'pearl millet', 'greengram']","[99, 0, 0]"
5.6,20.0,19.0,58.7,34.3,22.9,kudiraivali,kudiraivali,kudiraivali,99,"['kudiraivali', 'cowpea', 'ragi']","[99, 0, 0]"
5.7,27.0,80.0,95.0,42.9,45.1,vegetable cowpea,vegetable cowpea,vegetable cowpea,72,"['vegetable cowpea', 'elephant foot yam', 'french bean']","[72, 12, 12]"
6.6,21.9,55.7,97.4,51.0,53.6,wheat,wheat,wheat,99,"['wheat', 'rice', 'small onion']","[99, 1, 0]"
6.2,24.1,81.0,114.7,53.5,108.7,onion,onion,onion,59,"['onion', 'chillies', 'watermelon']","[59, 35, 4]"
6.4,18.8,98.5,60.4,42.0,42.4,beetroot,beetroot,beetroot,93,"['beetroot', 'sorghum', 'radish']","[93, 5, 2]"
6.1,9.4,95.0,136.7,74.7,111.0,cabbage,cabbage,cabbage,99,"['cabbage', 'capsicum', 'brinjal']","[99, 1, 0]"
6.0,20.0,17.7,45.6,20.9,28.2,kudiraivali,kudiraivali,kudiraivali,98,"['kudiraivali', 'thinai', 'ragi']","[98, 1, 1]"
6.7,28.1,91.0,93.1,51.3,88.8,bitter gourd,bitter gourd,bitter gourd,91,"['bitter gourd', 'snake gourd', 'capsicum']","[91, 6, 2]"
7.4,18.4,75.6,109.6,64.7,76.3,sugarbeet,sugarbeet,sugarbeet,91,"['sugarbeet', 'tomato', 'maize']","[91, 9, 0]"
7.5,27.1,78.8,82.4,40.1,40.8,tinda,tinda,tinda,34,"['tinda', 'jute', 'annual moringa']","[34, 24, 19]"
6.6,29.5,81.3,83.6,58.3,40.3,tinda,tinda,tinda,46,"['tinda', 'elephant foot yam', 'annual moringa']","[46, 26, 15]"
6.6,20.8,98.7,91.5,55.8,42.7,cauliflower,cauliflower,beetroot,72,"['beetroot', 'cauliflower', 'radish']","[72, 27, 0]"
6.1,13.1,97.4,91.3,43.6,56.6,radish,radish,radish,98,"['radish', 'cauliflower', 'beetroot']","[98, 2, 0]"
7.0,29.7,83.0,137.1,41.6,119.9,tomato,tomato,tomato,77,"['tomato', 'chillies', 'muskmelon']","[77, 21, 2]"
6.7,29.1,86.6,30.1,30.4,37.3,gingely,gingely,gingely,100,"['gingely', 'pearl millet', 'soyabean']","[100, 0, 0]"
6.7,18.6,99.4,83.7,48.6,54.3,beetroot,beetroot,beetroot,87,"['beetroot', 'cauliflower', 'radish']","[87, 11, 2]"
5.3,25.5,86.0,66.6,39.1,23.5,castor,castor,castor,98,"['castor', 'pearl millet', 'soyabean']","[98, 1, 1]"
7.7,25.5,76.3,82.4,48.5,51.7,cotton,cotton,cotton,39,"['cotton', 'annual moringa', 'cluster bean']","[39, 28, 14]"
6.5,29.2,64.3,25.8,34.5,28.7,greengram,greengram,greengram,99,"['greengram', 'cowpea', 'bengalgram']","[99, 1, 0]"
6.3,24.2,77.3,103.1,41.6,107.6,chillies,chillies,onion,54,"['onion', 'chillies', 'watermelon']","[54, 34, 7]"
6.4,21.8,83.2,85.4,53.5,59.4,chowchow,chowchow,chowchow,71,"['chowchow', 'sweet potato', 'bottle gourd']","[71, 10, 7]"
6.3,37.2,72.5,73.6,35.7,35.2,jute,jute,jute,86,"['jute', 'horsegram', 'soyabean']","[86, 8, 6]"
7.6,25.5,82.1,95.8,51.4,55.5,annual moringa,annual moringa,cotton,43,"['cotton', 'annual moringa', 'cluster bean']","[43, 25, 17]"
6.7,41.9,65.0,73.0,48.8,41.0,groundnut,groundnut,groundnut,98,"['groundnut', 'cucumber', 'jute']","[98, 2, 0]"
6.8,32.4,63.0,90.6,46.6,41.1,cucumber,cucumber,cucumber,82,"['cucumber', 'rice', 'tapoica']","[82, 16, 1]"
6.9,13.2,65.0,76.5,45.5,58.8,groundnut,groundnut,groundnut,98,"['groundnut', 'small onion', 'peas']","[98, 1, 0]"
6.7,27.1,62.0,77.5,52.9,46.2,cucumber,cucumber,cucumber,81,"['cucumber', 'groundnut', 'tapoica']","[81, 10, 7]"
6.8,25.8,61.7,60.5,54.2,57.1,cucumber,cucumber,cucumber,65,"['cucumber', 'groundnut', 'tapoica']","[65, 27, 6]"
6.4,25.0,86.6,110.5,44.1,50.4,sweet potato,sweet potato,sweet potato,99,"['sweet potato', 'peas', 'cotton']","[99, 1, 0]"
7.0,29.8,63.6,85.6,44.4,40.6,cucumber,cucumber,cucumber,86,"['cucumber', 'rice', 'tapoica']","[86, 11, 2]"
7.3,19.1,66.0,103.9,63.3,75.6,sugarbeet,sugarbeet,sugarbeet,93,"['sugarbeet', 'carrot', 'maize']","[93, 6, 0]"
5.9,22.0,86.8,44.1,34.3,29.3,pearl millet,pearl millet,pearl millet,58,"['pearl millet', 'castor', 'soyabean']","[58, 37, 2]"
7.2,29.2,79.5,68.6,46.4,58.8,tinda,tinda,tinda,94,"['tinda', 'jute', 'ribbed gourd']","[94, 2, 2]"
6.7,5.5,98.7,84.5,41.2,58.6,cauliflower,cauliflower,cauliflower,92,"['cauliflower', 'radish', 'beetroot']","[92, 8, 0]"
6.8,27.2,96.5,92.8,56.0,46.9,cauliflower,cauliflower,cauliflower,97,"['cauliflower', 'sorghum', 'peas']","[97, 2, 0]"
6.4,22.0,58.1,110.8,40.1,45.2,wheat,wheat,wheat,100,"['wheat', 'rice', 'small onion']","[100, 0, 0]"
6.5,24.5,84.9,83.7,58.0,95.1,watermelon,watermelon,watermelon,31,"['watermelon', 'bottle gourd', 'snake gourd']","[31, 30, 23]"
5.9,15.1,86.7,46.2,27.0,39.3,pearl millet,pearl millet,pearl millet,96,"['pearl millet', 'soyabean', 'castor']","[96, 4, 0]"
6.3,16.3,72.4,64.8,36.0,38.9,soyabean,soyabean,soyabean,99,"['soyabean', 'small onion', 'groundnut']","[99, 1, 0]"
6.6,18.8,76.1,127.0,77.1,78.8,sugarbeet,sugarbeet,sugarbeet,69,"['sugarbeet', 'maize', 'tomato']","[69, 19, 11]"
7.1,22.1,90.0,137.5,53.5,110.1,brinjal,brinjal,brinjal,95,"['brinjal', 'capsicum', 'tomato']","[95, 4, 1]"
6.6,32.5,75.8,84.2,41.5,63.9,ribbed gourd,ribbed gourd,muskmelon,63,"['muskmelon', 'ribbed gourd', 'ash gourd']","[63, 33, 1]"
6.9,23.7,83.1,64.5,29.9,25.1,soyabean,soyabean,sunflower,55,"['sunflower', 'castor', 'soyabean']","[55, 21, 18]"
6.1,25.0,17.8,34.2,28.3,28.7,varagu,varagu,varagu,65,"['varagu', 'thinai', 'ragi']","[65, 20, 7]"
6.1,28.2,15.9,39.9,23.1,27.6,panivaragu,panivaragu,thinai,49,"['thinai', 'varagu', 'panivaragu']","[49, 29, 18]"
5.6,23.5,85.0,90.7,52.5,52.7,french bean,french bean,sweet potato,69,"['sweet potato', 'vegetable cowpea', 'french bean']","[69, 17, 11]"
7.3,28.9,77.4,84.3,45.0,45.6,tinda,tinda,tinda,47,"['tinda', 'annual moringa', 'cotton']","[47, 22, 14]"
6.3,19.9,84.0,88.9,40.2,43.6,chowchow,chowchow,chowchow,86,"['chowchow', 'sweet potato', 'peas']","[86, 8, 2]"
7.2,32.8,77.7,82.3,69.4,92.8,ribbed gourd,ribbed gourd,ribbed gourd,96,"['ribbed gourd', 'muskmelon', 'bitter gourd']","[96, 3, 0]"
6.3,25.9,15.1,36.3,29.5,23.3,varagu,varagu,varagu,79,"['varagu', 'thinai', 'panivaragu']","[79, 13, 4]"
6.3,9.7,95.6,116.0,79.0,114.3,cabbage,cabbage,cabbage,100,"['cabbage', 'capsicum', 'brinjal']","[100, 0, 0]"
6.7,28.5,84.4,80.0,59.4,73.7,bitter gourd,bitter gourd,bitter gourd,68,"['bitter gourd', 'ribbed gourd', 'muskmelon']","[68, 24, 5]"
5.5,22.9,89.9,66.2,39.7,22.4,castor,castor,castor,98,"['castor', 'pearl millet', 'soyabean']","[98, 1, 1]"
5.6,27.4,94.9,126.2,46.1,118.7,capsicum,capsicum,capsicum,100,"['capsicum', 'brinjal', 'bhendi']","[100, 0, 0]"
5.8,23.3,83.5,134.7,54.8,94.5,onion,onion,onion,82,"['onion', 'brinjal', 'chillies']","[82, 6, 5]"
6.5,23.4,81.6,81.0,65.7,73.9,bottle gourd,bottle gourd,bottle gourd,82,"['bottle gourd', 'snake gourd', 'bitter gourd']","[82, 9, 7]"
7.3,19.2,77.6,123.4,53.4,99.8,tomato,tomato,tomato,99,"['tomato', 'sugarbeet', 'brinjal']","[99, 0, 0]"
7.9,21.5,66.1,90.7,58.3,48.6,rice,rice,rice,72,"['rice', 'cotton', 'cluster bean']","[72, 23, 2]"
8.6,38.0,19.8,35.9,29.2,22.2,samai,samai,samai,100,"['samai', 'blackgram', 'panivaragu']","[100, 0, 0]"
6.4,16.0,90.6,148.5,45.3,91.5,capsicum,capsicum,capsicum,95,"['capsicum', 'cabbage', 'brinjal']","[95, 4, 1]"
6.1,26.0,58.5,80.6,51.0,44.0,tapoica,tapoica,tapoica,98,"['tapoica', 'rice', 'cucumber']","[98, 1, 0]"
6.6,29.6,62.5,68.8,50.5,67.5,ash gourd,ash gourd,ash gourd,96,"['ash gourd', 'pumpkin', 'cucumber']","[96, 2, 1]"
6.8,26.8,79.2,92.7,72.2,97.0,bitter gourd,bitter gourd,ribbed gourd,42,"['ribbed gourd', 'bitter gourd', 'bottle gourd']","[42, 40, 7]"
6.2,26.5,96.2,111.5,90.6,100.7,bhendi,bhendi,bhendi,86,"['bhendi', 'cabbage', 'capsicum']","[86, 14, 0]"
6.6,34.0,61.1,65.5,51.7,40.1,cucumber,cucumber,cucumber,77,"['cucumber', 'groundnut', 'jute']","[77, 21, 1]"
5.1,23.6,50.1,51.1,33.8,39.1,cowpea,cowpea,cowpea,99,"['cowpea', 'bengalgram', 'ragi']","[99, 1, 0]"
5.4,24.8,54.3,31.4,28.2,38.1,cowpea,cowpea,cowpea,99,"['cowpea', 'ragi', 'thinai']","[99, 0, 0]"
6.0,18.1,68.5,90.6,45.6,83.6,pumpkin,pumpkin,pumpkin,91,"['pumpkin', 'carrot', 'bottle gourd']","[91, 6, 1]"
6.2,20.9,74.6,60.7,50.0,57.0,small onion,small onion,small onion,54,"['small onion', 'chowchow', 'bottle gourd']","[54, 31, 11]"
6.2,23.6,89.6,94.2,43.2,43.8,sweet potato,sweet potato,sweet potato,98,"['sweet potato', 'cauliflower', 'jute']","[98, 1, 0]"
7.9,32.3,88.9,21.5,28.6,28.1,gingely,gingely,gingely,100,"['gingely', 'pearl millet', 'castor']","[100, 0, 0]"
6.1,25.8,89.6,108.4,59.8,59.5,sweet potato,sweet potato,sweet potato,98,"['sweet potato', 'snake gourd', 'cauliflower']","[98, 0, 0]"
5.7,23.8,80.6,91.8,55.3,52.7,french bean,french bean,vegetable cowpea,64,"['vegetable cowpea', 'french bean', 'sweet potato']","[64, 28, 4]"
6.4,22.1,84.5,74.2,70.1,62.4,bottle gourd,bottle gourd,bottle gourd,73,"['bottle gourd', 'snake gourd', 'bitter gourd']","[73, 26, 1]"
5.8,30.8,89.2,58.3,39.6,40.0,pearl millet,pearl millet,pearl millet,65,"['pearl millet', 'jute', 'sorghum']","[65, 16, 8]"
6.6,28.9,79.8,87.4,40.8,70.3,ribbed gourd,ribbed gourd,muskmelon,38,"['muskmelon', 'bitter gourd', 'ribbed gourd']","[38, 32, 24]"
5.4,13.1,15.8,36.0,21.5,23.2,ragi,ragi,ragi,86,"['ragi', 'panivaragu', 'thinai']","[86, 14, 0]"
7.2,33.6,65.2,37.9,32.2,37.8,greengram,greengram,greengram,99,"['greengram', 'horsegram', 'blackgram']","[99, 1, 0]"
6.2,20.9,95.6,140.6,95.6,87.5,cabbage,cabbage,cabbage,90,"['cabbage', 'bhendi', 'capsicum']","[90, 9, 1]"
6.7,23.0,86.5,83.1,78.6,83.1,snake gourd,snake gourd,snake gourd,89,"['snake gourd', 'bitter gourd', 'bottle gourd']","[89, 5, 4]"
6.6,23.3,58.9,86.6,50.4,51.4,wheat,wheat,wheat,98,"['wheat', 'rice', 'small onion']","[98, 1, 1]"
7.4,31.8,61.7,28.3,24.2,23.2,greengram,greengram,greengram,100,"['greengram', 'horsegram', 'blackgram']","[100, 0, 0]"
6.1,23.6,93.4,114.2,84.4,97.9,cabbage,cabbage,cabbage,67,"['cabbage', 'bhendi', 'capsicum']","[67, 28, 4]"
6.9,29.6,61.6,23.2,30.6,21.4,greengram,greengram,greengram,100,"['greengram', 'thinai', 'horsegram']","[100, 0, 0]"
6.4,25.2,84.0,106.3,57.7,60.1,watermelon,watermelon,watermelon,66,"['watermelon', 'sweet potato', 'elephant foot yam']","[66, 15, 5]"
7.1,25.6,77.4,186.3,90.3,146.5,sugarcane,sugarcane,sugarcane,100,"['sugarcane', 'tomato', 'maize']","[100, 0, 0]"
5.8,29.8,54.0,30.1,25.7,35.0,cowpea,cowpea,cowpea,90,"['cowpea', 'greengram', 'panivaragu']","[90, 6, 2]"
6.4,21.6,60.0,47.3,22.1,38.2,bengalgram,bengalgram,bengalgram,97,"['bengalgram', 'cowpea', 'soyabean']","[97, 2, 0]"
7.2,15.9,75.0,106.4,74.3,78.2,sugarbeet,sugarbeet,sugarbeet,99,"['sugarbeet', 'tomato', 'carrot']","[99, 1, 0]"
7.4,18.6,90.0,138.2,76.2,95.3,brinjal,brinjal,brinjal,93,"['brinjal', 'capsicum', 'tomato']","[93, 6, 1]"
5.6,17.1,90.5,127.8,45.4,111.1,capsicum,capsicum,capsicum,99,"['capsicum', 'cabbage', 'brinjal']","[99, 0, 0]"
6.9,35.9,65.0,65.8,56.2,45.4,groundnut,groundnut,groundnut,89,"['groundnut', 'cucumber', 'rice']","[89, 10, 0]"
7.5,18.1,18.7,31.4,22.3,28.2,ragi,ragi,ragi,98,"['ragi', 'blackgram', 'panivaragu']","[98, 1, 1]"
5.6,27.3,54.0,94.3,59.3,50.4,tapoica,tapoica,tapoica,99,"['tapoica', 'rice', 'ash gourd']","[99, 1, 0]"
6.4,20.0,15.3,54.4,30.2,23.8,kudiraivali,kudiraivali,kudiraivali,99,"['kudiraivali', 'thinai', 'ragi']","[99, 0, 0]"
6.0,19.8,74.3,62.0,38.3,35.2,soyabean,soyabean,soyabean,96,"['soyabean', 'chowchow', 'small onion']","[96, 2, 1]"
6.2,26.8,98.8,129.1,70.7,96.8,bhendi,bhendi,bhendi,91,"['bhendi', 'cabbage', 'capsicum']","[91, 8, 1]"
6.2,20.4,87.3,70.6,58.7,60.1,snake gourd,snake gourd,snake gourd,78,"['snake gourd', 'chowchow', 'sorghum']","[78, 11, 5]"
6.7,6.6,98.7,110.3,56.7,57.4,cauliflower,cauliflower,cauliflower,99,"['cauliflower', 'radish', 'cabbage']","[99, 1, 0]"
6.3,26.6,80.3,88.8,43.5,93.3,bottle gourd,bottle gourd,watermelon,60,"['watermelon', 'bottle gourd', 'bitter gourd']","[60, 21, 8]"
5.7,15.1,82.1,76.3,42.1,45.7,french bean,french bean,french bean,99,"['french bean', 'chowchow', 'vegetable cowpea']","[99, 1, 0]"
6.8,28.8,83.3,78.0,56.6,40.1,tinda,tinda,tinda,57,"['tinda', 'elephant foot yam', 'jute']","[57, 30, 6]"
7.4,15.0,77.9,105.3,58.2,45.4,peas,peas,peas,100,"['peas', 'cotton', 'sugarbeet']","[100, 0, 0]"
5.9,24.9,81.6,145.9,53.5,97.3,onion,onion,onion,70,"['onion', 'chillies', 'watermelon']","[70, 27, 1]"
5.7,22.0,17.5,30.2,22.5,24.2,ragi,ragi,thinai,58,"['thinai', 'ragi', 'panivaragu']","[58, 25, 14]"
6.5,19.2,60.1,132.3,65.5,67.8,maize,maize,maize,58,"['maize', 'sugarbeet', 'carrot']","[58, 29, 13]"
5.8,12.3,75.4,85.6,47.9,55.0,french bean,french bean,french bean,99,"['french bean', 'chowchow', 'peas']","[99, 1, 0]"
8.4,21.4,76.4,61.4,50.1,47.4,cluster bean,cluster bean,cluster bean,100,"['cluster bean', 'cotton', 'rice']","[100, 0, 0]"
7.6,21.8,17.0,36.4,38.7,23.2,blackgram,blackgram,blackgram,84,"['blackgram', 'ragi', 'thinai']","[84, 15, 1]"
5.9,21.0,79.1,145.8,54.5,117.5,onion,onion,onion,98,"['onion', 'chillies', 'sugarcane']","[98, 1, 0]"
7.2,30.6,95.6,25.9,28.6,26.9,gingely,gingely,gingely,100,"['gingely', 'pearl millet', 'castor']","[100, 0, 0]"
5.7,26.7,68.5,87.9,55.4,54.8,rice,rice,rice,93,"['rice', 'tapoica', 'vegetable cowpea']","[93, 2, 2]"
7.7,18.5,19.7,35.8,27.1,29.5,ragi,ragi,ragi,99,"['ragi', 'blackgram', 'panivaragu']","[99, 1, 0]"
6.3,14.3,98.3,94.0,48.0,51.8,radish,radish,radish,95,"['radish', 'cauliflower', 'beetroot']","[95, 4, 1]"
6.9,17.7,90.9,65.5,41.4,50.5,sorghum,sorghum,sorghum,97,"['sorghum', 'beetroot', 'radish']","[97, 1, 1]"
6.6,29.5,61.3,87.2,62.7,70.0,ash gourd,ash gourd,ash gourd,97,"['ash gourd', 'pumpkin', 'cucumber']","[97, 3, 0]"
7.3,21.2,97.8,43.3,32.9,24.9,sunflower,sunflower,sunflower,88,"['sunflower', 'castor', 'pearl millet']","[88, 10, 2]"
6.8,39.9,65.0,59.8,48.0,56.8,groundnut,groundnut,groundnut,99,"['groundnut', 'cucumber', 'jute']","[99, 0, 0]"
6.6,18.2,89.3,89.1,65.0,98.7,snake gourd,snake gourd,snake gourd,94,"['snake gourd', 'brinjal', 'capsicum']","[94, 3, 2]"
5.8,26.6,61.5,82.8,54.9,44.2,rice,rice,rice,64,"['rice', 'tapoica', 'cucumber']","[64, 33, 1]"
6.0,34.9,90.3,22.6,38.1,22.1,gingely,gingely,gingely,100,"['gingely', 'pearl millet', 'soyabean']","[100, 0, 0]"
5.5,23.3,80.4,171.2,67.0,65.2,maize,maize,maize,100,"['maize', 'sugarbeet', 'onion']","[100, 0, 0]"
6.8,29.0,87.6,74.2,31.1,45.3,jute,jute,jute,90,"['jute', 'soyabean', 'pearl millet']","[90, 8, 0]"
6.0,22.9,62.8,72.6,50.9,88.0,pumpkin,pumpkin,pumpkin,92,"['pumpkin', 'ash gourd', 'bottle gourd']","[92, 8, 0]"
6.6,31.1,17.7,24.8,36.8,28.1,blackgram,blackgram,blackgram,99,"['blackgram', 'panivaragu', 'thinai']","[99, 1, 0]"
6.4,24.0,70.3,77.3,43.6,39.8,jute,jute,small onion,50,"['small onion', 'jute', 'rice']","[50, 34, 7]"
6.7,18.6,77.6,53.7,26.0,37.2,redgram,redgram,redgram,91,"['redgram', 'soyabean', 'pearl millet']","[91, 8, 0]"
5.7,23.5,89.7,90.7,52.0,50.0,sweet potato,sweet potato,sweet potato,99,"['sweet potato', 'vegetable cowpea', 'french bean']","[99, 1, 0]"
6.7,23.5,80.9,129.2,53.0,99.7,chillies,chillies,chillies,45,"['chillies', 'tomato', 'onion']","[45, 43, 9]"
7.5,24.5,77.9,166.7,73.1,138.2,sugarcane,sugarcane,sugarcane,99,"['sugarcane', 'tomato', 'sugarbeet']","[99, 1, 0]"
6.4,29.6,52.2,40.6,22.4,28.6,horsegram,horsegram,cowpea,77,"['cowpea', 'horsegram', 'bengalgram']","[77, 18, 4]"
8.3,21.5,81.0,83.6,46.7,42.4,cluster bean,cluster bean,cluster bean,95,"['cluster bean', 'cotton', 'peas']","[95, 4, 0]"
6.2,18.1,98.1,65.6,57.5,53.5,beetroot,beetroot,beetroot,84,"['beetroot', 'sorghum', 'radish']","[84, 9, 6]"
6.4,24.9,99.7,114.0,87.3,110.1,bhendi,bhendi,bhendi,91,"['bhendi', 'cabbage', 'capsicum']","[91, 9, 0]"
5.6,26.4,84.2,79.0,56.1,47.0,vegetable cowpea,vegetable cowpea,vegetable cowpea,49,"['vegetable cowpea', 'french bean', 'elephant foot yam']","[49, 28, 23]"
6.2,20.0,89.9,95.9,69.9,70.2,snake gourd,snake gourd,snake gourd,96,"['snake gourd', 'cabbage', 'capsicum']","[96, 2, 1]"
8.3,21.7,82.1,69.2,48.2,45.2,cluster bean,cluster bean,cluster bean,100,"['cluster bean', 'cotton', 'castor']","[100, 0, 0]"
8.9,26.7,18.0,36.1,28.9,22.4,samai,samai,samai,96,"['samai', 'ragi', 'blackgram']","[96, 3, 0]"
6.4,34.4,81.5,72.4,53.4,48.5,elephant foot yam,elephant foot yam,elephant foot yam,95,"['elephant foot yam', 'jute', 'annual moringa']","[95, 4, 0]"
6.6,26.1,82.6,108.2,42.5,102.2,chillies,chillies,chillies,39,"['chillies', 'tomato', 'watermelon']","[39, 26, 18]"
6.2,18.0,84.3,99.3,40.1,57.3,chowchow,chowchow,chowchow,63,"['chowchow', 'french bean', 'peas']","[63, 18, 13]"
8.5,34.6,16.1,38.7,21.3,27.8,samai,samai,samai,100,"['samai', 'blackgram', 'panivaragu']","[100, 0, 0]"
7.3,25.8,90.0,104.4,58.3,115.5,brinjal,brinjal,brinjal,95,"['brinjal', 'capsicum', 'tomato']","[95, 4, 1]"
6.9,18.8,99.8,76.2,42.8,53.5,beetroot,beetroot,beetroot,93,"['beetroot', 'sorghum', 'radish']","[93, 5, 1]"
5.8,12.6,97.1,76.3,45.3,41.6,radish,radish,radish,99,"['radish', 'sorghum', 'cauliflower']","[99, 0, 0]"
6.9,26.5,95.0,108.9,71.3,93.4,capsicum,capsicum,bhendi,59,"['bhendi', 'capsicum', 'cabbage']","[59, 32, 4]"
6.3,20.0,81.9,78.9,48.6,44.3,chowchow,chowchow,chowchow,95,"['chowchow', 'french bean', 'vegetable cowpea']","[95, 2, 1]"
6.3,25.3,60.7,59.8,26.4,26.2,horsegram,horsegram,bengalgram,77,"['bengalgram', 'horsegram', 'cowpea']","[77, 17, 4]"
6.1,23.1,89.8,81.5,55.9,49.9,sweet potato,sweet potato,sweet potato,97,"['sweet potato', 'snake gourd', 'cauliflower']","[97, 1, 1]"
5.8,15.9,90.8,130.4,73.0,86.1,capsicum,capsicum,capsicum,67,"['capsicum', 'cabbage', 'brinjal']","[67, 32, 0]"
6.4,21.7,86.6,92.0,56.8,42.5,sweet potato,sweet potato,sweet potato,97,"['sweet potato', 'chowchow', 'peas']","[97, 2, 0]"
7.1,21.1,66.6,145.6,79.8,72.4,sugarbeet,sugarbeet,sugarbeet,77,"['sugarbeet', 'maize', 'sugarcane']","[77, 23, 0]"
6.5,21.9,83.8,145.6,61.6,80.3,onion,onion,maize,43,"['maize', 'onion', 'tomato']","[43, 33, 13]"
5.8,20.6,75.5,135.7,76.9,93.0,onion,onion,onion,79,"['onion', 'maize', 'chillies']","[79, 19, 1]"
5.7,24.7,85.8,51.8,22.7,39.0,castor,castor,castor,59,"['castor', 'pearl millet', 'soyabean']","[59, 37, 4]"
6.6,19.1,90.0,139.8,68.9,86.1,brinjal,brinjal,brinjal,74,"['brinjal', 'capsicum', 'cabbage']","[74, 21, 5]"
6.7,22.8,51.1,91.3,43.3,57.5,wheat,wheat,wheat,99,"['wheat', 'rice', 'small onion']","[99, 0, 0]"
6.6,38.4,96.6,65.7,42.1,47.9,sorghum,sorghum,sorghum,99,"['sorghum', 'jute', 'cauliflower']","[99, 1, 0]"
6.9,18.2,75.7,84.5,40.8,44.7,peas,peas,peas,77,"['peas', 'small onion', 'chowchow']","[77, 17, 3]"
7.3,27.8,80.6,82.3,64.1,62.6,ribbed gourd,ribbed gourd,ribbed gourd,87,"['ribbed gourd', 'bitter gourd', 'muskmelon']","[87, 8, 3]"
5.9,24.4,87.6,95.9,57.3,45.0,sweet potato,sweet potato,sweet potato,98,"['sweet potato', 'vegetable cowpea', 'french bean']","[98, 1, 0]"
6.8,26.9,57.1,79.4,46.1,53.1,tapoica,tapoica,tapoica,97,"['tapoica', 'cucumber', 'groundnut']","[97, 3, 0]"
6.2,24.2,83.6,141.0,73.0,111.0,onion,onion,onion,66,"['onion', 'chillies', 'maize']","[66, 31, 1]"
6.7,20.0,16.6,58.6,27.1,35.1,kudiraivali,kudiraivali,kudiraivali,100,"['kudiraivali', 'thinai', 'ragi']","[100, 0, 0]"
6.1,25.4,84.2,143.8,40.3,83.5,chillies,chillies,chillies,60,"['chillies', 'onion', 'brinjal']","[60, 15, 10]"
6.1,28.2,70.7,93.8,36.1,45.9,jute,jute,jute,79,"['jute', 'rice', 'annual moringa']","[79, 16, 1]"
5.2,22.0,52.9,47.0,36.0,23.1,cowpea,cowpea,cowpea,99,"['cowpea', 'bengalgram', 'ragi']","[99, 1, 0]"
6.1,20.4,91.4,123.4,85.9,82.6,cabbage,cabbage,cabbage,86,"['cabbage', 'bhendi', 'capsicum']","[86, 7, 6]"
6.5,19.0,99.7,64.8,50.9,57.9,beetroot,beetroot,beetroot,95,"['beetroot', 'sorghum', 'radish']","[95, 4, 1]"
7.5,27.9,67.6,93.7,57.3,52.6,cucumber,cucumber,cucumber,61,"['cucumber', 'rice', 'cotton']","[61, 28, 8]"
5.9,28.0,80.9,78.1,51.1,42.0,elephant foot yam,elephant foot yam,vegetable cowpea,65,"['vegetable cowpea', 'elephant foot yam', 'french bean']","[65, 30, 3]"
6.5,22.9,55.9,83.0,54.2,56.4,wheat,wheat,wheat,98,"['wheat', 'rice', 'tapoica']","[98, 1, 0]"
6.1,22.8,73.8,140.5,72.4,66.5,sugarbeet,sugarbeet,sugarbeet,53,"['sugarbeet', 'maize', 'onion']","[53, 46, 1]"
6.1,30.9,54.6,68.5,73.1,62.8,ash gourd,ash gourd,ash gourd,100,"['ash gourd', 'pumpkin', 'tapoica']","[100, 0, 0]"
6.5,28.6,86.7,65.6,37.9,38.3,soyabean,soyabean,jute,50,"['jute', 'soyabean', 'pearl millet']","[50, 45, 2]"
6.5,24.5,88.3,62.4,44.6,46.8,jute,jute,sorghum,41,"['sorghum', 'jute', 'sweet potato']","[41, 35, 12]"
6.8,26.3,55.0,98.2,44.0,57.3,tapoica,tapoica,tapoica,96,"['tapoica', 'cucumber', 'wheat']","[96, 2, 1]"
7.3,26.9,78.9,112.3,44.9,83.7,watermelon,watermelon,watermelon,52,"['watermelon', 'muskmelon', 'tomato']","[52, 37, 9]"
7.3,34.8,68.9,20.1,24.3,39.3,greengram,greengram,greengram,100,"['greengram', 'gingely', 'horsegram']","[100, 0, 0]"
6.4,18.2,90.0,130.7,75.6,94.3,brinjal,brinjal,brinjal,57,"['brinjal', 'cabbage', 'capsicum']","[57, 26, 17]"
7.0,25.2,88.8,71.7,25.7,24.0,castor,castor,castor,47,"['castor', 'soyabean', 'sunflower']","[47, 27, 24]"
6.3,27.4,50.4,86.3,43.5,45.7,tapoica,tapoica,tapoica,99,"['tapoica', 'rice', 'ash gourd']","[99, 0, 0]"
6.3,24.1,86.8,75.4,63.8,72.6,snake gourd,snake gourd,snake gourd,96,"['snake gourd', 'bottle gourd', 'bitter gourd']","[96, 2, 2]"
6.4,18.7,98.1,129.0,98.7,82.5,cabbage,cabbage,cabbage,99,"['cabbage', 'bhendi', 'capsicum']","[99, 0, 0]"
6.6,34.9,17.8,39.6,22.7,24.9,panivaragu,panivaragu,panivaragu,73,"['panivaragu', 'blackgram', 'thinai']","[73, 25, 1]"
6.6,23.8,80.7,41.5,22.1,33.8,redgram,redgram,redgram,66,"['redgram', 'sunflower', 'castor']","[66, 17, 9]"
7.4,25.1,75.7,112.0,48.6,50.6,cotton,cotton,cotton,47,"['cotton', 'annual moringa', 'peas']","[47, 33, 17]"
5.8,26.5,15.1,36.3,28.6,26.4,varagu,varagu,varagu,79,"['varagu', 'thinai', 'ragi']","[79, 12, 5]"
7.9,25.1,92.1,64.9,37.7,38.1,castor,castor,castor,76,"['castor', 'sunflower', 'sorghum']","[76, 22, 1]"
6.5,26.8,63.6,85.4,78.5,73.8,ash gourd,ash gourd,ash gourd,65,"['ash gourd', 'pumpkin', 'maize']","[65, 35, 0]"
6.9,28.1,90.0,127.5,40.9,99.5,brinjal,brinjal,brinjal,84,"['brinjal', 'capsicum', 'tomato']","[84, 15, 0]"
6.4,21.3,68.1,74.3,65.4,70.2,pumpkin,pumpkin,pumpkin,97,"['pumpkin', 'ash gourd', 'bottle gourd']","[97, 2, 1]"
6.0,30.1,60.9,67.3,58.4,99.7,ash gourd,ash gourd,ash gourd,99,"['ash gourd', 'pumpkin', 'tapoica']","[99, 1, 0]"
6.9,30.0,80.6,48.4,25.9,36.6,redgram,redgram,redgram,64,"['redgram', 'pearl millet', 'horsegram']","[64, 20, 9]"
5.6,18.7,83.7,74.2,56.9,59.9,french bean,french bean,chowchow,43,"['chowchow', 'french bean', 'snake gourd']","[43, 35, 18]"
7.2,26.3,75.3,169.3,64.9,138.3,sugarcane,sugarcane,sugarcane,99,"['sugarcane', 'tomato', 'chillies']","[99, 1, 0]"
5.5,26.7,16.8,39.5,26.6,24.6,varagu,varagu,varagu,70,"['varagu', 'thinai', 'ragi']","[70, 14, 11]"
6.7,28.6,65.0,61.1,54.7,55.6,groundnut,groundnut,groundnut,74,"['groundnut', 'cucumber', 'tapoica']","[74, 24, 1]"
6.5,18.4,74.7,89.0,41.5,56.1,small onion,small onion,small onion,71,"['small onion', 'peas', 'chowchow']","[71, 19, 8]"
6.0,20.7,90.3,107.0,70.6,113.4,capsicum,capsicum,capsicum,65,"['capsicum', 'cabbage', 'brinjal']","[65, 22, 11]"
6.8,25.4,88.6,68.9,53.8,60.8,bitter gourd,bitter gourd,bitter gourd,71,"['bitter gourd', 'snake gourd', 'sorghum']","[71, 22, 1]"
6.7,26.2,82.4,96.1,49.2,91.5,bottle gourd,bottle gourd,watermelon,47,"['watermelon', 'bitter gourd', 'muskmelon']","[47, 18, 18]"
6.0,18.4,67.5,78.0,65.0,67.1,pumpkin,pumpkin,pumpkin,90,"['pumpkin', 'carrot', 'bottle gourd']","[90, 8, 2]"
6.2,27.9,91.0,71.7,43.1,51.7,sorghum,sorghum,sorghum,97,"['sorghum', 'jute', 'elephant foot yam']","[97, 2, 0]"
6.8,27.6,90.9,75.5,70.7,71.9,bitter gourd,bitter gourd,bitter gourd,90,"['bitter gourd', 'snake gourd', 'bottle gourd']","[90, 9, 0]"
5.8,32.8,67.7,89.1,55.8,59.4,rice,rice,rice,99,"['rice', 'cucumber', 'ash gourd']","[99, 0, 0]"
6.5,24.7,81.9,86.0,58.8,87.0,watermelon,watermelon,watermelon,45,"['watermelon', 'bottle gourd', 'bitter gourd']","[45, 35, 11]"
8.2,23.4,84.6,94.9,40.4,53.9,cluster bean,cluster bean,cluster bean,85,"['cluster bean', 'cotton', 'peas']","[85, 14, 0]"
7.7,26.5,72.1,171.8,61.9,138.9,sugarcane,sugarcane,sugarcane,100,"['sugarcane', 'tomato', 'sugarbeet']","[100, 0, 0]"
7.3,29.0,80.3,116.6,43.8,59.0,cotton,cotton,annual moringa,62,"['annual moringa', 'cotton', 'peas']","[62, 23, 10]"
6.5,22.3,60.6,86.0,53.4,60.2,pumpkin,pumpkin,wheat,39,"['wheat', 'pumpkin', 'rice']","[39, 27, 22]"
6.1,20.5,16.8,30.3,29.7,27.6,thinai,thinai,thinai,54,"['thinai', 'ragi', 'panivaragu']","[54, 21, 20]"
6.0,26.6,18.5,36.4,24.1,25.6,varagu,varagu,varagu,78,"['varagu', 'thinai', 'ragi']","[78, 12, 5]"
6.5,24.9,81.5,91.5,51.7,76.3,watermelon,watermelon,watermelon,64,"['watermelon', 'bottle gourd', 'bitter gourd']","[64, 23, 6]"
6.2,30.2,19.0,32.6,28.9,23.2,panivaragu,panivaragu,panivaragu,83,"['panivaragu', 'thinai', 'blackgram']","[83, 10, 3]"
6.0,21.7,76.1,102.8,49.8,90.8,onion,onion,onion,89,"['onion', 'chillies', 'watermelon']","[89, 5, 2]"
8.1,22.1,76.2,95.4,48.7,54.1,cluster bean,cluster bean,cluster bean,79,"['cluster bean', 'cotton', 'rice']","[79, 17, 3]"
7.1,34.8,81.1,54.3,39.6,29.5,pearl millet,pearl millet,pearl millet,59,"['pearl millet', 'horsegram', 'jute']","[59, 31, 5]"
6.7,25.2,83.3,119.4,65.8,91.1,tomato,tomato,chillies,46,"['chillies', 'tomato', 'brinjal']","[46, 32, 9]"
7.2,25.5,75.5,110.3,40.9,97.6,watermelon,watermelon,watermelon,48,"['watermelon', 'tomato', 'muskmelon']","[48, 32, 18]"
6.8,19.2,99.4,84.8,58.2,58.6,beetroot,beetroot,beetroot,90,"['beetroot', 'cauliflower', 'radish']","[90, 8, 1]"
6.5,18.2,82.5,90.2,66.4,85.1,bottle gourd,bottle gourd,bottle gourd,85,"['bottle gourd', 'snake gourd', 'tomato']","[85, 14, 0]"
5.6,28.3,77.4,81.8,59.3,40.6,vegetable cowpea,vegetable cowpea,vegetable cowpea,79,"['vegetable cowpea', 'rice', 'elephant foot yam']","[79, 10, 7]"
6.2,27.2,83.4,91.2,42.7,51.7,elephant foot yam,elephant foot yam,elephant foot yam,73,"['elephant foot yam', 'vegetable cowpea', 'jute']","[73, 10, 5]"
7.1,27.4,86.5,98.8,46.9,44.1,cotton,cotton,cotton,48,"['cotton', 'peas', 'tinda']","[48, 31, 9]"
6.5,26.9,86.4,59.0,35.0,23.4,soyabean,soyabean,soyabean,59,"['soyabean', 'pearl millet', 'castor']","[59, 26, 10]"
6.5,25.8,77.2,47.5,22.9,24.2,redgram,redgram,redgram,84,"['redgram', 'horsegram', 'soyabean']","[84, 10, 5]"
5.8,23.7,87.6,111.4,41.8,40.8,sweet potato,sweet potato,sweet potato,100,"['sweet potato', 'vegetable cowpea', 'french bean']","[100, 0, 0]"
6.1,26.0,61.7,87.4,69.1,69.6,pumpkin,pumpkin,ash gourd,69,"['ash gourd', 'pumpkin', 'maize']","[69, 31, 0]"
6.5,29.1,74.5,48.5,24.5,31.7,horsegram,horsegram,horsegram,67,"['horsegram', 'redgram', 'soyabean']","[67, 16, 15]"
6.7,22.8,51.6,80.9,44.8,53.9,wheat,wheat,wheat,98,"['wheat', 'tapoica', 'rice']","[98, 1, 0]"
7.1,21.1,91.8,71.8,51.8,51.7,sorghum,sorghum,sorghum,99,"['sorghum', 'beetroot', 'cluster bean']","[99, 0, 0]"
7.2,25.1,80.7,84.7,54.2,86.2,watermelon,watermelon,watermelon,71,"['watermelon', 'muskmelon', 'ribbed gourd']","[71, 14, 13]"
6.8,37.8,56.7,46.4,33.2,38.7,horsegram,horsegram,horsegram,99,"['horsegram', 'greengram', 'panivaragu']","[99, 0, 0]"
6.6,17.3,99.7,75.6,56.9,41.4,sorghum,sorghum,radish,57,"['radish', 'sorghum', 'beetroot']","[57, 19, 19]"
6.5,25.9,86.6,87.3,40.8,42.2,sweet potato,sweet potato,sweet potato,68,"['sweet potato', 'jute', 'peas']","[68, 15, 7]"
7.2,31.8,96.1,69.8,48.6,55.5,sorghum,sorghum,sorghum,100,"['sorghum', 'jute', 'elephant foot yam']","[100, 0, 0]"
5.7,20.6,19.2,32.0,24.1,27.2,ragi,ragi,thinai,47,"['thinai', 'ragi', 'panivaragu']","[47, 29, 21]"
6.7,22.3,65.0,68.6,46.6,58.7,groundnut,groundnut,groundnut,87,"['groundnut', 'small onion', 'pumpkin']","[87, 11, 2]"
5.7,25.2,18.7,30.8,21.8,21.7,varagu,varagu,varagu,74,"['varagu', 'thinai', 'ragi']","[74, 15, 7]"
6.0,20.4,89.4,95.1,70.4,76.7,snake gourd,snake gourd,snake gourd,79,"['snake gourd', 'cabbage', 'capsicum']","[79, 15, 3]"
5.9,26.1,51.5,77.9,47.0,42.3,tapoica,tapoica,tapoica,100,"['tapoica', 'cowpea', 'ash gourd']","[100, 0, 0]"
6.6,25.8,59.1,90.9,45.9,56.3,tapoica,tapoica,tapoica,90,"['tapoica', 'cucumber', 'rice']","[90, 7, 2]"
5.7,32.8,15.7,38.2,27.3,29.9,panivaragu,panivaragu,panivaragu,93,"['panivaragu', 'thinai', 'varagu']","[93, 4, 1]"
7.0,27.0,83.1,107.5,44.8,65.2,watermelon,watermelon,muskmelon,61,"['muskmelon', 'watermelon', 'tomato']","[61, 33, 2]"
7.4,11.9,71.7,98.8,49.9,54.0,peas,peas,peas,99,"['peas', 'small onion', 'cotton']","[99, 1, 0]"
6.8,27.1,63.5,34.2,33.9,31.3,greengram,greengram,greengram,99,"['greengram', 'bengalgram', 'horsegram']","[99, 0, 0]"
6.8,19.3,90.0,117.3,68.1,97.3,brinjal,brinjal,brinjal,80,"['brinjal', 'capsicum', 'cabbage']","[80, 18, 1]"
6.5,29.0,88.0,87.2,58.2,81.3,bitter gourd,bitter gourd,bitter gourd,86,"['bitter gourd', 'snake gourd', 'ribbed gourd']","[86, 8, 2]"
5.8,24.3,79.7,129.4,64.4,81.6,onion,onion,onion,53,"['onion', 'maize', 'chillies']","[53, 34, 10]"
6.9,32.4,68.5,81.8,46.5,55.9,cucumber,cucumber,cucumber,79,"['cucumber', 'rice', 'groundnut']","[79, 15, 4]"
6.3,24.1,78.5,108.0,64.5,82.0,onion,onion,onion,53,"['onion', 'chillies', 'sugarbeet']","[53, 31, 4]"
5.9,25.9,78.4,91.5,44.6,40.5,vegetable cowpea,vegetable cowpea,vegetable cowpea,61,"['vegetable cowpea', 'french bean', 'elephant foot yam']","[61, 23, 7]"
6.0,19.7,94.6,110.5,73.1,116.4,capsicum,capsicum,capsicum,57,"['capsicum', 'cabbage', 'brinjal']","[57, 42, 1]"
6.7,26.5,83.0,87.7,54.9,78.7,watermelon,watermelon,watermelon,34,"['watermelon', 'bitter gourd', 'muskmelon']","[34, 30, 15]"
8.8,32.2,18.0,30.2,27.2,22.0,samai,samai,samai,99,"['samai', 'blackgram', 'panivaragu']","[99, 1, 0]"
7.8,22.2,80.4,85.4,57.5,48.1,cluster bean,cluster bean,cluster bean,72,"['cluster bean', 'cotton', 'rice']","[72, 25, 1]"
6.0,17.8,76.6,74.5,49.3,47.2,french bean,french bean,french bean,50,"['french bean', 'chowchow', 'small onion']","[50, 46, 2]"
7.1,23.2,88.9,57.0,23.7,33.1,sunflower,sunflower,sunflower,69,"['sunflower', 'castor', 'pearl millet']","[69, 24, 5]"
6.2,20.3,78.1,124.5,78.7,78.7,sugarbeet,sugarbeet,sugarbeet,49,"['sugarbeet', 'maize', 'onion']","[49, 33, 16]"
6.1,23.1,83.4,105.4,61.3,81.6,chillies,chillies,onion,65,"['onion', 'chillies', 'brinjal']","[65, 14, 11]"
6.4,23.7,88.9,94.5,47.2,52.6,sweet potato,sweet potato,sweet potato,99,"['sweet potato', 'snake gourd', 'peas']","[99, 1, 0]"
6.0,16.3,83.7,46.1,39.8,20.7,pearl millet,pearl millet,pearl millet,87,"['pearl millet', 'soyabean', 'french bean']","[87, 13, 0]"
6.6,25.4,86.7,81.7,44.8,91.2,bitter gourd,bitter gourd,bitter gourd,56,"['bitter gourd', 'snake gourd', 'watermelon']","[56, 35, 3]"
6.5,25.2,80.2,99.6,59.0,76.2,watermelon,watermelon,watermelon,68,"['watermelon', 'bottle gourd', 'bitter gourd']","[68, 10, 7]"
6.4,21.6,16.8,32.0,26.6,29.8,panivaragu,panivaragu,thinai,52,"['thinai', 'panivaragu', 'ragi']","[52, 20, 18]"
6.4,15.5,95.6,125.1,81.1,98.6,cabbage,cabbage,cabbage,99,"['cabbage', 'capsicum', 'brinjal']","[99, 1, 0]"
6.2,19.0,94.2,110.5,60.5,99.4,cabbage,cabbage,capsicum,54,"['capsicum', 'cabbage', 'brinjal']","[54, 44, 2]"
6.3,26.7,95.3,144.6,71.8,113.2,bhendi,bhendi,bhendi,69,"['bhendi', 'cabbage', 'capsicum']","[69, 16, 14]"
7.3,32.5,88.4,86.5,30.9,32.8,jute,jute,jute,95,"['jute', 'soyabean', 'pearl millet']","[95, 4, 0]"
6.9,20.6,69.8,67.9,64.0,96.5,pumpkin,pumpkin,pumpkin,99,"['pumpkin', 'ash gourd', 'bottle gourd']","[99, 0, 0]"
7.8,29.3,71.5,110.8,51.5,46.5,cotton,cotton,cotton,77,"['cotton', 'annual moringa', 'rice']","[77, 13, 5]"
6.8,26.9,15.1,35.4,25.1,29.3,panivaragu,panivaragu,thinai,42,"['thinai', 'panivaragu', 'varagu']","[42, 20, 15]"
6.4,21.0,76.5,75.2,34.4,39.6,soyabean,soyabean,soyabean,85,"['soyabean', 'chowchow', 'jute']","[85, 8, 2]"
5.7,27.0,75.5,81.4,41.9,45.5,vegetable cowpea,vegetable cowpea,vegetable cowpea,74,"['vegetable cowpea', 'french bean', 'rice']","[74, 14, 7]"
6.5,29.7,89.9,96.7,63.7,78.4,bitter gourd,bitter gourd,bitter gourd,85,"['bitter gourd', 'snake gourd', 'brinjal']","[85, 6, 4]"
6.3,31.7,82.2,70.8,29.5,22.8,soyabean,soyabean,soyabean,90,"['soyabean', 'jute', 'pearl millet']","[90, 5, 4]"
6.3,20.0,16.3,49.9,29.3,38.7,kudiraivali,kudiraivali,kudiraivali,100,"['kudiraivali', 'thinai', 'cowpea']","[100, 0, 0]"
6.3,18.8,79.2,94.7,48.2,60.6,bottle gourd,bottle gourd,bottle gourd,49,"['bottle gourd', 'chowchow', 'small onion']","[49, 44, 2]"
6.4,24.8,68.1,90.3,54.6,46.1,rice,rice,small onion,56,"['small onion', 'rice', 'cucumber']","[56, 34, 5]"
7.5,24.0,79.9,183.0,73.2,145.0,sugarcane,sugarcane,sugarcane,99,"['sugarcane', 'tomato', 'sugarbeet']","[99, 1, 0]"
7.0,20.1,90.0,132.3,42.5,117.3,brinjal,brinjal,brinjal,82,"['brinjal', 'capsicum', 'tomato']","[82, 18, 1]"
6.6,12.6,95.5,65.6,47.9,44.4,radish,radish,radish,91,"['radish', 'sorghum', 'cauliflower']","[91, 6, 2]"
6.5,30.7,65.3,27.6,21.9,24.3,greengram,greengram,greengram,99,"['greengram', 'horsegram', 'panivaragu']","[99, 0, 0]"
6.4,27.4,54.8,76.6,50.4,48.2,tapoica,tapoica,tapoica,100,"['tapoica', 'ash gourd', 'cucumber']","[100, 0, 0]"
7.3,32.7,80.6,65.3,72.4,90.5,ribbed gourd,ribbed gourd,ribbed gourd,99,"['ribbed gourd', 'bitter gourd', 'muskmelon']","[99, 1, 0]"
6.6,31.0,70.4,65.7,39.2,31.3,jute,jute,jute,69,"['jute', 'soyabean', 'horsegram']","[69, 23, 7]"
6.3,21.4,15.8,30.7,22.3,26.9,ragi,ragi,thinai,56,"['thinai', 'ragi', 'panivaragu']","[56, 21, 19]"
7.0,23.0,16.2,37.7,22.1,21.5,thinai,thinai,thinai,45,"['thinai', 'ragi', 'panivaragu']","[45, 32, 18]"
6.6,15.2,69.8,130.3,61.6,76.9,sugarbeet,sugarbeet,sugarbeet,90,"['sugarbeet', 'carrot', 'maize']","[90, 9, 1]"
6.2,20.3,83.4,102.1,49.8,118.6,onion,onion,onion,97,"['onion', 'tomato', 'chillies']","[97, 1, 1]"
6.6,21.9,70.3,198.9,95.7,120.4,sugarcane,sugarcane,sugarcane,96,"['sugarcane', 'maize', 'sugarbeet']","[96, 3, 0]"
7.3,31.8,77.9,80.2,46.6,74.5,muskmelon,muskmelon,ribbed gourd,53,"['ribbed gourd', 'muskmelon', 'annual moringa']","[53, 45, 1]"
6.8,25.0,97.2,146.0,70.2,116.7,bhendi,bhendi,bhendi,90,"['bhendi', 'capsicum', 'cabbage']","[90, 5, 4]"
6.9,21.5,61.6,62.0,65.8,91.2,pumpkin,pumpkin,pumpkin,98,"['pumpkin', 'ash gourd', 'carrot']","[98, 2, 0]"
6.0,18.2,99.7,79.8,46.3,50.4,beetroot,beetroot,beetroot,74,"['beetroot', 'radish', 'sorghum']","[74, 23, 3]"
6.2,22.5,86.0,71.3,51.4,73.7,snake gourd,snake gourd,snake gourd,97,"['snake gourd', 'bottle gourd', 'bitter gourd']","[97, 3, 0]"
7.0,32.6,76.7,90.1,53.3,62.2,ribbed gourd,ribbed gourd,muskmelon,66,"['muskmelon', 'ribbed gourd', 'annual moringa']","[66, 29, 2]"
6.4,29.7,66.7,94.8,64.2,66.9,ash gourd,ash gourd,ash gourd,99,"['ash gourd', 'pumpkin', 'rice']","[99, 1, 0]"
6.1,18.1,68.0,112.8,81.2,74.6,carrot,carrot,carrot,91,"['carrot', 'sugarbeet', 'maize']","[91, 7, 2]"
8.5,25.0,75.7,82.7,41.7,52.8,cluster bean,cluster bean,cluster bean,80,"['cluster bean', 'cotton', 'rice']","[80, 10, 4]"
6.2,33.8,83.5,77.1,58.5,59.2,elephant foot yam,elephant foot yam,elephant foot yam,97,"['elephant foot yam', 'jute', 'ribbed gourd']","[97, 1, 1]"
5.1,14.5,15.6,32.2,26.9,20.9,ragi,ragi,ragi,87,"['ragi', 'panivaragu', 'thinai']","[87, 13, 0]"
6.9,30.0,66.3,22.4,39.2,27.8,greengram,greengram,greengram,100,"['greengram', 'horsegram', 'gingely']","[100, 0, 0]"
5.5,20.0,19.2,57.8,29.7,37.6,kudiraivali,kudiraivali,kudiraivali,99,"['kudiraivali', 'cowpea', 'ragi']","[99, 1, 0]"
7.3,13.3,87.7,100.5,56.4,45.5,peas,peas,peas,100,"['peas', 'cotton', 'cauliflower']","[100, 0, 0]"
5.3,24.6,54.6,55.8,22.3,26.1,cowpea,cowpea,cowpea,98,"['cowpea', 'bengalgram', 'ragi']","[98, 2, 0]"
6.7,27.6,77.9,44.2,38.3,33.5,redgram,redgram,redgram,87,"['redgram', 'horsegram', 'soyabean']","[87, 10, 2]"
6.8,35.5,59.1,47.1,29.1,31.2,horsegram,horsegram,horsegram,99,"['horsegram', 'greengram', 'bengalgram']","[99, 0, 0]"
7.6,22.8,71.9,139.5,67.0,76.4,sugarbeet,sugarbeet,sugarbeet,98,"['sugarbeet', 'maize', 'tomato']","[98, 1, 1]"
7.7,20.2,62.5,98.0,55.4,43.0,rice,rice,rice,81,"['rice', 'cotton', 'wheat']","[81, 9, 4]"
5.8,15.0,18.6,32.0,29.8,22.3,ragi,ragi,ragi,60,"['ragi', 'panivaragu', 'thinai']","[60, 39, 0]"
6.6,15.9,91.6,119.1,42.0,87.3,capsicum,capsicum,capsicum,99,"['capsicum', 'cabbage', 'brinjal']","[99, 1, 1]"
7.3,24.3,72.2,94.6,56.8,44.7,cotton,cotton,cotton,44,"['cotton', 'rice', 'peas']","[44, 25, 13]"
8.2,23.4,78.4,63.5,42.0,49.8,cluster bean,cluster bean,cluster bean,100,"['cluster bean', 'cotton', 'rice']","[100, 0, 0]"
5.3,25.2,80.1,79.6,39.8,38.7,castor,castor,castor,44,"['castor', 'vegetable cowpea', 'french bean']","[44, 20, 20]"
6.7,28.8,65.0,68.5,45.1,50.0,groundnut,groundnut,groundnut,64,"['groundnut', 'cucumber', 'tapoica']","[64, 34, 1]"
5.8,11.2,98.8,87.7,57.3,59.2,radish,radish,radish,100,"['radish', 'cauliflower', 'beetroot']","[100, 0, 0]"
6.8,28.1,91.3,86.6,44.2,98.4,bitter gourd,bitter gourd,bitter gourd,92,"['bitter gourd', 'snake gourd', 'capsicum']","[92, 6, 2]"
6.7,15.0,65.0,64.4,41.6,55.9,groundnut,groundnut,groundnut,98,"['groundnut', 'small onion', 'peas']","[98, 2, 0]"
6.1,32.8,88.8,24.6,32.2,32.9,gingely,gingely,gingely,100,"['gingely', 'pearl millet', 'soyabean']","[100, 0, 0]"
6.8,28.9,91.4,132.5,45.2,100.9,capsicum,capsicum,capsicum,82,"['capsicum', 'brinjal', 'bitter gourd']","[82, 18, 0]"
5.5,18.0,76.4,78.9,44.1,59.2,chowchow,chowchow,french bean,63,"['french bean', 'chowchow', 'vegetable cowpea']","[63, 34, 1]"
6.6,20.5,98.9,72.8,41.2,57.6,beetroot,beetroot,beetroot,91,"['beetroot', 'sorghum', 'cauliflower']","[91, 8, 1]"
7.0,22.6,90.0,123.2,49.9,102.2,brinjal,brinjal,brinjal,93,"['brinjal', 'capsicum', 'tomato']","[93, 6, 0]"
7.0,18.3,76.9,48.8,25.6,28.7,redgram,redgram,redgram,90,"['redgram', 'soyabean', 'pearl millet']","[90, 6, 3]"
7.1,24.8,87.5,60.1,44.7,46.3,jute,jute,sorghum,33,"['sorghum', 'jute', 'cluster bean']","[33, 30, 17]"
6.8,22.5,69.5,100.5,68.6,72.4,sugarbeet,sugarbeet,sugarbeet,81,"['sugarbeet', 'pumpkin', 'maize']","[81, 12, 4]"
7.4,28.2,17.7,39.1,29.6,27.4,blackgram,blackgram,blackgram,73,"['blackgram', 'ragi', 'thinai']","[73, 16, 6]"
5.8,24.9,53.6,56.9,30.2,28.7,cowpea,cowpea,cowpea,95,"['cowpea', 'bengalgram', 'horsegram']","[95, 4, 1]"
7.6,28.1,69.7,93.4,41.5,59.2,rice,rice,rice,47,"['rice', 'cucumber', 'cotton']","[47, 27, 21]"
6.3,23.3,87.3,71.8,50.9,91.1,snake gourd,snake gourd,snake gourd,97,"['snake gourd', 'bottle gourd', 'bitter gourd']","[97, 2, 1]"
7.1,25.3,76.0,102.1,41.4,67.2,muskmelon,muskmelon,watermelon,73,"['watermelon', 'muskmelon', 'tomato']","[73, 24, 1]"
6.9,29.1,86.1,64.7,55.8,71.5,bitter gourd,bitter gourd,bitter gourd,92,"['bitter gourd', 'ribbed gourd', 'snake gourd']","[92, 7, 0]"
7.1,23.0,69.2,91.2,43.6,47.2,rice,rice,rice,39,"['rice', 'small onion', 'cotton']","[39, 23, 21]"
6.6,25.5,57.2,86.2,42.2,56.0,tapoica,tapoica,tapoica,96,"['tapoica', 'cucumber', 'rice']","[96, 2, 1]"
6.5,20.3,81.5,109.6,66.9,80.6,onion,onion,onion,40,"['onion', 'tomato', 'brinjal']","[40, 32, 9]"
6.3,26.0,18.0,37.7,26.5,26.3,varagu,varagu,varagu,77,"['varagu', 'thinai', 'ragi']","[77, 13, 5]"
5.8,37.3,80.8,59.3,30.6,20.5,pearl millet,pearl millet,pearl millet,89,"['pearl millet', 'horsegram', 'soyabean']","[89, 10, 0]"
6.9,25.0,67.4,77.9,41.1,51.9,small onion,small onion,cucumber,61,"['cucumber', 'groundnut', 'small onion']","[61, 19, 11]"
6.8,26.1,53.5,66.1,54.4,43.8,tapoica,tapoica,tapoica,98,"['tapoica', 'cucumber', 'groundnut']","[98, 1, 0]"
6.0,23.6,60.0,59.6,34.9,26.8,bengalgram,bengalgram,bengalgram,98,"['bengalgram', 'cowpea', 'soyabean']","[98, 2, 0]"
5.8,10.2,84.7,70.1,48.1,50.8,french bean,french bean,french bean,94,"['french bean', 'radish', 'cauliflower']","[94, 5, 0]"
6.5,33.1,84.7,95.9,59.0,48.8,annual moringa,annual moringa,elephant foot yam,80,"['elephant foot yam', 'annual moringa', 'jute']","[80, 14, 2]"
7.3,31.1,83.2,83.0,49.1,52.3,annual moringa,annual moringa,annual moringa,64,"['annual moringa', 'tinda', 'jute']","[64, 17, 6]"
7.0,20.0,19.9,49.9,36.3,22.4,kudiraivali,kudiraivali,kudiraivali,99,"['kudiraivali', 'ragi', 'bengalgram']","[99, 0, 0]"
6.5,29.3,84.4,82.6,54.8,48.1,tinda,tinda,elephant foot yam,57,"['elephant foot yam', 'tinda', 'annual moringa']","[57, 26, 9]"
6.8,22.3,78.0,111.7,43.8,45.7,peas,peas,peas,76,"['peas', 'cotton', 'rice']","[76, 20, 1]"
8.3,24.0,75.3,69.0,41.9,56.6,cluster bean,cluster bean,cluster bean,99,"['cluster bean', 'cotton', 'rice']","[99, 0, 0]"
6.3,29.9,83.7,80.7,40.0,41.1,elephant foot yam,elephant foot yam,jute,48,"['jute', 'elephant foot yam', 'vegetable cowpea']","[48, 46, 2]"
6.9,40.6,65.0,63.8,49.3,59.1,groundnut,groundnut,groundnut,98,"['groundnut', 'cucumber', 'rice']","[98, 2, 0]"
6.9,21.9,72.6,185.5,90.7,125.5,sugarcane,sugarcane,sugarcane,99,"['sugarcane', 'maize', 'tomato']","[99, 1, 0]"
6.1,22.3,60.0,59.4,31.8,36.6,bengalgram,bengalgram,bengalgram,97,"['bengalgram', 'cowpea', 'soyabean']","[97, 2, 0]"
6.6,18.7,89.5,91.6,62.1,73.5,snake gourd,snake gourd,snake gourd,98,"['snake gourd', 'bottle gourd', 'brinjal']","[98, 1, 1]"
6.3,16.6,97.4,92.6,59.1,48.0,radish,radish,radish,91,"['radish', 'cauliflower', 'beetroot']","[91, 6, 2]"
6.6,33.1,78.3,110.0,59.8,44.0,annual moringa,annual moringa,annual moringa,95,"['annual moringa', 'rice', 'peas']","[95, 2, 1]"
7.3,24.5,83.2,94.7,58.0,50.1,cluster bean,cluster bean,cluster bean,51,"['cluster bean', 'cotton', 'peas']","[51, 34, 10]"
7.4,24.5,76.7,91.0,49.1,49.8,cotton,cotton,cluster bean,52,"['cluster bean', 'cotton', 'peas']","[52, 27, 8]"
5.6,22.0,72.1,177.7,83.6,88.7,maize,maize,maize,100,"['maize', 'sugarbeet', 'onion']","[100, 0, 0]"
5.7,24.0,96.2,78.9,35.7,20.2,castor,castor,castor,99,"['castor', 'sunflower', 'soyabean']","[99, 0, 0]"
6.9,20.0,16.4,46.6,20.4,36.2,kudiraivali,kudiraivali,kudiraivali,99,"['kudiraivali', 'ragi', 'thinai']","[99, 0, 0]"
7.4,23.3,83.2,107.5,58.5,99.2,tomato,tomato,tomato,81,"['tomato', 'watermelon', 'brinjal']","[81, 14, 2]"
7.8,22.8,75.3,104.2,57.3,45.4,cotton,cotton,cotton,90,"['cotton', 'peas', 'cluster bean']","[90, 4, 4]"
6.8,27.7,77.5,51.7,20.4,27.2,redgram,redgram,redgram,85,"['redgram', 'horsegram', 'soyabean']","[85, 8, 7]"
6.6,24.6,85.2,54.5,28.0,29.2,pearl millet,pearl millet,sunflower,29,"['sunflower', 'castor', 'soyabean']","[29, 25, 22]"
7.5,22.6,85.3,80.8,45.9,43.3,cotton,cotton,cotton,47,"['cotton', 'cluster bean', 'peas']","[47, 37, 14]"
5.7,26.4,57.2,86.1,45.4,46.7,tapoica,tapoica,tapoica,99,"['tapoica', 'rice', 'wheat']","[99, 1, 0]"
8.4,24.0,83.0,90.2,56.3,48.4,cluster bean,cluster bean,cluster bean,92,"['cluster bean', 'cotton', 'rice']","[92, 7, 0]"
7.1,30.0,75.4,80.5,50.1,54.4,tinda,tinda,tinda,38,"['tinda', 'annual moringa', 'cotton']","[38, 36, 8]"
6.2,26.5,55.0,58.3,33.0,21.9,cowpea,cowpea,cowpea,74,"['cowpea', 'horsegram', 'bengalgram']","[74, 17, 8]"
7.3,24.0,63.7,98.5,49.4,40.1,rice,rice,rice,67,"['rice', 'cucumber', 'wheat']","[67, 14, 8]"
6.9,18.4,80.5,126.5,72.8,85.4,maize,maize,tomato,78,"['tomato', 'maize', 'sugarbeet']","[78, 13, 7]"
5.9,43.9,85.4,50.0,23.3,37.2,pearl millet,pearl millet,pearl millet,100,"['pearl millet', 'soyabean', 'gingely']","[100, 0, 0]"
6.4,27.8,77.4,71.0,28.2,26.5,soyabean,soyabean,soyabean,96,"['soyabean', 'jute', 'horsegram']","[96, 2, 1]"
7.9,24.8,85.8,80.1,45.9,45.5,cotton,cotton,cotton,52,"['cotton', 'cluster bean', 'jute']","[52, 42, 2]"
6.7,22.6,55.2,98.9,49.8,57.1,wheat,wheat,wheat,99,"['wheat', 'rice', 'small onion']","[99, 1, 0]"
6.9,19.9,68.4,93.5,54.9,44.0,small onion,small onion,small onion,81,"['small onion', 'peas', 'rice']","[81, 10, 6]"
7.1,31.9,82.2,107.5,43.0,52.5,annual moringa,annual moringa,annual moringa,94,"['annual moringa', 'cotton', 'muskmelon']","[94, 2, 1]"
6.9,33.6,79.6,65.6,74.0,96.3,ribbed gourd,ribbed gourd,ribbed gourd,97,"['ribbed gourd', 'bitter gourd', 'ash gourd']","[97, 2, 0]"
6.4,21.3,99.3,60.2,45.5,42.6,sorghum,sorghum,beetroot,63,"['beetroot', 'sorghum', 'radish']","[63, 36, 0]"
5.7,20.8,79.9,89.7,40.8,52.3,chowchow,chowchow,chowchow,44,"['chowchow', 'vegetable cowpea', 'french bean']","[44, 32, 20]"
7.5,32.6,63.4,29.4,28.7,23.0,greengram,greengram,greengram,100,"['greengram', 'horsegram', 'blackgram']","[100, 0, 0]"
5.9,26.9,81.7,70.9,40.3,51.4,vegetable cowpea,vegetable cowpea,vegetable cowpea,48,"['vegetable cowpea', 'elephant foot yam', 'french bean']","[48, 32, 19]"
6.3,12.5,90.9,138.0,64.9,87.7,cabbage,cabbage,cabbage,93,"['cabbage', 'capsicum', 'brinjal']","[93, 7, 0]"
6.6,27.5,89.9,92.1,59.3,88.1,bitter gourd,bitter gourd,bitter gourd,87,"['bitter gourd', 'snake gourd', 'brinjal']","[87, 10, 2]"
6.4,20.3,91.2,126.7,52.7,91.8,capsicum,capsicum,capsicum,89,"['capsicum', 'brinjal', 'cabbage']","[89, 6, 5]"
6.9,22.8,65.1,154.3,84.5,131.4,sugarcane,sugarcane,sugarcane,99,"['sugarcane', 'maize', 'sugarbeet']","[99, 1, 0]"
6.0,18.7,90.0,121.4,65.3,117.7,brinjal,brinjal,brinjal,58,"['brinjal', 'capsicum', 'cabbage']","[58, 30, 11]"
7.1,25.7,77.0,100.6,52.6,59.9,annual moringa,annual moringa,watermelon,27,"['watermelon', 'cotton', 'annual moringa']","[27, 19, 19]"
7.2,25.8,83.5,117.9,51.8,88.6,muskmelon,muskmelon,watermelon,53,"['watermelon', 'muskmelon', 'tomato']","[53, 23, 20]"
5.7,21.1,53.0,57.5,28.2,30.2,cowpea,cowpea,cowpea,95,"['cowpea', 'bengalgram', 'kudiraivali']","[95, 3, 1]"
5.6,23.6,67.2,85.6,45.9,59.1,rice,rice,rice,73,"['rice', 'small onion', 'ash gourd']","[73, 13, 5]"
6.1,21.5,57.5,111.3,43.6,43.6,wheat,wheat,wheat,100,"['wheat', 'rice', 'small onion']","[100, 0, 0]"
8.6,27.5,17.3,30.2,29.0,20.0,samai,samai,samai,98,"['samai', 'blackgram', 'ragi']","[98, 1, 0]"
6.0,13.2,97.1,74.7,54.0,52.6,radish,radish,radish,98,"['radish', 'sorghum', 'beetroot']","[98, 1, 0]"
6.4,23.0,58.1,116.6,47.2,53.7,wheat,wheat,wheat,100,"['wheat', 'rice', 'small onion']","[100, 0, 0]"
6.6,18.8,89.2,86.4,76.3,93.7,snake gourd,snake gourd,snake gourd,97,"['snake gourd', 'bottle gourd', 'brinjal']","[97, 1, 1]"
6.2,27.4,81.1,65.6,53.6,57.1,elephant foot yam,elephant foot yam,elephant foot yam,82,"['elephant foot yam', 'vegetable cowpea', 'tinda']","[82, 8, 5]"
5.8,16.6,92.0,115.7,78.9,96.5,capsicum,capsicum,capsicum,65,"['capsicum', 'cabbage', 'brinjal']","[65, 35, 0]"
7.5,11.8,17.1,30.3,24.5,23.3,ragi,ragi,ragi,99,"['ragi', 'panivaragu', 'blackgram']","[99, 1, 0]"
6.6,15.6,93.9,114.1,43.1,110.3,capsicum,capsicum,capsicum,98,"['capsicum', 'cabbage', 'brinjal']","[98, 1, 0]"
7.3,30.4,60.9,80.3,51.3,49.7,cucumber,cucumber,cucumber,88,"['cucumber', 'rice', 'tapoica']","[88, 8, 4]"
5.7,20.8,54.3,53.6,37.9,22.6,cowpea,cowpea,cowpea,90,"['cowpea', 'bengalgram', 'kudiraivali']","[90, 7, 2]"
6.7,24.4,76.6,134.8,62.2,94.6,chillies,chillies,tomato,47,"['tomato', 'chillies', 'maize']","[47, 41, 4]"
6.8,20.5,17.1,36.1,29.5,37.9,blackgram,blackgram,blackgram,87,"['blackgram', 'thinai', 'kudiraivali']","[87, 5, 3]"
7.0,17.5,90.2,133.6,78.8,91.9,capsicum,capsicum,capsicum,80,"['capsicum', 'brinjal', 'cabbage']","[80, 14, 5]"
6.1,19.5,83.4,71.6,51.1,57.3,chowchow,chowchow,chowchow,90,"['chowchow', 'french bean', 'snake gourd']","[90, 4, 2]"
6.1,20.9,50.9,40.0,21.7,29.5,cowpea,cowpea,cowpea,96,"['cowpea', 'thinai', 'bengalgram']","[96, 1, 1]"
6.6,20.2,74.3,92.4,56.1,46.5,small onion,small onion,small onion,67,"['small onion', 'peas', 'rice']","[67, 21, 6]"
6.5,15.9,95.2,107.0,51.6,57.6,cauliflower,cauliflower,cauliflower,93,"['cauliflower', 'radish', 'peas']","[93, 7, 0]"
6.1,25.8,15.9,33.3,27.3,28.5,varagu,varagu,varagu,80,"['varagu', 'thinai', 'ragi']","[80, 11, 4]"
6.3,24.5,83.9,106.1,57.3,93.6,chillies,chillies,watermelon,31,"['watermelon', 'onion', 'chillies']","[31, 30, 20]"
6.7,27.1,90.0,103.2,53.4,119.8,brinjal,brinjal,brinjal,81,"['brinjal', 'capsicum', 'chillies']","[81, 16, 1]"
6.6,23.9,75.7,181.3,78.9,142.6,sugarcane,sugarcane,sugarcane,98,"['sugarcane', 'chillies', 'tomato']","[98, 1, 1]"
5.6,27.4,78.5,60.4,43.8,40.7,vegetable cowpea,vegetable cowpea,vegetable cowpea,80,"['vegetable cowpea', 'elephant foot yam', 'french bean']","[80, 12, 6]"
5.9,21.5,79.4,121.3,70.9,83.5,maize,maize,onion,82,"['onion', 'maize', 'chillies']","[82, 14, 2]"
6.7,26.1,68.3,27.0,25.6,28.8,greengram,greengram,greengram,100,"['greengram', 'horsegram', 'gingely']","[100, 0, 0]"
5.6,14.2,78.7,94.6,50.4,47.2,french bean,french bean,french bean,99,"['french bean', 'chowchow', 'vegetable cowpea']","[99, 1, 0]"
6.9,28.4,88.9,77.5,43.6,36.0,jute,jute,jute,94,"['jute', 'soyabean', 'sorghum']","[94, 3, 1]"
7.6,26.8,79.3,111.0,50.9,50.2,annual moringa,annual moringa,annual moringa,54,"['annual moringa', 'cotton', 'peas']","[54, 41, 3]"
6.2,26.6,52.3,82.0,50.4,56.4,tapoica,tapoica,tapoica,99,"['tapoica', 'ash gourd', 'rice']","[99, 0, 0]"
6.4,8.0,91.8,129.0,80.8,103.7,cabbage,cabbage,cabbage,100,"['cabbage', 'capsicum', 'brinjal']","[100, 0, 0]"
6.2,28.8,80.2,127.6,50.4,101.1,chillies,chillies,chillies,98,"['chillies', 'tomato', 'onion']","[98, 2, 0]"
5.7,30.4,67.8,94.3,55.2,47.5,rice,rice,rice,98,"['rice', 'tapoica', 'vegetable cowpea']","[98, 1, 0]"
5.7,20.3,82.7,86.9,53.6,48.5,chowchow,chowchow,chowchow,51,"['chowchow', 'french bean', 'vegetable cowpea']","[51, 23, 22]"
6.6,35.7,65.0,79.0,49.0,47.8,groundnut,groundnut,groundnut,78,"['groundnut', 'cucumber', 'rice']","[78, 17, 4]"
6.6,33.9,83.5,87.2,68.1,94.9,ribbed gourd,ribbed gourd,ribbed gourd,91,"['ribbed gourd', 'muskmelon', 'bitter gourd']","[91, 5, 4]"
6.8,29.7,77.2,56.3,30.4,34.5,horsegram,horsegram,redgram,67,"['redgram', 'horsegram', 'soyabean']","[67, 18, 13]"
6.6,25.2,75.6,81.4,48.2,41.1,tinda,tinda,tinda,57,"['tinda', 'annual moringa', 'jute']","[57, 11, 11]"
7.2,34.2,17.6,36.9,23.5,21.5,blackgram,blackgram,blackgram,74,"['blackgram', 'panivaragu', 'samai']","[74, 24, 1]"
6.5,21.4,91.2,62.9,40.4,54.1,sorghum,sorghum,sorghum,96,"['sorghum', 'beetroot', 'chowchow']","[96, 2, 0]"
6.4,26.3,78.2,71.9,42.9,97.4,bottle gourd,bottle gourd,bottle gourd,68,"['bottle gourd', 'ribbed gourd', 'bitter gourd']","[68, 16, 9]"
6.2,25.1,58.9,53.1,22.2,36.5,horsegram,horsegram,bengalgram,47,"['bengalgram', 'cowpea', 'horsegram']","[47, 39, 12]"
5.8,21.7,84.7,60.7,45.8,41.6,vegetable cowpea,vegetable cowpea,vegetable cowpea,38,"['vegetable cowpea', 'chowchow', 'french bean']","[38, 31, 28]"
6.2,20.0,86.3,86.5,71.2,73.2,snake gourd,snake gourd,snake gourd,98,"['snake gourd', 'bottle gourd', 'brinjal']","[98, 2, 0]"
6.7,34.7,81.0,96.4,44.1,91.3,ribbed gourd,ribbed gourd,muskmelon,67,"['muskmelon', 'ribbed gourd', 'bitter gourd']","[67, 31, 1]"
6.4,18.3,99.3,73.6,49.6,55.4,beetroot,beetroot,beetroot,90,"['beetroot', 'sorghum', 'radish']","[90, 6, 3]"
6.6,25.1,97.7,132.9,83.4,94.8,bhendi,bhendi,bhendi,96,"['bhendi', 'cabbage', 'capsicum']","[96, 3, 0]"
6.5,26.5,19.2,36.7,25.6,25.5,varagu,varagu,varagu,53,"['varagu', 'thinai', 'ragi']","[53, 28, 9]"
6.1,21.5,90.0,144.2,69.6,100.1,brinjal,brinjal,brinjal,64,"['brinjal', 'capsicum', 'cabbage']","[64, 15, 14]"
7.4,32.1,63.8,68.5,40.6,52.9,cucumber,cucumber,cucumber,97,"['cucumber', 'groundnut', 'rice']","[97, 1, 1]"
6.6,22.6,60.0,51.8,21.1,34.1,bengalgram,bengalgram,bengalgram,99,"['bengalgram', 'cowpea', 'soyabean']","[99, 0, 0]"
7.2,10.2,89.1,87.6,40.7,44.5,peas,peas,peas,98,"['peas', 'cauliflower', 'cotton']","[98, 1, 0]"
6.7,26.9,75.4,144.0,77.9,109.6,chillies,chillies,chillies,42,"['chillies', 'sugarcane', 'tomato']","[42, 30, 27]"
6.0,11.2,97.1,94.6,57.5,46.3,radish,radish,radish,97,"['radish', 'cauliflower', 'beetroot']","[97, 3, 0]"
6.1,23.9,66.0,85.5,74.6,91.3,pumpkin,pumpkin,pumpkin,78,"['pumpkin', 'ash gourd', 'bottle gourd']","[78, 21, 0]"
6.0,19.6,68.8,118.0,81.0,60.1,carrot,carrot,carrot,45,"['carrot', 'sugarbeet', 'maize']","[45, 35, 20]"
6.8,29.6,82.4,25.1,39.2,30.3,gingely,gingely,gingely,100,"['gingely', 'redgram', 'pearl millet']","[100, 0, 0]"
6.2,26.7,78.4,67.1,39.7,44.0,jute,jute,jute,63,"['jute', 'tinda', 'elephant foot yam']","[63, 12, 12]"
6.8,21.0,84.8,114.3,41.1,58.2,peas,peas,peas,81,"['peas', 'cotton', 'sweet potato']","[81, 11, 6]"
6.0,10.1,76.0,92.1,52.8,47.9,french bean,french bean,french bean,74,"['french bean', 'peas', 'chowchow']","[74, 24, 1]"
6.3,19.3,90.0,116.1,48.9,110.1,brinjal,brinjal,brinjal,65,"['brinjal', 'capsicum', 'cabbage']","[65, 34, 1]"
7.0,24.1,78.1,92.4,49.1,40.0,rice,rice,cluster bean,29,"['cluster bean', 'peas', 'cotton']","[29, 25, 18]"
7.1,33.3,74.0,68.3,40.9,42.6,jute,jute,jute,84,"['jute', 'cucumber', 'tinda']","[84, 11, 2]"
5.9,15.5,93.1,102.1,65.2,99.2,capsicum,capsicum,capsicum,62,"['capsicum', 'cabbage', 'brinjal']","[62, 37, 0]"
7.5,19.4,90.0,106.6,78.6,92.3,brinjal,brinjal,brinjal,96,"['brinjal', 'capsicum', 'tomato']","[96, 2, 1]"
7.5,20.9,17.6,35.1,24.1,20.9,blackgram,blackgram,ragi,67,"['ragi', 'blackgram', 'thinai']","[67, 30, 2]"
6.6,33.0,84.2,71.6,46.2,61.2,ribbed gourd,ribbed gourd,ribbed gourd,50,"['ribbed gourd', 'elephant foot yam', 'bitter gourd']","[50, 40, 5]"
6.2,20.4,69.0,85.8,71.4,77.8,pumpkin,pumpkin,pumpkin,78,"['pumpkin', 'carrot', 'bottle gourd']","[78, 17, 3]"
6.0,13.5,90.8,59.7,21.3,30.2,pearl millet,pearl millet,pearl millet,80,"['pearl millet', 'soyabean', 'radish']","[80, 20, 0]"
6.1,20.0,17.2,56.8,22.4,29.4,kudiraivali,kudiraivali,kudiraivali,99,"['kudiraivali', 'ragi', 'thinai']","[99, 0, 0]"
6.2,34.8,84.1,93.0,35.0,43.5,jute,jute,jute,92,"['jute', 'elephant foot yam', 'annual moringa']","[92, 7, 0]"
7.7,27.5,93.9,27.9,26.7,26.2,gingely,gingely,gingely,100,"['gingely', 'castor', 'pearl millet']","[100, 0, 0]"
7.7,39.5,17.1,28.6,20.5,24.4,blackgram,blackgram,blackgram,94,"['blackgram', 'samai', 'panivaragu']","[94, 5, 1]"
6.8,35.3,17.3,21.3,25.6,21.1,blackgram,blackgram,blackgram,93,"['blackgram', 'panivaragu', 'thinai']","[93, 7, 0]"
6.6,25.7,83.2,66.2,65.7,78.7,bitter gourd,bitter gourd,bitter gourd,51,"['bitter gourd', 'bottle gourd', 'ribbed gourd']","[51, 26, 17]"
6.7,24.6,60.0,50.8,34.3,22.8,bengalgram,bengalgram,bengalgram,97,"['bengalgram', 'horsegram', 'cowpea']","[97, 1, 0]"
7.2,22.0,82.0,42.3,36.6,29.4,sunflower,sunflower,sunflower,72,"['sunflower', 'pearl millet', 'castor']","[72, 11, 11]"
7.0,18.3,67.5,85.2,41.8,77.3,pumpkin,pumpkin,pumpkin,94,"['pumpkin', 'carrot', 'small onion']","[94, 3, 1]"
6.2,24.0,95.7,103.3,85.7,109.0,bhendi,bhendi,bhendi,68,"['bhendi', 'cabbage', 'capsicum']","[68, 31, 1]"
6.3,17.9,60.7,103.5,81.1,80.6,carrot,carrot,carrot,100,"['carrot', 'sugarbeet', 'maize']","[100, 0, 0]"
7.5,27.3,75.5,126.2,45.0,89.9,tomato,tomato,tomato,83,"['tomato', 'muskmelon', 'watermelon']","[83, 11, 3]"
5.8,15.3,81.3,86.5,58.2,40.5,french bean,french bean,french bean,98,"['french bean', 'chowchow', 'vegetable cowpea']","[98, 1, 0]"
7.1,20.7,91.1,59.0,29.2,21.4,pearl millet,pearl millet,sunflower,89,"['sunflower', 'pearl millet', 'castor']","[89, 6, 3]"
7.0,34.4,80.4,76.8,54.7,44.7,elephant foot yam,elephant foot yam,elephant foot yam,50,"['elephant foot yam', 'jute', 'annual moringa']","[50, 20, 18]"
6.9,18.2,81.2,114.0,54.2,104.0,tomato,tomato,tomato,98,"['tomato', 'brinjal', 'onion']","[98, 1, 0]"
6.8,20.0,75.9,71.1,20.9,30.6,soyabean,soyabean,soyabean,86,"['soyabean', 'redgram', 'sunflower']","[86, 10, 4]"
6.9,13.0,65.0,57.1,58.9,48.1,groundnut,groundnut,groundnut,100,"['groundnut', 'small onion', 'peas']","[100, 0, 0]"
6.1,20.4,84.9,94.5,42.6,98.6,bottle gourd,bottle gourd,bottle gourd,46,"['bottle gourd', 'snake gourd', 'brinjal']","[46, 38, 6]"
6.0,25.6,79.8,102.4,53.5,62.4,watermelon,watermelon,watermelon,92,"['watermelon', 'bottle gourd', 'chillies']","[92, 2, 1]"
7.0,32.7,65.0,54.6,51.8,56.4,groundnut,groundnut,groundnut,85,"['groundnut', 'cucumber', 'horsegram']","[85, 14, 0]"
7.0,22.9,77.1,110.6,76.9,92.6,tomato,tomato,tomato,87,"['tomato', 'sugarbeet', 'chillies']","[87, 5, 4]"
6.7,23.5,75.1,116.4,77.4,116.5,chillies,chillies,chillies,39,"['chillies', 'tomato', 'sugarcane']","[39, 36, 18]"
6.2,26.3,81.7,100.0,59.3,60.9,watermelon,watermelon,watermelon,52,"['watermelon', 'bottle gourd', 'bitter gourd']","[52, 19, 9]"
6.7,27.2,91.1,98.9,77.6,80.9,bitter gourd,bitter gourd,bitter gourd,79,"['bitter gourd', 'snake gourd', 'capsicum']","[79, 11, 6]"
6.3,22.4,55.0,118.3,42.6,43.3,wheat,wheat,wheat,100,"['wheat', 'rice', 'small onion']","[100, 0, 0]"
5.7,16.2,15.2,30.1,21.2,26.2,panivaragu,panivaragu,panivaragu,57,"['panivaragu', 'ragi', 'thinai']","[57, 42, 1]"
5.9,27.6,80.6,66.7,51.2,40.7,elephant foot yam,elephant foot yam,vegetable cowpea,67,"['vegetable cowpea', 'elephant foot yam', 'french bean']","[67, 28, 3]"
6.2,23.2,86.6,112.8,56.5,46.5,sweet potato,sweet potato,sweet potato,100,"['sweet potato', 'peas', 'cauliflower']","[100, 0, 0]"
6.1,24.1,77.5,78.1,42.5,79.6,bottle gourd,bottle gourd,bottle gourd,77,"['bottle gourd', 'watermelon', 'bitter gourd']","[77, 17, 2]"
7.0,29.7,60.0,41.7,32.9,22.5,bengalgram,bengalgram,bengalgram,45,"['bengalgram', 'horsegram', 'greengram']","[45, 34, 20]"
5.7,32.5,83.3,77.0,45.2,46.5,elephant foot yam,elephant foot yam,elephant foot yam,92,"['elephant foot yam', 'vegetable cowpea', 'jute']","[92, 6, 1]"
8.7,32.9,15.5,35.4,28.4,29.0,samai,samai,samai,100,"['samai', 'blackgram', 'panivaragu']","[100, 0, 0]"
7.2,29.4,58.2,44.4,27.0,25.5,horsegram,horsegram,horsegram,93,"['horsegram', 'bengalgram', 'greengram']","[93, 4, 3]"
6.3,24.4,99.9,113.2,61.8,98.6,bhendi,bhendi,bhendi,86,"['bhendi', 'cabbage', 'capsicum']","[86, 13, 1]"
8.8,36.0,16.9,30.3,28.0,22.4,samai,samai,samai,99,"['samai', 'blackgram', 'panivaragu']","[99, 1, 0]"
7.3,31.5,87.0,65.9,46.7,49.3,jute,jute,jute,62,"['jute', 'tinda', 'sorghum']","[62, 16, 13]"
7.2,28.4,81.4,117.2,56.8,75.3,muskmelon,muskmelon,muskmelon,84,"['muskmelon', 'watermelon', 'tomato']","[84, 9, 4]"
6.3,28.0,76.6,59.8,36.0,37.7,soyabean,soyabean,soyabean,60,"['soyabean', 'horsegram', 'jute']","[60, 17, 13]"
6.7,38.8,67.5,84.6,48.9,44.8,rice,rice,rice,70,"['rice', 'cucumber', 'groundnut']","[70, 18, 6]"
6.1,24.9,71.8,91.5,57.1,58.7,small onion,small onion,small onion,48,"['small onion', 'rice', 'ash gourd']","[48, 31, 8]"
6.7,15.9,63.8,97.9,88.0,88.2,carrot,carrot,carrot,100,"['carrot', 'pumpkin', 'sugarbeet']","[100, 0, 0]"
5.7,22.7,17.6,39.1,21.7,21.4,panivaragu,panivaragu,thinai,54,"['thinai', 'ragi', 'panivaragu']","[54, 25, 16]"
6.6,30.5,84.9,100.4,50.6,90.4,muskmelon,muskmelon,muskmelon,84,"['muskmelon', 'ribbed gourd', 'bitter gourd']","[84, 8, 3]"
5.8,20.0,18.2,48.4,30.6,30.2,kudiraivali,kudiraivali,kudiraivali,99,"['kudiraivali', 'cowpea', 'ragi']","[99, 0, 0]"
7.6,35.8,17.4,22.8,38.4,36.3,blackgram,blackgram,blackgram,100,"['blackgram', 'samai', 'panivaragu']","[100, 0, 0]"
5.7,25.3,90.4,108.0,42.7,82.1,capsicum,capsicum,capsicum,97,"['capsicum', 'brinjal', 'cabbage']","[97, 1, 0]"
6.7,31.7,76.8,73.4,30.5,24.2,soyabean,soyabean,soyabean,87,"['soyabean', 'jute', 'horsegram']","[87, 9, 3]"
6.3,19.6,83.5,73.2,56.1,50.1,chowchow,chowchow,chowchow,95,"['chowchow', 'french bean', 'vegetable cowpea']","[95, 2, 1]"
6.6,21.2,86.2,100.8,54.7,52.2,sweet potato,sweet potato,sweet potato,86,"['sweet potato', 'peas', 'chowchow']","[86, 11, 2]"
7.0,25.9,75.7,95.1,57.8,87.6,ribbed gourd,ribbed gourd,watermelon,51,"['watermelon', 'muskmelon', 'ribbed gourd']","[51, 26, 16]"
7.5,32.9,63.8,86.7,50.2,50.5,cucumber,cucumber,cucumber,76,"['cucumber', 'rice', 'tapoica']","[76, 23, 0]"
6.5,21.7,62.2,93.2,71.7,88.5,pumpkin,pumpkin,pumpkin,96,"['pumpkin', 'carrot', 'ash gourd']","[96, 2, 1]"
7.2,34.1,80.2,70.4,60.2,78.8,ribbed gourd,ribbed gourd,ribbed gourd,99,"['ribbed gourd', 'muskmelon', 'bitter gourd']","[99, 1, 0]"
6.8,22.2,79.1,47.5,22.9,35.4,redgram,redgram,redgram,94,"['redgram', 'sunflower', 'soyabean']","[94, 3, 2]"
6.7,33.7,18.0,34.8,36.8,26.7,blackgram,blackgram,blackgram,87,"['blackgram', 'panivaragu', 'thinai']","[87, 12, 1]"
6.7,15.7,68.7,118.3,78.9,81.7,carrot,carrot,carrot,83,"['carrot', 'sugarbeet', 'maize']","[83, 17, 0]"
5.7,19.6,19.2,38.9,20.1,23.7,ragi,ragi,ragi,51,"['ragi', 'panivaragu', 'thinai']","[51, 31, 13]"
6.1,25.9,84.1,73.4,40.7,59.8,elephant foot yam,elephant foot yam,elephant foot yam,64,"['elephant foot yam', 'vegetable cowpea', 'snake gourd']","[64, 10, 9]"
6.0,25.1,83.2,87.6,40.2,89.0,watermelon,watermelon,watermelon,50,"['watermelon', 'bottle gourd', 'snake gourd']","[50, 25, 19]"
6.9,26.3,91.9,85.4,69.9,74.6,bitter gourd,bitter gourd,bitter gourd,83,"['bitter gourd', 'snake gourd', 'capsicum']","[83, 16, 0]"
6.3,24.1,79.5,103.8,59.4,111.0,chillies,chillies,onion,55,"['onion', 'chillies', 'watermelon']","[55, 39, 3]"
7.2,25.8,64.7,30.4,35.2,38.9,greengram,greengram,greengram,99,"['greengram', 'horsegram', 'blackgram']","[99, 0, 0]"
7.7,37.3,17.9,25.6,31.0,22.3,blackgram,blackgram,blackgram,99,"['blackgram', 'samai', 'panivaragu']","[99, 1, 0]"
7.1,29.0,82.3,105.9,41.1,48.4,cotton,cotton,annual moringa,52,"['annual moringa', 'cotton', 'peas']","[52, 27, 14]"
7.9,23.8,19.3,30.0,20.5,22.2,ragi,ragi,ragi,70,"['ragi', 'samai', 'blackgram']","[70, 14, 14]"
6.9,37.3,63.1,49.8,38.1,35.1,horsegram,horsegram,horsegram,98,"['horsegram', 'greengram', 'groundnut']","[98, 1, 1]"
5.9,20.0,19.9,51.4,33.5,22.5,kudiraivali,kudiraivali,kudiraivali,97,"['kudiraivali', 'cowpea', 'bengalgram']","[97, 2, 0]"
6.9,34.2,78.3,118.8,49.5,41.9,annual moringa,annual moringa,annual moringa,96,"['annual moringa', 'peas', 'muskmelon']","[96, 1, 1]"
5.7,25.5,83.0,76.8,48.9,51.3,french bean,french bean,vegetable cowpea,55,"['vegetable cowpea', 'french bean', 'elephant foot yam']","[55, 23, 21]"
5.9,21.6,77.9,85.2,48.9,42.1,french bean,french bean,chowchow,43,"['chowchow', 'vegetable cowpea', 'french bean']","[43, 34, 19]"
7.0,34.0,61.1,75.9,53.5,53.5,cucumber,cucumber,cucumber,91,"['cucumber', 'groundnut', 'rice']","[91, 8, 1]"
7.1,23.2,80.0,104.6,66.3,95.2,tomato,tomato,tomato,92,"['tomato', 'sugarbeet', 'watermelon']","[92, 2, 2]"
6.2,19.9,64.5,116.2,73.8,78.8,carrot,carrot,carrot,77,"['carrot', 'sugarbeet', 'maize']","[77, 13, 8]"
6.6,28.7,98.0,90.7,51.6,54.2,cauliflower,cauliflower,cauliflower,98,"['cauliflower', 'sorghum', 'peas']","[98, 1, 0]"
6.3,26.2,62.3,75.7,78.1,63.3,ash gourd,ash gourd,ash gourd,62,"['ash gourd', 'pumpkin', 'bottle gourd']","[62, 38, 0]"
6.6,24.4,96.6,107.7,63.1,107.7,bhendi,bhendi,bhendi,92,"['bhendi', 'cabbage', 'capsicum']","[92, 5, 3]"
5.7,25.4,18.0,38.0,24.1,20.9,varagu,varagu,varagu,78,"['varagu', 'thinai', 'ragi']","[78, 12, 6]"
8.7,30.1,17.7,32.2,29.7,27.6,samai,samai,samai,98,"['samai', 'blackgram', 'ragi']","[98, 2, 0]"
6.1,15.0,67.1,113.7,67.4,87.6,carrot,carrot,carrot,97,"['carrot', 'sugarbeet', 'pumpkin']","[97, 3, 0]"
6.7,42.8,93.6,54.3,29.9,33.7,pearl millet,pearl millet,pearl millet,99,"['pearl millet', 'soyabean', 'gingely']","[99, 1, 0]"
7.7,25.5,70.2,157.7,79.1,137.2,sugarcane,sugarcane,sugarcane,100,"['sugarcane', 'tomato', 'sugarbeet']","[100, 0, 0]"
6.2,25.6,17.7,36.6,27.8,29.8,varagu,varagu,varagu,77,"['varagu', 'thinai', 'ragi']","[77, 13, 5]"
7.4,18.7,92.0,69.2,59.2,44.5,sorghum,sorghum,sorghum,98,"['sorghum', 'beetroot', 'peas']","[98, 2, 0]"
6.9,22.0,58.1,114.0,45.4,52.6,wheat,wheat,wheat,100,"['wheat', 'peas', 'rice']","[100, 0, 0]"
6.8,19.1,80.1,80.7,47.2,43.9,peas,peas,peas,75,"['peas', 'chowchow', 'small onion']","[75, 17, 4]"
6.9,26.3,82.2,96.6,54.5,54.0,elephant foot yam,elephant foot yam,tinda,49,"['tinda', 'elephant foot yam', 'annual moringa']","[49, 15, 14]"
6.5,23.0,91.0,43.5,27.8,24.6,castor,castor,castor,42,"['castor', 'sunflower', 'pearl millet']","[42, 38, 16]"
7.0,26.5,76.9,64.6,47.9,49.7,tinda,tinda,tinda,93,"['tinda', 'jute', 'elephant foot yam']","[93, 3, 1]"
6.9,27.1,75.7,96.7,42.1,81.7,ribbed gourd,ribbed gourd,muskmelon,52,"['muskmelon', 'ribbed gourd', 'watermelon']","[52, 19, 17]"
6.8,30.5,77.8,95.0,50.2,74.9,muskmelon,muskmelon,muskmelon,67,"['muskmelon', 'ribbed gourd', 'bitter gourd']","[67, 30, 2]"
6.5,25.0,97.4,44.5,36.9,34.2,castor,castor,castor,74,"['castor', 'sunflower', 'pearl millet']","[74, 13, 10]"
6.3,18.8,68.5,75.4,46.5,49.9,small onion,small onion,small onion,96,"['small onion', 'groundnut', 'chowchow']","[96, 2, 1]"
7.7,15.7,69.3,144.5,62.4,78.3,sugarbeet,sugarbeet,sugarbeet,100,"['sugarbeet', 'maize', 'carrot']","[100, 0, 0]"
6.3,20.2,79.4,133.8,68.4,97.7,onion,onion,onion,87,"['onion', 'tomato', 'maize']","[87, 6, 4]"
7.8,29.7,88.4,117.3,47.8,43.4,cotton,cotton,cotton,82,"['cotton', 'annual moringa', 'peas']","[82, 11, 7]"
6.6,13.8,96.1,96.0,47.3,46.9,cauliflower,cauliflower,cauliflower,57,"['cauliflower', 'radish', 'beetroot']","[57, 42, 0]"
6.8,20.7,65.0,54.2,53.3,46.2,groundnut,groundnut,groundnut,99,"['groundnut', 'small onion', 'pumpkin']","[99, 1, 0]"
6.0,24.4,69.7,86.4,65.4,84.6,pumpkin,pumpkin,ash gourd,55,"['ash gourd', 'pumpkin', 'bottle gourd']","[55, 39, 3]"
6.6,24.3,86.0,79.5,69.2,89.7,snake gourd,snake gourd,snake gourd,81,"['snake gourd', 'bitter gourd', 'bottle gourd']","[81, 13, 5]"
7.7,33.3,71.6,93.1,46.0,52.0,rice,rice,rice,69,"['rice', 'cucumber', 'annual moringa']","[69, 21, 5]"
7.4,27.9,80.8,92.5,37.2,43.8,jute,jute,jute,75,"['jute', 'tinda', 'annual moringa']","[75, 11, 7]"
6.7,46.4,65.0,70.9,41.4,57.0,groundnut,groundnut,groundnut,98,"['groundnut', 'cucumber', 'rice']","[98, 2, 0]"
7.3,31.6,80.7,92.9,45.3,60.1,muskmelon,muskmelon,annual moringa,53,"['annual moringa', 'muskmelon', 'ribbed gourd']","[53, 23, 9]"
6.4,20.0,16.2,51.6,31.9,38.5,kudiraivali,kudiraivali,kudiraivali,100,"['kudiraivali', 'cowpea', 'thinai']","[100, 0, 0]"
6.4,24.6,88.5,114.4,59.4,53.4,sweet potato,sweet potato,sweet potato,100,"['sweet potato', 'peas', 'cauliflower']","[100, 0, 0]"
6.4,25.8,60.9,126.8,88.8,78.6,maize,maize,maize,99,"['maize', 'pumpkin', 'ash gourd']","[99, 0, 0]"
6.7,30.0,64.3,93.8,58.8,57.0,cucumber,cucumber,cucumber,81,"['cucumber', 'rice', 'tapoica']","[81, 13, 4]"
6.9,25.6,90.0,130.8,41.9,92.4,brinjal,brinjal,brinjal,83,"['brinjal', 'capsicum', 'tomato']","[83, 16, 0]"
6.3,26.0,54.7,93.8,51.2,41.9,tapoica,tapoica,tapoica,98,"['tapoica', 'wheat', 'rice']","[98, 1, 1]"
6.8,29.1,80.7,143.4,77.9,83.5,tomato,tomato,chillies,48,"['chillies', 'tomato', 'maize']","[48, 46, 3]"
6.1,25.4,86.3,75.3,57.6,74.4,snake gourd,snake gourd,snake gourd,95,"['snake gourd', 'bitter gourd', 'bottle gourd']","[95, 2, 2]"
6.7,29.9,84.1,87.8,51.1,50.8,tinda,tinda,elephant foot yam,36,"['elephant foot yam', 'tinda', 'annual moringa']","[36, 35, 19]"
5.8,25.5,75.2,136.7,77.6,70.7,maize,maize,maize,97,"['maize', 'sugarbeet', 'chillies']","[97, 1, 1]"
7.3,25.8,78.2,140.5,79.5,101.8,tomato,tomato,tomato,93,"['tomato', 'sugarcane', 'chillies']","[93, 3, 2]"
6.6,31.1,83.1,26.3,23.9,29.8,gingely,gingely,gingely,100,"['gingely', 'pearl millet', 'greengram']","[100, 0, 0]"
6.8,34.7,66.4,93.0,46.2,49.4,cucumber,cucumber,cucumber,71,"['cucumber', 'rice', 'jute']","[71, 26, 2]"
6.8,24.3,65.0,74.6,50.0,40.7,groundnut,groundnut,groundnut,82,"['groundnut', 'cucumber', 'small onion']","[82, 10, 6]"
8.9,34.7,15.7,38.5,22.2,25.9,samai,samai,samai,100,"['samai', 'blackgram', 'panivaragu']","[100, 0, 0]"
8.7,34.4,19.6,37.3,24.2,23.2,samai,samai,samai,100,"['samai', 'blackgram', 'panivaragu']","[100, 0, 0]"
7.2,30.8,67.9,38.4,36.0,20.5,greengram,greengram,greengram,99,"['greengram', 'horsegram', 'gingely']","[99, 1, 0]"
6.2,24.4,96.6,130.3,94.5,105.9,bhendi,bhendi,bhendi,83,"['bhendi', 'cabbage', 'capsicum']","[83, 16, 0]"
6.3,24.8,92.0,42.1,32.4,27.3,pearl millet,pearl millet,castor,56,"['castor', 'pearl millet', 'sunflower']","[56, 36, 4]"
6.3,31.7,80.0,68.8,43.9,45.4,elephant foot yam,elephant foot yam,elephant foot yam,59,"['elephant foot yam', 'jute', 'vegetable cowpea']","[59, 37, 1]"
8.1,24.6,78.0,90.8,48.5,43.9,cluster bean,cluster bean,cluster bean,75,"['cluster bean', 'cotton', 'rice']","[75, 18, 4]"
6.6,25.6,64.7,68.3,43.0,51.4,cucumber,cucumber,cucumber,63,"['cucumber', 'groundnut', 'tapoica']","[63, 31, 4]"
7.1,25.6,76.2,71.2,70.7,99.9,ribbed gourd,ribbed gourd,ribbed gourd,83,"['ribbed gourd', 'ash gourd', 'bitter gourd']","[83, 6, 4]"
6.7,26.4,84.2,109.2,50.9,93.1,watermelon,watermelon,watermelon,39,"['watermelon', 'muskmelon', 'chillies']","[39, 19, 17]"
7.7,25.0,66.4,102.9,65.0,73.8,sugarbeet,sugarbeet,sugarbeet,94,"['sugarbeet', 'sugarcane', 'maize']","[94, 2, 1]"
6.8,18.8,99.0,82.7,52.9,57.3,beetroot,beetroot,beetroot,91,"['beetroot', 'cauliflower', 'radish']","[91, 7, 1]"
5.9,30.0,81.6,76.8,48.5,47.8,vegetable cowpea,vegetable cowpea,elephant foot yam,63,"['elephant foot yam', 'vegetable cowpea', 'jute']","[63, 35, 1]"
6.7,22.3,89.8,88.1,76.5,96.7,snake gourd,snake gourd,snake gourd,96,"['snake gourd', 'brinjal', 'bitter gourd']","[96, 1, 1]"
6.1,20.7,99.4,135.6,76.1,93.6,cabbage,cabbage,cabbage,90,"['cabbage', 'capsicum', 'bhendi']","[90, 6, 3]"
7.3,26.6,60.2,58.3,20.2,29.8,horsegram,horsegram,horsegram,74,"['horsegram', 'bengalgram', 'greengram']","[74, 24, 1]"
6.9,26.7,76.5,44.5,34.3,28.3,redgram,redgram,redgram,84,"['redgram', 'horsegram', 'soyabean']","[84, 13, 2]"
8.1,14.3,17.0,37.2,22.0,27.9,ragi,ragi,ragi,100,"['ragi', 'panivaragu', 'blackgram']","[100, 0, 0]"
7.5,28.5,83.3,39.7,31.9,29.3,gingely,gingely,gingely,81,"['gingely', 'pearl millet', 'horsegram']","[81, 15, 1]"
6.6,19.6,85.6,90.9,65.6,65.7,snake gourd,snake gourd,snake gourd,91,"['snake gourd', 'bottle gourd', 'brinjal']","[91, 8, 0]"
6.2,23.2,15.7,35.0,20.7,24.5,panivaragu,panivaragu,thinai,61,"['thinai', 'panivaragu', 'ragi']","[61, 17, 17]"
6.6,20.5,65.0,51.3,44.2,48.3,groundnut,groundnut,groundnut,99,"['groundnut', 'small onion', 'pumpkin']","[99, 1, 0]"
6.6,29.7,93.0,140.9,52.1,98.0,capsicum,capsicum,capsicum,90,"['capsicum', 'brinjal', 'bitter gourd']","[90, 9, 0]"
6.5,10.0,92.9,144.0,76.8,80.5,cabbage,cabbage,cabbage,97,"['cabbage', 'capsicum', 'brinjal']","[97, 3, 0]"
7.3,28.1,63.7,25.9,23.7,22.0,greengram,greengram,greengram,100,"['greengram', 'horsegram', 'thinai']","[100, 0, 0]"
6.0,18.3,92.4,110.5,99.8,81.2,cabbage,cabbage,cabbage,88,"['cabbage', 'capsicum', 'brinjal']","[88, 11, 1]"
7.2,21.5,90.0,142.8,43.4,103.9,brinjal,brinjal,brinjal,95,"['brinjal', 'capsicum', 'tomato']","[95, 5, 1]"
6.0,26.6,15.7,39.0,25.9,25.1,varagu,varagu,varagu,76,"['varagu', 'thinai', 'ragi']","[76, 15, 5]"
7.0,22.3,58.8,82.6,43.2,54.4,wheat,wheat,wheat,97,"['wheat', 'rice', 'small onion']","[97, 2, 0]"
6.9,26.7,65.2,25.1,27.7,29.4,greengram,greengram,greengram,100,"['greengram', 'horsegram', 'thinai']","[100, 0, 0]"
6.6,20.0,17.6,54.9,37.7,36.9,kudiraivali,kudiraivali,kudiraivali,99,"['kudiraivali', 'blackgram', 'cowpea']","[99, 0, 0]"
6.2,39.9,85.4,57.3,30.2,29.7,pearl millet,pearl millet,pearl millet,96,"['pearl millet', 'soyabean', 'jute']","[96, 2, 1]"
5.6,20.6,92.5,112.1,51.5,85.0,capsicum,capsicum,capsicum,93,"['capsicum', 'cabbage', 'brinjal']","[93, 6, 0]"
7.1,22.3,78.2,147.0,47.2,113.6,tomato,tomato,tomato,80,"['tomato', 'sugarcane', 'chillies']","[80, 17, 1]"
7.4,30.9,86.1,72.6,37.7,34.5,jute,jute,jute,90,"['jute', 'soyabean', 'pearl millet']","[90, 6, 3]"
7.4,27.7,81.4,91.7,64.8,67.8,ribbed gourd,ribbed gourd,ribbed gourd,84,"['ribbed gourd', 'bitter gourd', 'muskmelon']","[84, 8, 5]"
6.6,43.5,65.0,51.3,45.7,56.3,groundnut,groundnut,groundnut,100,"['groundnut', 'cucumber', 'horsegram']","[100, 0, 0]"
6.4,25.0,50.0,86.7,49.7,56.6,tapoica,tapoica,tapoica,96,"['tapoica', 'wheat', 'ash gourd']","[96, 2, 1]"
7.2,29.8,89.0,92.3,45.6,42.8,jute,jute,cotton,44,"['cotton', 'peas', 'jute']","[44, 25, 18]"
6.7,43.1,19.2,35.6,21.6,28.9,panivaragu,panivaragu,panivaragu,93,"['panivaragu', 'blackgram', 'thinai']","[93, 6, 0]"
6.4,20.3,65.7,84.4,42.9,72.6,pumpkin,pumpkin,pumpkin,98,"['pumpkin', 'small onion', 'carrot']","[98, 1, 1]"
5.3,24.8,53.9,33.5,35.7,32.9,cowpea,cowpea,cowpea,99,"['cowpea', 'ragi', 'thinai']","[99, 0, 0]"
6.8,26.5,77.3,59.8,28.4,26.9,redgram,redgram,redgram,72,"['redgram', 'soyabean', 'horsegram']","[72, 21, 6]"
6.8,20.0,90.0,148.9,57.2,112.9,brinjal,brinjal,brinjal,81,"['brinjal', 'capsicum', 'tomato']","[81, 18, 0]"
6.2,25.0,87.1,69.7,57.6,86.9,snake gourd,snake gourd,snake gourd,96,"['snake gourd', 'bitter gourd', 'bottle gourd']","[96, 2, 2]"
5.8,24.6,84.4,139.8,62.0,117.7,onion,onion,onion,85,"['onion', 'chillies', 'maize']","[85, 11, 2]"
7.4,15.1,97.9,66.4,50.4,49.2,sorghum,sorghum,sorghum,88,"['sorghum', 'radish', 'beetroot']","[88, 10, 2]"
6.3,38.4,56.5,51.3,22.6,35.9,horsegram,horsegram,horsegram,99,"['horsegram', 'cowpea', 'panivaragu']","[99, 1, 0]"
7.5,24.3,84.6,69.5,48.1,51.5,cluster bean,cluster bean,cluster bean,97,"['cluster bean', 'tinda', 'jute']","[97, 1, 1]"
6.0,26.8,54.8,96.2,55.7,51.8,tapoica,tapoica,tapoica,99,"['tapoica', 'rice', 'ash gourd']","[99, 1, 0]"
6.5,16.3,96.5,97.3,53.1,48.3,radish,radish,radish,55,"['radish', 'cauliflower', 'beetroot']","[55, 43, 2]"
7.0,20.9,96.0,45.3,37.3,26.9,sunflower,sunflower,sunflower,89,"['sunflower', 'castor', 'pearl millet']","[89, 6, 4]"
6.0,25.7,50.4,59.6,25.4,25.7,cowpea,cowpea,cowpea,90,"['cowpea', 'horsegram', 'bengalgram']","[90, 5, 4]"
6.8,29.2,75.1,64.0,60.1,71.4,ribbed gourd,ribbed gourd,ribbed gourd,73,"['ribbed gourd', 'bitter gourd', 'ash gourd']","[73, 16, 9]"
6.9,24.7,68.6,85.2,46.1,95.8,pumpkin,pumpkin,pumpkin,89,"['pumpkin', 'ash gourd', 'watermelon']","[89, 9, 2]"
5.9,23.2,85.5,93.6,41.3,50.8,sweet potato,sweet potato,sweet potato,91,"['sweet potato', 'vegetable cowpea', 'french bean']","[91, 5, 2]"
6.6,22.9,50.8,109.8,49.9,56.3,wheat,wheat,wheat,100,"['wheat', 'maize', 'sugarbeet']","[100, 0, 0]"
6.4,16.6,91.4,148.0,78.1,86.6,cabbage,cabbage,cabbage,78,"['cabbage', 'capsicum', 'brinjal']","[78, 21, 0]"
6.1,28.3,57.4,65.9,53.3,65.0,ash gourd,ash gourd,ash gourd,98,"['ash gourd', 'tapoica', 'pumpkin']","[98, 2, 0]"
7.3,19.1,90.0,101.3,68.4,82.6,brinjal,brinjal,brinjal,93,"['brinjal', 'capsicum', 'tomato']","[93, 4, 1]"
6.9,28.2,90.0,104.4,72.5,93.9,brinjal,brinjal,brinjal,84,"['brinjal', 'capsicum', 'bitter gourd']","[84, 12, 2]"
7.0,27.6,64.6,21.2,21.3,30.4,greengram,greengram,greengram,100,"['greengram', 'horsegram', 'thinai']","[100, 0, 0]"
6.3,19.1,98.8,98.0,42.8,49.4,beetroot,beetroot,beetroot,97,"['beetroot', 'radish', 'cauliflower']","[97, 2, 1]"
6.6,18.7,83.2,98.2,67.9,63.1,bottle gourd,bottle gourd,bottle gourd,82,"['bottle gourd', 'snake gourd', 'sugarbeet']","[82, 10, 3]"
6.0,20.7,82.7,92.8,55.3,44.4,chowchow,chowchow,chowchow,60,"['chowchow', 'sweet potato', 'vegetable cowpea']","[60, 16, 15]"
6.1,28.3,83.7,76.8,28.3,25.0,soyabean,soyabean,soyabean,94,"['soyabean', 'jute', 'pearl millet']","[94, 3, 1]"
5.8,10.2,99.9,91.7,58.6,52.1,radish,radish,radish,99,"['radish', 'cauliflower', 'beetroot']","[99, 1, 0]"
6.6,16.4,65.0,71.9,43.5,51.3,groundnut,groundnut,groundnut,90,"['groundnut', 'small onion', 'peas']","[90, 10, 0]"
6.3,26.4,53.0,30.1,30.9,34.9,cowpea,cowpea,cowpea,82,"['cowpea', 'greengram', 'varagu']","[82, 13, 3]"
6.9,20.7,99.3,76.1,56.0,49.8,beetroot,beetroot,beetroot,88,"['beetroot', 'sorghum', 'cauliflower']","[88, 10, 1]"
5.9,22.9,79.3,63.9,53.0,51.0,vegetable cowpea,vegetable cowpea,vegetable cowpea,60,"['vegetable cowpea', 'french bean', 'chowchow']","[60, 26, 13]"
6.1,21.6,88.3,82.7,53.1,43.1,sweet potato,sweet potato,sweet potato,95,"['sweet potato', 'chowchow', 'cauliflower']","[95, 2, 1]"
7.4,12.7,15.9,31.8,20.8,22.5,ragi,ragi,ragi,97,"['ragi', 'panivaragu', 'blackgram']","[97, 3, 0]"
6.3,26.2,18.1,30.4,22.0,24.8,varagu,varagu,varagu,74,"['varagu', 'thinai', 'ragi']","[74, 15, 6]"
6.7,27.0,99.3,103.8,50.3,56.1,cauliflower,cauliflower,cauliflower,100,"['cauliflower', 'sweet potato', 'peas']","[100, 0, 0]"
6.5,20.7,79.1,94.7,56.6,50.0,chowchow,chowchow,chowchow,67,"['chowchow', 'peas', 'rice']","[67, 17, 7]"
6.3,7.7,92.5,121.8,63.2,81.4,cabbage,cabbage,cabbage,99,"['cabbage', 'capsicum', 'cauliflower']","[99, 1, 0]"
6.4,23.1,56.6,108.1,56.3,46.0,wheat,wheat,wheat,100,"['wheat', 'rice', 'small onion']","[100, 0, 0]"
6.6,18.6,77.3,43.0,37.8,34.0,redgram,redgram,redgram,97,"['redgram', 'soyabean', 'pearl millet']","[97, 2, 1]"
6.3,21.8,87.9,68.6,21.8,28.6,soyabean,soyabean,soyabean,77,"['soyabean', 'castor', 'sunflower']","[77, 12, 10]"
6.5,19.7,79.0,54.6,36.1,36.5,redgram,redgram,redgram,85,"['redgram', 'soyabean', 'sunflower']","[85, 14, 1]"
6.7,28.1,81.8,134.9,47.5,103.1,chillies,chillies,chillies,65,"['chillies', 'tomato', 'muskmelon']","[65, 33, 1]"
6.9,32.3,80.9,115.6,44.3,53.1,annual moringa,annual moringa,annual moringa,94,"['annual moringa', 'muskmelon', 'elephant foot yam']","[94, 2, 1]"
7.2,27.0,79.6,120.4,65.8,108.3,tomato,tomato,tomato,95,"['tomato', 'chillies', 'sugarcane']","[95, 4, 0]"
6.1,21.2,78.6,94.7,59.0,82.4,bottle gourd,bottle gourd,bottle gourd,90,"['bottle gourd', 'onion', 'snake gourd']","[90, 5, 2]"
6.0,18.4,78.3,88.8,44.1,49.3,chowchow,chowchow,chowchow,85,"['chowchow', 'french bean', 'vegetable cowpea']","[85, 12, 1]"
5.7,12.7,18.4,31.9,21.6,26.2,panivaragu,panivaragu,ragi,56,"['ragi', 'panivaragu', 'thinai']","[56, 43, 0]"
6.7,26.4,79.7,109.4,56.6,42.2,annual moringa,annual moringa,annual moringa,55,"['annual moringa', 'peas', 'cotton']","[55, 32, 8]"
5.6,20.0,15.3,44.2,37.5,35.8,kudiraivali,kudiraivali,kudiraivali,100,"['kudiraivali', 'thinai', 'ragi']","[100, 0, 0]"
6.6,26.5,99.0,144.4,84.9,118.4,bhendi,bhendi,bhendi,95,"['bhendi', 'cabbage', 'capsicum']","[95, 4, 1]"
6.4,28.1,87.9,89.0,37.9,31.0,jute,jute,jute,96,"['jute', 'soyabean', 'castor']","[96, 3, 0]"
6.9,28.7,86.9,92.8,54.1,99.0,bitter gourd,bitter gourd,bitter gourd,78,"['bitter gourd', 'muskmelon', 'ribbed gourd']","[78, 9, 6]"
7.3,18.4,75.2,115.5,43.4,59.5,peas,peas,peas,93,"['peas', 'cotton', 'sugarbeet']","[93, 5, 2]"
7.1,27.7,79.3,82.9,48.1,48.1,tinda,tinda,tinda,60,"['tinda', 'annual moringa', 'cotton']","[60, 17, 11]"
7.6,26.0,17.9,24.9,39.9,29.5,blackgram,blackgram,blackgram,100,"['blackgram', 'ragi', 'samai']","[100, 0, 0]"
5.2,24.2,54.0,49.6,28.7,28.4,cowpea,cowpea,cowpea,99,"['cowpea', 'bengalgram', 'ragi']","[99, 1, 0]"
6.4,18.4,83.9,98.8,58.9,73.9,bottle gourd,bottle gourd,bottle gourd,70,"['bottle gourd', 'snake gourd', 'brinjal']","[70, 25, 2]"
5.9,44.2,18.7,39.9,20.9,25.7,panivaragu,panivaragu,panivaragu,99,"['panivaragu', 'thinai', 'horsegram']","[99, 0, 0]"
7.3,23.9,15.8,37.2,29.9,23.8,ragi,ragi,ragi,66,"['ragi', 'blackgram', 'thinai']","[66, 20, 11]"
7.4,29.2,60.1,31.9,24.2,30.0,greengram,greengram,greengram,100,"['greengram', 'horsegram', 'bengalgram']","[100, 0, 0]"
7.3,38.7,78.9,56.7,32.2,25.2,horsegram,horsegram,horsegram,93,"['horsegram', 'pearl millet', 'jute']","[93, 6, 1]"
6.8,30.0,79.9,64.1,67.6,87.2,bitter gourd,bitter gourd,ribbed gourd,74,"['ribbed gourd', 'bitter gourd', 'ash gourd']","[74, 25, 0]"
6.0,25.6,79.1,99.2,70.1,80.0,bottle gourd,bottle gourd,bottle gourd,55,"['bottle gourd', 'chillies', 'watermelon']","[55, 23, 10]"
6.4,23.2,58.9,88.8,47.6,41.8,wheat,wheat,wheat,97,"['wheat', 'rice', 'small onion']","[97, 2, 0]"
7.1,23.8,81.9,124.1,75.0,86.1,tomato,tomato,tomato,89,"['tomato', 'chillies', 'maize']","[89, 3, 2]"
7.0,19.8,64.1,84.5,57.9,64.1,pumpkin,pumpkin,pumpkin,86,"['pumpkin', 'carrot', 'sugarbeet']","[86, 9, 4]"
6.2,24.3,86.0,68.4,44.7,67.4,snake gourd,snake gourd,snake gourd,95,"['snake gourd', 'bottle gourd', 'bitter gourd']","[95, 3, 1]"
5.7,14.2,97.7,64.4,43.6,58.6,radish,radish,radish,99,"['radish', 'sorghum', 'beetroot']","[99, 0, 0]"
7.3,21.0,76.0,89.5,40.1,50.7,cluster bean,cluster bean,cluster bean,56,"['cluster bean', 'cotton', 'peas']","[56, 20, 18]"
6.6,37.2,18.0,26.5,20.8,24.1,blackgram,blackgram,blackgram,80,"['blackgram', 'panivaragu', 'thinai']","[80, 20, 0]"
6.6,25.6,99.0,143.4,70.2,100.5,bhendi,bhendi,bhendi,96,"['bhendi', 'cabbage', 'capsicum']","[96, 3, 1]"
6.5,24.6,93.8,77.5,38.1,26.2,castor,castor,castor,54,"['castor', 'sunflower', 'soyabean']","[54, 26, 19]"
6.7,25.9,86.5,83.5,44.2,46.0,sweet potato,sweet potato,sweet potato,51,"['sweet potato', 'peas', 'jute']","[51, 21, 8]"
6.5,23.3,17.9,39.8,20.7,22.9,panivaragu,panivaragu,thinai,58,"['thinai', 'panivaragu', 'ragi']","[58, 19, 16]"
6.8,29.6,78.8,97.2,49.4,54.1,annual moringa,annual moringa,tinda,47,"['tinda', 'annual moringa', 'peas']","[47, 31, 6]"
6.3,20.9,67.7,75.5,61.7,65.0,pumpkin,pumpkin,pumpkin,98,"['pumpkin', 'ash gourd', 'bottle gourd']","[98, 1, 1]"
8.0,21.0,84.1,84.7,52.8,48.3,cotton,cotton,cluster bean,77,"['cluster bean', 'cotton', 'peas']","[77, 21, 1]"
6.7,42.3,15.5,35.9,24.3,23.9,panivaragu,panivaragu,panivaragu,96,"['panivaragu', 'blackgram', 'thinai']","[96, 4, 0]"
6.6,24.0,66.8,91.6,59.3,55.3,small onion,small onion,small onion,79,"['small onion', 'rice', 'cucumber']","[79, 12, 4]"
7.4,26.2,77.2,117.2,54.6,95.1,watermelon,watermelon,watermelon,45,"['watermelon', 'tomato', 'muskmelon']","[45, 32, 21]"
7.3,21.5,79.2,118.5,48.4,57.7,cotton,cotton,cotton,57,"['cotton', 'peas', 'cluster bean']","[57, 39, 2]"
6.9,24.6,81.8,123.5,83.0,74.4,maize,maize,maize,76,"['maize', 'sugarbeet', 'tomato']","[76, 13, 6]"
7.1,32.7,78.7,117.0,43.6,48.3,annual moringa,annual moringa,annual moringa,96,"['annual moringa', 'cotton', 'peas']","[96, 2, 1]"
6.9,23.1,17.5,39.1,24.2,23.7,thinai,thinai,thinai,46,"['thinai', 'ragi', 'panivaragu']","[46, 22, 17]"
5.7,19.9,79.2,73.5,57.9,50.9,chowchow,chowchow,chowchow,61,"['chowchow', 'french bean', 'vegetable cowpea']","[61, 27, 11]"
7.0,26.5,86.0,98.7,64.5,86.0,bitter gourd,bitter gourd,bitter gourd,67,"['bitter gourd', 'brinjal', 'ribbed gourd']","[67, 11, 5]"
6.7,25.5,88.6,89.2,55.8,52.6,sweet potato,sweet potato,sweet potato,77,"['sweet potato', 'peas', 'cotton']","[77, 11, 2]"
6.2,21.0,91.4,124.6,63.2,93.7,cabbage,cabbage,capsicum,52,"['capsicum', 'cabbage', 'brinjal']","[52, 40, 4]"
6.9,21.1,60.0,103.7,46.8,55.5,wheat,wheat,wheat,97,"['wheat', 'rice', 'peas']","[97, 1, 1]"
7.2,19.4,72.7,119.8,63.5,79.9,sugarbeet,sugarbeet,sugarbeet,91,"['sugarbeet', 'tomato', 'maize']","[91, 7, 1]"
6.2,21.5,51.1,103.8,47.7,53.4,wheat,wheat,wheat,100,"['wheat', 'rice', 'small onion']","[100, 0, 0]"
6.3,27.4,59.4,60.3,60.8,60.5,ash gourd,ash gourd,ash gourd,84,"['ash gourd', 'tapoica', 'pumpkin']","[84, 14, 2]"
6.7,25.7,17.3,31.5,20.5,22.5,ragi,ragi,thinai,41,"['thinai', 'varagu', 'ragi']","[41, 21, 16]"
6.3,18.8,84.5,125.5,65.7,79.1,maize,maize,maize,54,"['maize', 'brinjal', 'sugarbeet']","[54, 23, 8]"
6.5,21.8,83.7,84.8,40.1,99.9,bottle gourd,bottle gourd,bottle gourd,66,"['bottle gourd', 'snake gourd', 'watermelon']","[66, 23, 3]"
6.7,18.7,62.3,89.4,89.3,72.5,carrot,carrot,carrot,96,"['carrot', 'pumpkin', 'maize']","[96, 3, 0]"
6.0,18.1,78.7,99.5,44.2,43.5,chowchow,chowchow,chowchow,74,"['chowchow', 'french bean', 'vegetable cowpea']","[74, 23, 1]"
6.1,22.7,51.7,99.8,50.1,49.1,wheat,wheat,wheat,100,"['wheat', 'rice', 'small onion']","[100, 0, 0]"
7.5,33.7,84.8,115.1,49.7,51.5,annual moringa,annual moringa,annual moringa,97,"['annual moringa', 'cotton', 'muskmelon']","[97, 2, 1]"
6.5,23.9,64.3,143.0,89.1,83.5,maize,maize,maize,98,"['maize', 'sugarbeet', 'sugarcane']","[98, 1, 1]"
6.7,25.8,97.0,103.5,85.6,85.0,bhendi,bhendi,bhendi,96,"['bhendi', 'cabbage', 'capsicum']","[96, 3, 0]"
5.8,19.7,81.7,67.3,53.6,41.1,chowchow,chowchow,chowchow,60,"['chowchow', 'french bean', 'vegetable cowpea']","[60, 32, 7]"
6.1,20.0,17.7,59.1,38.6,36.4,kudiraivali,kudiraivali,kudiraivali,100,"['kudiraivali', 'cowpea', 'blackgram']","[100, 0, 0]"
6.6,26.4,89.7,83.0,69.8,78.6,snake gourd,snake gourd,bitter gourd,61,"['bitter gourd', 'snake gourd', 'bottle gourd']","[61, 38, 0]"
6.4,16.2,66.3,62.7,57.8,52.4,small onion,small onion,small onion,72,"['small onion', 'groundnut', 'pumpkin']","[72, 27, 0]"
6.8,23.4,98.0,82.2,44.8,40.1,cauliflower,cauliflower,cauliflower,88,"['cauliflower', 'beetroot', 'sorghum']","[88, 8, 3]"
5.8,22.1,85.2,92.6,48.9,45.5,sweet potato,sweet potato,sweet potato,78,"['sweet potato', 'vegetable cowpea', 'french bean']","[78, 12, 6]"
7.7,18.6,18.9,31.9,21.3,28.3,ragi,ragi,ragi,99,"['ragi', 'blackgram', 'panivaragu']","[99, 1, 0]"
6.7,45.9,65.0,74.1,46.2,50.1,groundnut,groundnut,groundnut,98,"['groundnut', 'cucumber', 'jute']","[98, 2, 0]"
6.2,26.7,19.7,39.6,28.1,25.5,varagu,varagu,varagu,69,"['varagu', 'thinai', 'panivaragu']","[69, 15, 6]"
6.0,28.0,93.3,120.1,48.8,92.7,capsicum,capsicum,capsicum,98,"['capsicum', 'brinjal', 'cabbage']","[98, 2, 0]"
6.1,24.9,95.3,105.6,62.1,119.8,bhendi,bhendi,bhendi,66,"['bhendi', 'capsicum', 'cabbage']","[66, 18, 16]"
6.2,16.8,96.8,72.8,51.9,47.3,radish,radish,radish,78,"['radish', 'sorghum', 'beetroot']","[78, 16, 4]"
6.2,30.1,58.1,88.0,45.2,75.8,ash gourd,ash gourd,ash gourd,100,"['ash gourd', 'tapoica', 'pumpkin']","[100, 0, 0]"
6.2,21.3,77.1,107.8,47.5,119.8,onion,onion,onion,94,"['onion', 'chillies', 'tomato']","[94, 4, 1]"
6.0,17.4,93.7,113.0,71.9,82.4,capsicum,capsicum,cabbage,55,"['cabbage', 'capsicum', 'brinjal']","[55, 44, 0]"
6.0,19.7,83.9,65.4,56.2,58.0,chowchow,chowchow,chowchow,73,"['chowchow', 'french bean', 'snake gourd']","[73, 12, 9]"
6.3,35.8,97.2,73.0,54.1,47.4,sorghum,sorghum,sorghum,100,"['sorghum', 'jute', 'elephant foot yam']","[100, 0, 0]"
5.7,18.2,81.4,130.1,73.1,61.7,maize,maize,maize,93,"['maize', 'sugarbeet', 'onion']","[93, 6, 0]"
6.0,24.7,98.7,107.1,72.1,97.2,bhendi,bhendi,bhendi,93,"['bhendi', 'cabbage', 'capsicum']","[93, 6, 1]"
6.2,25.7,17.7,31.3,23.3,25.2,varagu,varagu,varagu,79,"['varagu', 'thinai', 'ragi']","[79, 12, 5]"
6.5,27.4,84.5,77.8,59.5,45.2,elephant foot yam,elephant foot yam,elephant foot yam,64,"['elephant foot yam', 'tinda', 'jute']","[64, 30, 2]"
8.6,38.2,19.0,35.7,23.3,25.8,samai,samai,samai,100,"['samai', 'blackgram', 'panivaragu']","[100, 0, 0]"
6.3,29.3,83.0,81.3,47.9,43.7,elephant foot yam,elephant foot yam,elephant foot yam,78,"['elephant foot yam', 'jute', 'vegetable cowpea']","[78, 8, 5]"
6.5,18.3,85.8,79.6,60.9,81.7,snake gourd,snake gourd,snake gourd,97,"['snake gourd', 'bottle gourd', 'bitter gourd']","[97, 3, 0]"
6.9,22.6,61.2,99.9,51.4,72.6,pumpkin,pumpkin,pumpkin,89,"['pumpkin', 'sugarbeet', 'wheat']","[89, 5, 1]"
6.0,21.3,90.0,100.2,43.0,95.3,brinjal,brinjal,brinjal,44,"['brinjal', 'capsicum', 'snake gourd']","[44, 36, 16]"
6.6,27.6,82.9,63.3,56.8,44.1,elephant foot yam,elephant foot yam,elephant foot yam,48,"['elephant foot yam', 'tinda', 'jute']","[48, 48, 2]"
6.3,32.0,82.2,72.9,40.6,42.2,elephant foot yam,elephant foot yam,elephant foot yam,65,"['elephant foot yam', 'jute', 'vegetable cowpea']","[65, 33, 1]"
5.9,39.2,17.7,37.6,27.7,25.6,panivaragu,panivaragu,panivaragu,99,"['panivaragu', 'blackgram', 'thinai']","[99, 0, 0]"
6.1,19.0,73.4,74.9,25.5,23.4,soyabean,soyabean,soyabean,100,"['soyabean', 'bengalgram', 'redgram']","[100, 0, 0]"
6.1,26.7,77.8,138.0,78.1,88.6,chillies,chillies,chillies,81,"['chillies', 'maize', 'tomato']","[81, 14, 2]"
6.7,15.8,98.7,84.1,46.1,50.7,radish,radish,radish,52,"['radish', 'cauliflower', 'beetroot']","[52, 45, 2]"
6.7,23.1,93.9,73.3,32.4,20.7,sunflower,sunflower,sunflower,64,"['sunflower', 'castor', 'soyabean']","[64, 28, 8]"
8.0,22.2,78.6,113.4,54.2,41.2,cotton,cotton,cotton,91,"['cotton', 'peas', 'cluster bean']","[91, 4, 4]"
6.5,30.7,60.7,48.4,36.2,35.4,horsegram,horsegram,horsegram,68,"['horsegram', 'bengalgram', 'greengram']","[68, 28, 3]"
5.7,18.2,80.3,61.4,53.0,58.1,chowchow,chowchow,chowchow,48,"['chowchow', 'french bean', 'snake gourd']","[48, 42, 4]"
7.0,28.9,15.1,34.3,26.6,26.2,panivaragu,panivaragu,thinai,47,"['thinai', 'panivaragu', 'blackgram']","[47, 33, 14]"
6.6,25.7,95.0,122.5,97.2,119.3,bhendi,bhendi,bhendi,90,"['bhendi', 'cabbage', 'capsicum']","[90, 7, 2]"
7.0,33.0,66.4,25.4,28.6,26.4,greengram,greengram,greengram,100,"['greengram', 'horsegram', 'gingely']","[100, 0, 0]"
6.4,23.2,84.0,115.5,68.9,118.5,onion,onion,onion,72,"['onion', 'chillies', 'tomato']","[72, 25, 1]"
6.4,22.8,76.1,103.5,48.7,82.8,onion,onion,onion,57,"['onion', 'watermelon', 'chillies']","[57, 27, 9]"
6.1,19.2,94.8,145.4,78.6,88.4,capsicum,capsicum,cabbage,71,"['cabbage', 'capsicum', 'brinjal']","[71, 28, 1]"
8.6,34.8,16.5,33.3,21.0,22.0,samai,samai,samai,100,"['samai', 'blackgram', 'panivaragu']","[100, 0, 0]"
8.2,22.0,79.4,75.9,48.5,51.4,cluster bean,cluster bean,cluster bean,100,"['cluster bean', 'cotton', 'rice']","[100, 0, 0]"
7.8,24.3,78.3,65.3,54.2,42.8,cluster bean,cluster bean,cluster bean,99,"['cluster bean', 'cotton', 'tinda']","[99, 1, 0]"
5.8,26.6,18.1,32.0,21.2,21.6,varagu,varagu,varagu,79,"['varagu', 'thinai', 'ragi']","[79, 12, 5]"
7.3,15.2,74.3,117.0,58.9,53.1,peas,peas,peas,93,"['peas', 'sugarbeet', 'cotton']","[93, 7, 0]"
6.1,20.8,70.6,61.4,43.9,56.0,small onion,small onion,small onion,93,"['small onion', 'chowchow', 'bottle gourd']","[93, 5, 1]"
6.1,42.9,18.3,37.5,28.5,23.2,panivaragu,panivaragu,panivaragu,99,"['panivaragu', 'blackgram', 'thinai']","[99, 1, 0]"
7.1,27.7,90.0,103.4,61.8,86.0,brinjal,brinjal,brinjal,91,"['brinjal', 'capsicum', 'bitter gourd']","[91, 6, 1]"
6.9,27.2,16.1,34.2,28.0,29.7,panivaragu,panivaragu,thinai,52,"['thinai', 'panivaragu', 'blackgram']","[52, 20, 20]"
5.7,18.9,75.2,68.0,45.3,43.6,chowchow,chowchow,chowchow,68,"['chowchow', 'french bean', 'vegetable cowpea']","[68, 27, 4]"
7.1,33.4,61.7,34.6,30.1,30.6,greengram,greengram,greengram,99,"['greengram', 'horsegram', 'blackgram']","[99, 1, 0]"
6.8,24.6,77.9,93.8,42.3,86.9,watermelon,watermelon,watermelon,88,"['watermelon', 'bottle gourd', 'muskmelon']","[88, 5, 3]"
6.7,29.6,78.6,108.9,54.4,60.9,muskmelon,muskmelon,muskmelon,74,"['muskmelon', 'annual moringa', 'peas']","[74, 14, 4]"
7.4,24.2,71.7,183.1,83.5,145.2,sugarcane,sugarcane,sugarcane,100,"['sugarcane', 'sugarbeet', 'maize']","[100, 0, 0]"
7.3,29.6,79.2,104.8,50.5,65.3,muskmelon,muskmelon,muskmelon,93,"['muskmelon', 'watermelon', 'ribbed gourd']","[93, 2, 2]"
5.6,25.7,16.4,31.0,29.5,29.4,varagu,varagu,varagu,79,"['varagu', 'thinai', 'ragi']","[79, 10, 7]"
7.2,27.0,99.4,75.5,41.4,58.4,sorghum,sorghum,sorghum,98,"['sorghum', 'cauliflower', 'jute']","[98, 1, 0]"
5.9,25.4,82.4,97.9,51.3,56.5,french bean,french bean,vegetable cowpea,51,"['vegetable cowpea', 'elephant foot yam', 'french bean']","[51, 23, 20]"
6.5,33.1,79.6,115.6,48.5,94.5,muskmelon,muskmelon,muskmelon,87,"['muskmelon', 'chillies', 'tomato']","[87, 9, 1]"
6.3,26.5,80.4,82.2,47.2,69.7,bottle gourd,bottle gourd,watermelon,59,"['watermelon', 'bottle gourd', 'bitter gourd']","[59, 25, 8]"
7.0,24.4,75.1,110.3,57.2,66.0,watermelon,watermelon,watermelon,76,"['watermelon', 'sugarbeet', 'muskmelon']","[76, 12, 5]"
5.3,25.5,18.7,38.1,20.0,23.7,ragi,ragi,ragi,47,"['ragi', 'varagu', 'thinai']","[47, 43, 6]"
6.0,23.7,86.7,79.8,76.0,97.2,snake gourd,snake gourd,snake gourd,97,"['snake gourd', 'bottle gourd', 'bitter gourd']","[97, 1, 1]"
8.2,22.6,91.2,66.5,34.1,36.2,castor,castor,castor,67,"['castor', 'sunflower', 'sorghum']","[67, 33, 0]"
6.0,24.5,77.3,146.5,52.2,115.3,chillies,chillies,onion,70,"['onion', 'chillies', 'watermelon']","[70, 29, 0]"
7.3,24.8,89.4,42.7,32.8,22.2,sunflower,sunflower,sunflower,49,"['sunflower', 'castor', 'pearl millet']","[49, 37, 14]"
6.1,16.5,98.8,63.5,42.9,57.4,radish,radish,radish,75,"['radish', 'sorghum', 'beetroot']","[75, 20, 5]"
5.6,20.1,83.3,85.0,41.0,55.0,french bean,french bean,chowchow,57,"['chowchow', 'french bean', 'vegetable cowpea']","[57, 25, 14]"
6.7,23.8,95.4,119.1,40.9,54.4,cauliflower,cauliflower,cauliflower,99,"['cauliflower', 'sweet potato', 'peas']","[99, 1, 0]"
6.8,25.8,80.8,143.2,53.9,104.9,chillies,chillies,chillies,49,"['chillies', 'tomato', 'onion']","[49, 47, 2]"
7.0,23.2,70.2,197.8,64.0,139.9,sugarcane,sugarcane,sugarcane,99,"['sugarcane', 'maize', 'sugarbeet']","[99, 0, 0]"
6.8,28.5,82.9,99.0,71.7,97.1,bitter gourd,bitter gourd,bitter gourd,48,"['bitter gourd', 'ribbed gourd', 'tomato']","[48, 28, 10]"
7.5,21.9,89.0,106.6,51.4,46.1,cotton,cotton,cotton,70,"['cotton', 'peas', 'sweet potato']","[70, 28, 1]"
6.0,24.3,85.9,92.3,46.0,47.3,sweet potato,sweet potato,sweet potato,96,"['sweet potato', 'vegetable cowpea', 'jute']","[96, 2, 1]"
8.7,36.4,16.5,31.1,21.5,24.0,samai,samai,samai,100,"['samai', 'blackgram', 'panivaragu']","[100, 0, 0]"
5.8,23.6,85.3,104.0,55.0,55.0,sweet potato,sweet potato,sweet potato,99,"['sweet potato', 'vegetable cowpea', 'french bean']","[99, 1, 0]"
6.2,20.0,19.5,40.1,39.2,38.1,kudiraivali,kudiraivali,kudiraivali,93,"['kudiraivali', 'cowpea', 'thinai']","[93, 4, 1]"
6.7,18.3,68.5,83.4,63.5,81.5,carrot,carrot,pumpkin,57,"['pumpkin', 'carrot', 'sugarbeet']","[57, 41, 0]"
6.5,24.5,81.7,130.4,72.8,98.4,onion,onion,chillies,59,"['chillies', 'onion', 'tomato']","[59, 24, 12]"
6.5,24.2,70.7,56.3,38.6,32.3,soyabean,soyabean,soyabean,70,"['soyabean', 'redgram', 'horsegram']","[70, 9, 7]"
6.5,19.7,99.6,92.5,44.2,45.9,beetroot,beetroot,beetroot,94,"['beetroot', 'cauliflower', 'radish']","[94, 5, 1]"
6.4,19.0,82.3,59.2,23.1,22.5,soyabean,soyabean,soyabean,75,"['soyabean', 'pearl millet', 'redgram']","[75, 20, 4]"
7.2,20.6,17.8,21.5,32.2,27.3,blackgram,blackgram,blackgram,99,"['blackgram', 'ragi', 'thinai']","[99, 1, 0]"
6.6,28.4,81.0,90.1,53.7,48.9,peas,peas,tinda,52,"['tinda', 'elephant foot yam', 'annual moringa']","[52, 21, 15]"
6.7,25.1,99.6,100.9,55.1,45.1,cauliflower,cauliflower,cauliflower,100,"['cauliflower', 'sweet potato', 'beetroot']","[100, 0, 0]"
6.6,29.1,63.1,74.4,52.5,80.9,ash gourd,ash gourd,ash gourd,95,"['ash gourd', 'pumpkin', 'cucumber']","[95, 4, 0]"
7.5,24.9,76.0,95.0,48.0,64.8,watermelon,watermelon,watermelon,87,"['watermelon', 'muskmelon', 'ribbed gourd']","[87, 6, 3]"
7.8,24.7,89.8,78.7,23.4,30.3,sunflower,sunflower,castor,56,"['castor', 'sunflower', 'soyabean']","[56, 44, 0]"
6.4,26.5,77.6,103.2,40.7,83.3,watermelon,watermelon,watermelon,75,"['watermelon', 'chillies', 'muskmelon']","[75, 16, 6]"
5.9,22.6,71.1,132.0,65.4,87.0,maize,maize,maize,68,"['maize', 'onion', 'chillies']","[68, 19, 9]"
6.1,26.5,17.3,34.2,29.3,25.5,ragi,ragi,varagu,79,"['varagu', 'thinai', 'ragi']","[79, 12, 5]"
6.6,8.5,96.5,101.2,54.4,45.1,cauliflower,cauliflower,cauliflower,99,"['cauliflower', 'radish', 'peas']","[99, 1, 0]"
6.1,29.5,51.9,77.3,56.3,64.6,ash gourd,ash gourd,ash gourd,99,"['ash gourd', 'tapoica', 'pumpkin']","[99, 1, 0]"
6.3,28.0,52.6,99.2,58.2,45.9,tapoica,tapoica,tapoica,99,"['tapoica', 'rice', 'ash gourd']","[99, 1, 0]"
6.4,20.2,98.5,83.9,58.9,45.8,beetroot,beetroot,beetroot,97,"['beetroot', 'cauliflower', 'radish']","[97, 2, 1]"
5.9,44.7,18.8,30.6,24.5,27.8,panivaragu,panivaragu,panivaragu,99,"['panivaragu', 'blackgram', 'thinai']","[99, 1, 0]"
7.0,40.1,17.4,25.9,35.4,33.4,blackgram,blackgram,blackgram,100,"['blackgram', 'panivaragu', 'greengram']","[100, 0, 0]"
6.2,27.9,16.8,30.6,26.1,20.8,thinai,thinai,thinai,49,"['thinai', 'varagu', 'panivaragu']","[49, 24, 23]"
6.4,31.0,57.4,89.8,48.4,87.2,ash gourd,ash gourd,ash gourd,100,"['ash gourd', 'pumpkin', 'tapoica']","[100, 0, 0]"
6.8,19.3,78.4,49.5,25.4,22.1,redgram,redgram,redgram,95,"['redgram', 'soyabean', 'pearl millet']","[95, 3, 1]"
7.1,27.6,90.0,112.7,58.0,99.9,brinjal,brinjal,brinjal,93,"['brinjal', 'capsicum', 'tomato']","[93, 6, 1]"
6.2,23.3,99.1,134.9,78.2,110.6,cabbage,cabbage,cabbage,63,"['cabbage', 'bhendi', 'capsicum']","[63, 35, 2]"
6.5,25.8,97.4,141.9,89.1,104.8,bhendi,bhendi,bhendi,92,"['bhendi', 'cabbage', 'capsicum']","[92, 7, 0]"
6.0,20.8,76.4,61.3,40.1,55.2,chowchow,chowchow,chowchow,73,"['chowchow', 'vegetable cowpea', 'french bean']","[73, 14, 10]"
6.3,27.4,94.2,105.8,80.0,111.6,capsicum,capsicum,capsicum,67,"['capsicum', 'cabbage', 'bhendi']","[67, 15, 13]"
6.5,25.1,84.7,81.2,52.1,52.3,annual moringa,annual moringa,elephant foot yam,38,"['elephant foot yam', 'sweet potato', 'tinda']","[38, 19, 18]"
6.4,18.9,63.1,100.7,77.7,69.0,carrot,carrot,carrot,93,"['carrot', 'pumpkin', 'sugarbeet']","[93, 3, 3]"
6.8,34.4,17.2,27.1,23.1,28.6,blackgram,blackgram,blackgram,93,"['blackgram', 'panivaragu', 'thinai']","[93, 6, 0]"
6.5,27.0,65.0,98.8,40.7,82.8,pumpkin,pumpkin,ash gourd,77,"['ash gourd', 'pumpkin', 'muskmelon']","[77, 21, 0]"
6.6,28.9,78.5,50.5,25.8,20.6,redgram,redgram,redgram,85,"['redgram', 'horsegram', 'soyabean']","[85, 8, 7]"
6.3,22.7,53.4,58.1,36.4,35.3,cowpea,cowpea,cowpea,95,"['cowpea', 'bengalgram', 'kudiraivali']","[95, 4, 0]"
5.7,25.5,15.8,30.0,25.7,29.4,varagu,varagu,varagu,75,"['varagu', 'thinai', 'ragi']","[75, 12, 9]"
5.7,22.2,18.2,36.6,25.3,25.7,thinai,thinai,thinai,53,"['thinai', 'ragi', 'panivaragu']","[53, 27, 18]"
6.6,20.6,71.7,80.3,54.1,52.6,small onion,small onion,small onion,85,"['small onion', 'rice', 'peas']","[85, 6, 5]"
7.3,22.8,78.9,108.5,51.9,97.5,tomato,tomato,tomato,86,"['tomato', 'watermelon', 'chillies']","[86, 11, 1]"
6.8,26.3,75.9,108.8,70.3,117.6,tomato,tomato,chillies,49,"['chillies', 'tomato', 'watermelon']","[49, 47, 1]"
6.5,25.8,80.3,70.2,46.1,49.2,tinda,tinda,tinda,54,"['tinda', 'elephant foot yam', 'jute']","[54, 36, 6]"
7.0,20.0,16.0,45.2,26.1,31.5,kudiraivali,kudiraivali,kudiraivali,98,"['kudiraivali', 'ragi', 'thinai']","[98, 1, 0]"
6.9,15.5,73.0,109.2,78.3,65.1,sugarbeet,sugarbeet,sugarbeet,94,"['sugarbeet', 'carrot', 'maize']","[94, 6, 0]"
6.9,24.1,80.9,86.9,47.0,48.6,jute,jute,peas,35,"['peas', 'cluster bean', 'cotton']","[35, 30, 17]"
6.8,26.2,82.3,82.4,66.4,97.2,bitter gourd,bitter gourd,bitter gourd,58,"['bitter gourd', 'ribbed gourd', 'bottle gourd']","[58, 28, 8]"
7.2,37.3,88.7,99.2,30.7,35.1,jute,jute,jute,100,"['jute', 'soyabean', 'pearl millet']","[100, 0, 0]"
6.6,22.4,65.6,111.0,67.6,62.4,sugarbeet,sugarbeet,sugarbeet,90,"['sugarbeet', 'maize', 'pumpkin']","[90, 5, 3]"
6.5,21.6,80.0,45.7,28.1,27.7,redgram,redgram,redgram,85,"['redgram', 'sunflower', 'soyabean']","[85, 6, 5]"
7.4,28.3,68.5,42.4,37.1,38.3,horsegram,horsegram,horsegram,74,"['horsegram', 'greengram', 'bengalgram']","[74, 25, 0]"
7.4,29.4,92.0,77.8,51.6,50.8,sorghum,sorghum,sorghum,92,"['sorghum', 'jute', 'tinda']","[92, 3, 2]"
6.9,25.0,97.4,79.2,28.6,33.5,castor,castor,castor,69,"['castor', 'sunflower', 'soyabean']","[69, 28, 3]"
7.5,24.3,98.8,47.3,33.9,22.3,castor,castor,castor,71,"['castor', 'sunflower', 'pearl millet']","[71, 28, 1]"
5.6,23.1,66.0,86.6,47.3,50.8,rice,rice,rice,85,"['rice', 'small onion', 'vegetable cowpea']","[85, 10, 2]"
5.6,11.6,99.3,74.0,44.9,50.3,radish,radish,radish,100,"['radish', 'sorghum', 'beetroot']","[100, 0, 0]"
6.1,23.7,88.9,94.2,59.4,47.1,sweet potato,sweet potato,sweet potato,99,"['sweet potato', 'snake gourd', 'cauliflower']","[99, 0, 0]"
7.3,24.1,79.5,188.8,85.4,126.0,sugarcane,sugarcane,sugarcane,100,"['sugarcane', 'tomato', 'maize']","[100, 0, 0]"
5.5,29.4,62.8,96.8,53.4,40.6,rice,rice,rice,90,"['rice', 'tapoica', 'cucumber']","[90, 10, 0]"
5.6,28.2,91.0,44.8,28.9,23.3,pearl millet,pearl millet,pearl millet,90,"['pearl millet', 'castor', 'gingely']","[90, 7, 3]"
5.9,22.3,83.9,75.3,54.1,40.6,vegetable cowpea,vegetable cowpea,vegetable cowpea,53,"['vegetable cowpea', 'french bean', 'chowchow']","[53, 28, 15]"
6.1,23.3,53.7,114.6,43.6,54.6,wheat,wheat,wheat,100,"['wheat', 'rice', 'tapoica']","[100, 0, 0]"
6.0,25.0,77.7,100.3,59.9,112.1,onion,onion,chillies,57,"['chillies', 'onion', 'watermelon']","[57, 25, 14]"
6.1,16.2,95.1,88.3,47.0,48.5,radish,radish,radish,93,"['radish', 'cauliflower', 'beetroot']","[93, 3, 2]"
6.6,32.3,68.3,29.3,34.4,27.1,greengram,greengram,greengram,100,"['greengram', 'horsegram', 'gingely']","[100, 0, 0]"
6.8,21.5,70.4,160.6,80.7,74.2,maize,maize,maize,93,"['maize', 'sugarbeet', 'sugarcane']","[93, 7, 0]"
6.7,32.7,81.1,100.4,56.0,90.0,muskmelon,muskmelon,muskmelon,88,"['muskmelon', 'ribbed gourd', 'chillies']","[88, 9, 1]"
6.7,19.3,68.2,66.0,54.1,57.7,small onion,small onion,small onion,74,"['small onion', 'groundnut', 'pumpkin']","[74, 23, 3]"
6.6,25.7,68.3,70.6,44.2,46.8,cucumber,cucumber,cucumber,70,"['cucumber', 'groundnut', 'small onion']","[70, 17, 4]"
6.4,26.7,95.2,126.5,86.8,95.9,bhendi,bhendi,bhendi,81,"['bhendi', 'cabbage', 'capsicum']","[81, 17, 1]"
7.1,28.0,90.0,143.5,60.6,82.8,brinjal,brinjal,brinjal,89,"['brinjal', 'capsicum', 'tomato']","[89, 10, 1]"
6.4,19.3,98.4,71.6,50.2,55.7,beetroot,beetroot,beetroot,93,"['beetroot', 'sorghum', 'radish']","[93, 5, 1]"
6.6,27.6,80.2,70.5,51.1,41.9,elephant foot yam,elephant foot yam,tinda,72,"['tinda', 'elephant foot yam', 'jute']","[72, 20, 5]"
6.1,27.1,52.7,41.0,32.9,28.1,cowpea,cowpea,cowpea,83,"['cowpea', 'horsegram', 'bengalgram']","[83, 12, 3]"
6.6,20.4,70.9,61.8,50.7,54.9,small onion,small onion,small onion,94,"['small onion', 'groundnut', 'chowchow']","[94, 4, 0]"
7.4,21.4,75.7,104.7,76.6,66.2,sugarbeet,sugarbeet,sugarbeet,94,"['sugarbeet', 'tomato', 'maize']","[94, 5, 0]"
5.7,21.3,51.9,54.8,39.2,35.1,cowpea,cowpea,cowpea,96,"['cowpea', 'bengalgram', 'kudiraivali']","[96, 3, 1]"
6.5,32.9,69.7,43.0,36.2,34.6,horsegram,horsegram,horsegram,95,"['horsegram', 'greengram', 'soyabean']","[95, 4, 1]"
6.1,25.9,95.9,143.5,76.7,115.4,bhendi,bhendi,bhendi,83,"['bhendi', 'cabbage', 'capsicum']","[83, 12, 5]"
7.3,25.1,97.1,60.0,37.0,38.0,castor,castor,castor,66,"['castor', 'sunflower', 'pearl millet']","[66, 30, 2]"
8.9,39.0,19.9,36.1,29.3,27.5,samai,samai,samai,100,"['samai', 'blackgram', 'panivaragu']","[100, 0, 0]"
6.0,24.3,77.8,145.6,74.2,101.3,onion,onion,onion,72,"['onion', 'chillies', 'maize']","[72, 23, 5]"
6.9,10.6,83.6,85.9,57.7,59.8,peas,peas,peas,100,"['peas', 'cauliflower', 'french bean']","[100, 0, 0]"
7.1,37.0,17.0,26.0,32.0,37.4,blackgram,blackgram,blackgram,100,"['blackgram', 'panivaragu', 'samai']","[100, 0, 0]"
6.7,24.0,95.9,109.2,80.8,87.4,bhendi,bhendi,bhendi,93,"['bhendi', 'cabbage', 'capsicum']","[93, 5, 2]"
7.0,16.0,75.6,68.3,37.7,26.3,soyabean,soyabean,soyabean,98,"['soyabean', 'pearl millet', 'redgram']","[98, 1, 1]"
6.5,27.0,94.6,61.2,55.4,49.1,sorghum,sorghum,sorghum,99,"['sorghum', 'elephant foot yam', 'bitter gourd']","[99, 0, 0]"
7.7,27.7,73.5,86.9,52.4,40.5,rice,rice,cotton,48,"['cotton', 'rice', 'annual moringa']","[48, 30, 10]"
6.0,26.7,98.3,142.4,64.3,96.0,bhendi,bhendi,bhendi,90,"['bhendi', 'cabbage', 'capsicum']","[90, 7, 3]"
8.0,25.5,75.1,161.1,98.9,141.6,sugarcane,sugarcane,sugarcane,100,"['sugarcane', 'tomato', 'maize']","[100, 0, 0]"
6.8,25.6,84.9,107.4,43.9,85.0,watermelon,watermelon,watermelon,56,"['watermelon', 'muskmelon', 'tomato']","[56, 20, 9]"
7.3,23.2,71.8,120.5,67.7,78.8,sugarbeet,sugarbeet,sugarbeet,94,"['sugarbeet', 'tomato', 'maize']","[94, 4, 1]"
6.6,31.7,75.9,64.4,67.8,65.7,ribbed gourd,ribbed gourd,ribbed gourd,95,"['ribbed gourd', 'ash gourd', 'bitter gourd']","[95, 2, 2]"
7.4,22.6,85.9,47.6,38.5,28.3,pearl millet,pearl millet,sunflower,71,"['sunflower', 'castor', 'pearl millet']","[71, 20, 8]"
6.5,18.8,18.3,37.2,25.9,21.5,panivaragu,panivaragu,ragi,48,"['ragi', 'panivaragu', 'thinai']","[48, 39, 10]"
6.6,25.2,88.7,90.7,54.7,57.9,peas,peas,sweet potato,84,"['sweet potato', 'peas', 'snake gourd']","[84, 7, 1]"
6.3,29.2,54.6,52.8,20.0,26.4,cowpea,cowpea,cowpea,77,"['cowpea', 'horsegram', 'bengalgram']","[77, 16, 6]"
6.1,18.2,18.1,40.0,25.0,27.3,ragi,ragi,panivaragu,36,"['panivaragu', 'ragi', 'kudiraivali']","[36, 36, 22]"
6.3,25.8,86.2,107.0,58.1,59.5,sweet potato,sweet potato,sweet potato,98,"['sweet potato', 'peas', 'watermelon']","[98, 1, 0]"
6.5,22.6,97.8,107.5,46.8,58.7,cauliflower,cauliflower,cauliflower,99,"['cauliflower', 'sweet potato', 'beetroot']","[99, 1, 1]"
6.5,14.2,96.5,80.2,57.8,46.7,radish,radish,radish,82,"['radish', 'cauliflower', 'sorghum']","[82, 17, 0]"
7.3,24.5,82.1,149.9,77.5,98.5,tomato,tomato,tomato,89,"['tomato', 'maize', 'chillies']","[89, 4, 3]"
6.6,23.5,99.1,73.3,28.2,38.5,castor,castor,castor,61,"['castor', 'sunflower', 'soyabean']","[61, 37, 2]"
7.3,39.0,57.6,59.3,28.2,37.9,horsegram,horsegram,horsegram,100,"['horsegram', 'greengram', 'blackgram']","[100, 0, 0]"
6.7,20.8,99.4,71.5,55.9,48.7,beetroot,beetroot,beetroot,90,"['beetroot', 'sorghum', 'cauliflower']","[90, 9, 1]"
6.2,30.7,62.1,71.2,77.0,77.0,ash gourd,ash gourd,ash gourd,99,"['ash gourd', 'pumpkin', 'ribbed gourd']","[99, 1, 0]"
7.0,37.1,53.5,53.6,27.6,34.9,horsegram,horsegram,horsegram,100,"['horsegram', 'panivaragu', 'greengram']","[100, 0, 0]"
6.2,26.4,60.5,99.6,44.2,90.9,pumpkin,pumpkin,ash gourd,65,"['ash gourd', 'pumpkin', 'watermelon']","[65, 35, 0]"
6.0,24.1,99.4,103.8,92.1,112.2,cabbage,cabbage,bhendi,83,"['bhendi', 'cabbage', 'capsicum']","[83, 16, 0]"
5.9,25.6,51.3,60.9,54.2,47.8,tapoica,tapoica,tapoica,100,"['tapoica', 'cowpea', 'ash gourd']","[100, 0, 0]"
7.2,22.4,78.3,71.5,53.5,46.2,cluster bean,cluster bean,cluster bean,98,"['cluster bean', 'cotton', 'peas']","[98, 1, 0]"
8.0,21.0,84.7,61.5,58.7,40.6,cluster bean,cluster bean,cluster bean,98,"['cluster bean', 'sunflower', 'cotton']","[98, 1, 0]"
6.1,23.6,67.2,129.2,74.6,72.0,maize,maize,sugarbeet,52,"['sugarbeet', 'maize', 'pumpkin']","[52, 47, 0]"
8.0,23.7,74.9,183.1,60.2,147.2,sugarcane,sugarcane,sugarcane,100,"['sugarcane', 'tomato', 'sugarbeet']","[100, 0, 0]"
5.9,22.5,80.1,119.4,44.2,95.6,onion,onion,onion,96,"['onion', 'chillies', 'brinjal']","[96, 3, 0]"
5.9,21.5,89.9,85.2,49.5,54.8,sweet potato,sweet potato,sweet potato,97,"['sweet potato', 'chowchow', 'cauliflower']","[97, 1, 1]"
7.8,24.0,66.7,173.3,92.8,124.2,sugarcane,sugarcane,sugarcane,100,"['sugarcane', 'sugarbeet', 'maize']","[100, 0, 0]"
6.7,41.4,65.0,72.1,50.5,46.6,groundnut,groundnut,groundnut,98,"['groundnut', 'cucumber', 'jute']","[98, 2, 0]"
6.3,27.9,65.4,53.8,20.2,39.9,horsegram,horsegram,horsegram,56,"['horsegram', 'bengalgram', 'soyabean']","[56, 33, 6]"
6.6,27.4,84.1,90.7,53.0,48.9,tinda,tinda,tinda,47,"['tinda', 'elephant foot yam', 'annual moringa']","[47, 26, 13]"
6.4,26.8,16.1,34.9,27.3,25.9,varagu,varagu,varagu,76,"['varagu', 'thinai', 'panivaragu']","[76, 14, 5]"
6.9,25.6,78.8,72.3,67.7,93.6,bitter gourd,bitter gourd,ribbed gourd,47,"['ribbed gourd', 'bitter gourd', 'bottle gourd']","[47, 44, 8]"
6.1,22.3,94.0,120.6,79.1,110.4,capsicum,capsicum,cabbage,48,"['cabbage', 'capsicum', 'bhendi']","[48, 30, 20]"
5.8,23.9,82.7,119.5,66.8,107.9,onion,onion,onion,86,"['onion', 'chillies', 'brinjal']","[86, 9, 2]"
6.7,30.7,67.7,20.2,28.8,33.6,greengram,greengram,greengram,100,"['greengram', 'gingely', 'horsegram']","[100, 0, 0]"
6.5,25.6,77.6,140.2,41.3,106.3,chillies,chillies,chillies,84,"['chillies', 'tomato', 'onion']","[84, 10, 4]"
6.4,20.0,61.5,71.2,44.6,62.6,pumpkin,pumpkin,pumpkin,98,"['pumpkin', 'small onion', 'ash gourd']","[98, 0, 0]"
6.9,20.0,19.8,47.8,35.1,20.5,kudiraivali,kudiraivali,kudiraivali,99,"['kudiraivali', 'ragi', 'thinai']","[99, 0, 0]"
6.5,26.4,84.5,123.7,75.4,91.0,chillies,chillies,chillies,61,"['chillies', 'brinjal', 'tomato']","[61, 14, 10]"
6.9,16.4,60.1,89.6,81.7,96.3,carrot,carrot,carrot,99,"['carrot', 'pumpkin', 'sugarbeet']","[99, 1, 0]"
6.5,14.4,91.3,42.4,25.3,23.8,pearl millet,pearl millet,pearl millet,97,"['pearl millet', 'soyabean', 'sunflower']","[97, 3, 0]"
6.0,23.3,79.2,99.9,51.4,50.7,french bean,french bean,vegetable cowpea,53,"['vegetable cowpea', 'french bean', 'chowchow']","[53, 19, 12]"
6.6,13.9,16.2,31.7,20.2,24.9,ragi,ragi,ragi,55,"['ragi', 'panivaragu', 'thinai']","[55, 45, 0]"
5.7,13.4,83.0,76.8,47.4,54.2,french bean,french bean,french bean,99,"['french bean', 'chowchow', 'vegetable cowpea']","[99, 1, 0]"
7.2,26.6,84.3,87.2,50.5,94.4,watermelon,watermelon,watermelon,46,"['watermelon', 'muskmelon', 'ribbed gourd']","[46, 29, 19]"
6.6,25.9,80.9,118.2,79.6,119.0,chillies,chillies,chillies,69,"['chillies', 'tomato', 'onion']","[69, 25, 4]"
6.6,43.4,19.7,32.4,22.9,27.0,panivaragu,panivaragu,panivaragu,92,"['panivaragu', 'blackgram', 'thinai']","[92, 7, 0]"
6.6,24.1,71.0,88.5,54.8,47.1,peas,peas,small onion,77,"['small onion', 'rice', 'peas']","[77, 13, 5]"
7.1,33.4,84.6,85.8,51.5,56.1,annual moringa,annual moringa,annual moringa,66,"['annual moringa', 'elephant foot yam', 'jute']","[66, 19, 4]"
6.5,37.7,74.2,82.1,55.0,56.9,rice,rice,rice,91,"['rice', 'jute', 'cucumber']","[91, 4, 2]"
6.2,26.9,16.0,35.6,22.1,28.2,varagu,varagu,varagu,80,"['varagu', 'thinai', 'panivaragu']","[80, 13, 4]"
7.1,21.6,80.3,70.5,49.7,41.2,cluster bean,cluster bean,cluster bean,98,"['cluster bean', 'cotton', 'peas']","[98, 1, 0]"
7.6,15.8,15.0,38.2,26.7,27.5,ragi,ragi,ragi,99,"['ragi', 'panivaragu', 'blackgram']","[99, 1, 0]"
6.5,26.8,84.4,163.3,89.6,89.9,maize,maize,maize,96,"['maize', 'chillies', 'tomato']","[96, 3, 1]"
6.7,29.7,76.9,104.2,56.7,48.2,annual moringa,annual moringa,annual moringa,74,"['annual moringa', 'peas', 'tinda']","[74, 14, 5]"
6.2,21.1,76.2,82.6,40.9,55.2,chowchow,chowchow,chowchow,84,"['chowchow', 'small onion', 'rice']","[84, 4, 4]"
6.2,21.0,96.2,117.1,96.6,113.9,cabbage,cabbage,cabbage,90,"['cabbage', 'bhendi', 'capsicum']","[90, 9, 1]"
6.4,20.0,19.9,59.5,28.6,25.3,kudiraivali,kudiraivali,kudiraivali,97,"['kudiraivali', 'cowpea', 'thinai']","[97, 2, 0]"
7.7,25.2,70.4,93.6,40.2,51.5,cotton,cotton,cotton,46,"['cotton', 'rice', 'cucumber']","[46, 42, 4]"
7.3,28.5,90.0,129.2,46.5,89.5,brinjal,brinjal,brinjal,94,"['brinjal', 'capsicum', 'tomato']","[94, 4, 1]"
6.1,20.3,91.8,79.4,20.5,33.6,soyabean,soyabean,soyabean,76,"['soyabean', 'sunflower', 'castor']","[76, 14, 8]"
5.8,29.3,84.0,74.8,53.9,54.1,elephant foot yam,elephant foot yam,vegetable cowpea,53,"['vegetable cowpea', 'elephant foot yam', 'french bean']","[53, 45, 1]"
8.7,37.2,18.4,36.6,22.0,22.8,samai,samai,samai,100,"['samai', 'blackgram', 'panivaragu']","[100, 0, 0]"
6.5,29.7,76.9,103.8,42.1,92.5,chillies,chillies,muskmelon,58,"['muskmelon', 'chillies', 'tomato']","[58, 33, 4]"
7.3,26.2,64.5,70.2,41.3,47.8,cucumber,cucumber,cucumber,94,"['cucumber', 'groundnut', 'rice']","[94, 3, 1]"
6.7,19.2,87.3,85.4,78.8,75.5,snake gourd,snake gourd,snake gourd,96,"['snake gourd', 'bottle gourd', 'brinjal']","[96, 3, 0]"
5.8,19.5,84.6,77.1,45.1,45.8,chowchow,chowchow,chowchow,62,"['chowchow', 'french bean', 'vegetable cowpea']","[62, 32, 5]"
7.8,24.1,66.1,164.4,64.3,138.0,sugarcane,sugarcane,sugarcane,100,"['sugarcane', 'sugarbeet', 'maize']","[100, 0, 0]"
6.5,18.6,91.1,139.8,66.5,108.8,cabbage,cabbage,capsicum,67,"['capsicum', 'cabbage', 'brinjal']","[67, 27, 6]"
6.4,27.2,54.1,67.9,56.6,52.1,tapoica,tapoica,tapoica,99,"['tapoica', 'ash gourd', 'cucumber']","[99, 0, 0]"
6.2,33.7,50.9,49.1,28.9,34.1,horsegram,horsegram,horsegram,93,"['horsegram', 'cowpea', 'bengalgram']","[93, 6, 0]"
5.5,23.4,79.2,63.0,58.3,40.3,french bean,french bean,french bean,56,"['french bean', 'vegetable cowpea', 'chowchow']","[56, 38, 5]"
6.8,24.4,80.6,117.2,55.7,70.6,watermelon,watermelon,watermelon,86,"['watermelon', 'muskmelon', 'chillies']","[86, 4, 3]"
8.9,27.8,15.1,34.1,26.8,29.2,samai,samai,samai,100,"['samai', 'ragi', 'blackgram']","[100, 0, 0]"
5.2,24.4,92.1,41.2,25.9,34.5,castor,castor,castor,97,"['castor', 'pearl millet', 'gingely']","[97, 3, 0]"
6.1,23.6,79.1,111.2,57.4,84.2,onion,onion,onion,63,"['onion', 'chillies', 'watermelon']","[63, 24, 9]"
8.7,29.0,19.3,38.4,20.4,20.0,samai,samai,samai,100,"['samai', 'ragi', 'blackgram']","[100, 0, 0]"
6.4,28.4,77.9,145.2,45.5,109.5,chillies,chillies,chillies,97,"['chillies', 'tomato', 'onion']","[97, 2, 0]"
7.0,23.2,93.6,65.1,38.3,31.9,castor,castor,sunflower,69,"['sunflower', 'castor', 'soyabean']","[69, 25, 4]"
6.7,24.2,98.7,146.8,99.0,85.8,bhendi,bhendi,bhendi,95,"['bhendi', 'cabbage', 'capsicum']","[95, 5, 0]"
6.1,22.8,83.6,143.9,55.3,117.0,onion,onion,onion,89,"['onion', 'chillies', 'tomato']","[89, 10, 0]"
8.0,18.1,77.9,105.5,65.8,64.0,sugarbeet,sugarbeet,sugarbeet,99,"['sugarbeet', 'tomato', 'peas']","[99, 0, 0]"
6.3,22.7,68.2,61.1,49.4,97.9,pumpkin,pumpkin,pumpkin,92,"['pumpkin', 'ash gourd', 'bottle gourd']","[92, 7, 1]"
6.5,37.1,89.5,46.1,34.2,38.7,pearl millet,pearl millet,pearl millet,98,"['pearl millet', 'jute', 'soyabean']","[98, 1, 1]"
7.2,19.4,96.2,70.7,57.9,59.7,sorghum,sorghum,sorghum,77,"['sorghum', 'beetroot', 'radish']","[77, 22, 0]"
6.9,23.0,93.4,72.4,30.6,33.1,sunflower,sunflower,sunflower,65,"['sunflower', 'castor', 'soyabean']","[65, 26, 8]"
6.9,35.0,65.0,71.7,52.1,46.0,groundnut,groundnut,groundnut,75,"['groundnut', 'cucumber', 'rice']","[75, 24, 0]"
5.9,20.2,80.9,140.5,49.7,90.8,onion,onion,onion,98,"['onion', 'maize', 'chillies']","[98, 1, 0]"
8.2,24.4,83.2,77.3,59.5,56.2,cluster bean,cluster bean,cluster bean,99,"['cluster bean', 'cotton', 'tinda']","[99, 1, 0]"
5.7,22.6,51.5,33.2,36.5,38.3,cowpea,cowpea,cowpea,99,"['cowpea', 'thinai', 'ragi']","[99, 0, 0]"
6.4,12.3,96.2,79.2,51.1,54.0,radish,radish,radish,96,"['radish', 'cauliflower', 'sorghum']","[96, 2, 1]"
6.3,24.3,79.0,82.5,50.1,64.1,bottle gourd,bottle gourd,watermelon,58,"['watermelon', 'bottle gourd', 'bitter gourd']","[58, 35, 2]"
6.2,26.5,89.4,98.9,74.8,98.6,snake gourd,snake gourd,snake gourd,60,"['snake gourd', 'capsicum', 'brinjal']","[60, 23, 9]"
6.9,17.1,63.5,113.7,74.7,96.4,carrot,carrot,carrot,99,"['carrot', 'sugarbeet', 'tomato']","[99, 0, 0]"
6.3,26.3,19.7,34.3,23.8,20.3,varagu,varagu,varagu,77,"['varagu', 'thinai', 'panivaragu']","[77, 13, 6]"
7.0,21.2,17.4,22.5,31.4,27.2,blackgram,blackgram,blackgram,98,"['blackgram', 'thinai', 'ragi']","[98, 1, 1]"
6.6,25.3,90.0,123.0,55.5,97.9,brinjal,brinjal,brinjal,78,"['brinjal', 'capsicum', 'bhendi']","[78, 20, 1]"
6.4,24.0,90.0,124.7,73.4,108.4,brinjal,brinjal,brinjal,61,"['brinjal', 'capsicum', 'bhendi']","[61, 16, 12]"
6.6,33.6,79.5,68.2,48.8,35.8,jute,jute,jute,95,"['jute', 'elephant foot yam', 'soyabean']","[95, 3, 1]"
5.7,25.4,56.6,63.7,48.8,45.6,tapoica,tapoica,tapoica,100,"['tapoica', 'cowpea', 'vegetable cowpea']","[100, 0, 0]"
6.4,22.9,77.1,119.0,53.5,106.4,onion,onion,onion,76,"['onion', 'chillies', 'tomato']","[76, 19, 4]"
7.3,25.6,81.8,62.6,48.8,80.4,ribbed gourd,ribbed gourd,ribbed gourd,89,"['ribbed gourd', 'bitter gourd', 'watermelon']","[89, 6, 2]"
5.9,18.1,76.6,61.2,45.3,59.6,chowchow,chowchow,chowchow,46,"['chowchow', 'french bean', 'bottle gourd']","[46, 31, 21]"
6.6,24.9,75.5,97.5,58.0,98.4,watermelon,watermelon,watermelon,58,"['watermelon', 'chillies', 'bottle gourd']","[58, 15, 10]"
6.0,21.1,83.1,72.8,35.7,24.4,soyabean,soyabean,soyabean,76,"['soyabean', 'castor', 'pearl millet']","[76, 15, 5]"
6.6,20.0,15.6,46.2,26.4,37.7,kudiraivali,kudiraivali,kudiraivali,99,"['kudiraivali', 'ragi', 'thinai']","[99, 0, 0]"
6.6,15.3,95.1,91.4,59.6,48.2,radish,radish,cauliflower,50,"['cauliflower', 'radish', 'beetroot']","[50, 47, 1]"
6.1,22.8,60.4,168.2,83.6,66.0,maize,maize,maize,100,"['maize', 'sugarbeet', 'pumpkin']","[100, 0, 0]"
6.6,22.6,63.7,88.7,48.6,95.3,pumpkin,pumpkin,pumpkin,98,"['pumpkin', 'ash gourd', 'bottle gourd']","[98, 2, 0]"
6.8,17.3,60.3,101.8,66.2,93.1,carrot,carrot,carrot,99,"['carrot', 'pumpkin', 'sugarbeet']","[99, 1, 0]"
7.3,34.6,57.6,48.5,22.7,28.9,horsegram,horsegram,horsegram,99,"['horsegram', 'greengram', 'bengalgram']","[99, 0, 0]"
7.8,32.7,79.0,96.2,50.2,56.7,rice,rice,annual moringa,80,"['annual moringa', 'rice', 'cotton']","[80, 16, 2]"
6.1,24.7,83.9,104.5,72.5,95.3,onion,onion,onion,40,"['onion', 'chillies', 'brinjal']","[40, 30, 15]"
6.7,24.4,99.1,107.4,95.0,89.6,bhendi,bhendi,bhendi,96,"['bhendi', 'cabbage', 'capsicum']","[96, 4, 0]"
6.8,25.6,15.9,32.0,26.5,25.2,thinai,thinai,thinai,48,"['thinai', 'ragi', 'panivaragu']","[48, 21, 15]"
5.7,16.0,78.2,96.7,49.1,50.6,french bean,french bean,french bean,98,"['french bean', 'chowchow', 'vegetable cowpea']","[98, 2, 0]"
5.8,21.8,80.1,87.4,56.6,45.6,vegetable cowpea,vegetable cowpea,vegetable cowpea,44,"['vegetable cowpea', 'chowchow', 'french bean']","[44, 31, 22]"
6.7,13.9,99.2,109.6,49.5,53.7,cauliflower,cauliflower,cauliflower,96,"['cauliflower', 'radish', 'peas']","[96, 4, 0]"
6.3,20.1,98.7,99.7,51.1,51.4,beetroot,beetroot,beetroot,96,"['beetroot', 'cauliflower', 'radish']","[96, 3, 1]"
7.0,27.9,75.6,93.6,46.5,68.6,muskmelon,muskmelon,muskmelon,56,"['muskmelon', 'ribbed gourd', 'bitter gourd']","[56, 29, 7]"
7.0,20.8,90.0,130.0,75.5,94.7,brinjal,brinjal,brinjal,91,"['brinjal', 'capsicum', 'tomato']","[91, 8, 0]"
6.9,28.9,51.5,67.9,51.1,45.1,tapoica,tapoica,tapoica,98,"['tapoica', 'cucumber', 'groundnut']","[98, 2, 0]"
6.5,33.1,61.9,32.7,21.1,27.6,greengram,greengram,greengram,96,"['greengram', 'horsegram', 'panivaragu']","[96, 2, 1]"
6.4,22.9,18.6,33.1,27.2,23.7,thinai,thinai,thinai,59,"['thinai', 'ragi', 'panivaragu']","[59, 19, 18]"
5.8,22.7,82.7,81.7,50.4,43.8,french bean,french bean,vegetable cowpea,55,"['vegetable cowpea', 'french bean', 'sweet potato']","[55, 25, 11]"
5.7,32.0,15.8,33.5,20.9,23.3,panivaragu,panivaragu,panivaragu,93,"['panivaragu', 'thinai', 'varagu']","[93, 4, 1]"
6.6,28.5,87.0,73.0,55.5,89.2,bitter gourd,bitter gourd,bitter gourd,93,"['bitter gourd', 'snake gourd', 'ribbed gourd']","[93, 3, 3]"
7.4,25.2,81.7,41.6,38.3,26.9,castor,castor,castor,33,"['castor', 'pearl millet', 'redgram']","[33, 28, 18]"
5.2,37.0,76.1,97.7,49.1,41.3,rice,rice,rice,99,"['rice', 'elephant foot yam', 'jute']","[99, 0, 0]"
6.0,22.0,86.0,64.7,70.5,64.2,snake gourd,snake gourd,snake gourd,97,"['snake gourd', 'bottle gourd', 'bitter gourd']","[97, 3, 0]"
7.4,26.2,79.3,73.3,57.3,56.3,tinda,tinda,tinda,80,"['tinda', 'cluster bean', 'cotton']","[80, 14, 2]"
5.5,12.1,82.1,74.9,44.9,59.4,french bean,french bean,french bean,99,"['french bean', 'chowchow', 'radish']","[99, 1, 0]"
5.6,24.8,15.4,38.7,24.6,21.8,panivaragu,panivaragu,thinai,51,"['thinai', 'varagu', 'ragi']","[51, 29, 12]"
6.5,39.1,83.4,57.4,32.8,32.3,pearl millet,pearl millet,pearl millet,87,"['pearl millet', 'horsegram', 'jute']","[87, 5, 4]"
6.3,18.5,90.0,148.5,41.9,83.9,brinjal,brinjal,brinjal,66,"['brinjal', 'capsicum', 'cabbage']","[66, 33, 0]"
5.6,24.8,51.4,53.5,38.7,34.6,cowpea,cowpea,cowpea,97,"['cowpea', 'bengalgram', 'horsegram']","[97, 3, 0]"
7.2,17.8,16.8,39.1,24.1,23.5,ragi,ragi,ragi,96,"['ragi', 'panivaragu', 'blackgram']","[96, 4, 0]"
5.9,23.0,15.9,36.2,25.5,22.4,thinai,thinai,thinai,59,"['thinai', 'ragi', 'panivaragu']","[59, 20, 16]"
6.4,14.7,98.9,75.7,49.6,40.8,radish,radish,radish,93,"['radish', 'sorghum', 'cauliflower']","[93, 5, 1]"
7.4,31.3,61.9,32.6,36.3,22.0,greengram,greengram,greengram,100,"['greengram', 'horsegram', 'blackgram']","[100, 0, 0]"
6.3,19.0,60.3,61.0,78.7,60.6,pumpkin,pumpkin,pumpkin,92,"['pumpkin', 'ash gourd', 'carrot']","[92, 3, 3]"
6.8,26.1,15.4,32.4,20.7,25.8,thinai,thinai,thinai,42,"['thinai', 'ragi', 'varagu']","[42, 20, 18]"
7.7,37.8,63.1,94.0,43.8,47.3,rice,rice,rice,82,"['rice', 'cucumber', 'jute']","[82, 17, 0]"
7.4,28.4,61.0,80.9,41.6,42.4,cucumber,cucumber,cucumber,87,"['cucumber', 'rice', 'tapoica']","[87, 9, 3]"
6.4,23.8,65.7,90.0,41.4,41.4,small onion,small onion,small onion,70,"['small onion', 'rice', 'cucumber']","[70, 20, 4]"
5.8,16.8,93.7,103.7,73.3,85.4,capsicum,capsicum,capsicum,68,"['capsicum', 'cabbage', 'brinjal']","[68, 32, 0]"
6.4,28.6,67.0,100.0,46.1,62.1,ash gourd,ash gourd,ash gourd,83,"['ash gourd', 'cucumber', 'rice']","[83, 7, 5]"
6.1,19.0,82.5,75.6,45.1,50.0,chowchow,chowchow,chowchow,94,"['chowchow', 'french bean', 'vegetable cowpea']","[94, 4, 1]"
7.7,26.6,75.1,193.0,62.8,143.4,sugarcane,sugarcane,sugarcane,100,"['sugarcane', 'tomato', 'chillies']","[100, 0, 0]"
7.4,32.0,64.1,85.1,48.6,46.2,cucumber,cucumber,cucumber,85,"['cucumber', 'rice', 'jute']","[85, 14, 0]"
8.2,14.7,16.9,32.8,27.4,28.9,ragi,ragi,ragi,100,"['ragi', 'panivaragu', 'blackgram']","[100, 0, 0]"
6.7,25.7,68.1,84.7,54.7,69.7,ash gourd,ash gourd,pumpkin,57,"['pumpkin', 'ash gourd', 'watermelon']","[57, 40, 1]"
6.3,17.6,91.4,106.3,91.3,119.5,cabbage,cabbage,cabbage,98,"['cabbage', 'capsicum', 'brinjal']","[98, 2, 0]"
8.1,22.6,88.3,74.6,35.4,37.2,castor,castor,castor,61,"['castor', 'sunflower', 'soyabean']","[61, 39, 0]"
6.8,19.7,65.9,80.7,50.8,49.4,small onion,small onion,small onion,78,"['small onion', 'groundnut', 'rice']","[78, 16, 3]"
6.6,28.2,80.1,77.8,42.4,73.7,ribbed gourd,ribbed gourd,bitter gourd,55,"['bitter gourd', 'ribbed gourd', 'muskmelon']","[55, 34, 5]"
5.9,24.6,17.9,30.5,26.9,20.7,thinai,thinai,thinai,47,"['thinai', 'varagu', 'ragi']","[47, 27, 13]"
7.8,27.7,87.1,91.0,58.3,45.6,cotton,cotton,cotton,82,"['cotton', 'annual moringa', 'tinda']","[82, 8, 5]"
5.8,21.2,84.8,72.5,48.9,57.0,french bean,french bean,chowchow,41,"['chowchow', 'vegetable cowpea', 'french bean']","[41, 31, 24]"
6.2,27.9,58.8,60.4,70.6,70.8,ash gourd,ash gourd,ash gourd,99,"['ash gourd', 'pumpkin', 'tapoica']","[99, 1, 0]"
7.0,31.0,83.4,119.9,48.7,95.9,muskmelon,muskmelon,muskmelon,78,"['muskmelon', 'tomato', 'chillies']","[78, 14, 5]"
6.4,32.4,85.7,78.5,40.7,40.2,jute,jute,jute,86,"['jute', 'elephant foot yam', 'soyabean']","[86, 11, 1]"
6.5,20.0,17.2,46.5,37.8,32.0,kudiraivali,kudiraivali,kudiraivali,99,"['kudiraivali', 'blackgram', 'cowpea']","[99, 0, 0]"
7.0,27.6,83.9,119.5,44.0,43.7,cotton,cotton,annual moringa,50,"['annual moringa', 'peas', 'cotton']","[50, 24, 23]"
6.7,28.8,77.0,117.3,49.4,97.4,muskmelon,muskmelon,chillies,43,"['chillies', 'muskmelon', 'tomato']","[43, 28, 26]"
6.3,24.8,80.6,152.6,71.0,87.6,maize,maize,maize,67,"['maize', 'onion', 'chillies']","[67, 17, 14]"
6.5,24.6,88.2,89.3,46.4,59.7,sweet potato,sweet potato,sweet potato,89,"['sweet potato', 'snake gourd', 'peas']","[89, 5, 3]"
6.1,24.0,96.1,137.6,60.7,108.7,bhendi,bhendi,bhendi,61,"['bhendi', 'cabbage', 'capsicum']","[61, 26, 13]"
5.7,26.6,17.5,37.8,20.0,22.9,ragi,ragi,varagu,80,"['varagu', 'thinai', 'ragi']","[80, 10, 5]"
7.4,33.8,69.9,22.7,28.0,32.5,greengram,greengram,greengram,100,"['greengram', 'horsegram', 'gingely']","[100, 0, 0]"
8.0,24.9,84.3,61.0,50.3,59.6,cluster bean,cluster bean,cluster bean,98,"['cluster bean', 'tinda', 'cotton']","[98, 1, 1]"
6.9,29.5,82.2,74.7,77.3,95.9,bitter gourd,bitter gourd,ribbed gourd,53,"['ribbed gourd', 'bitter gourd', 'bottle gourd']","[53, 46, 0]"
6.7,23.2,86.8,117.6,56.7,59.2,sweet potato,sweet potato,sweet potato,88,"['sweet potato', 'peas', 'cotton']","[88, 10, 1]"
6.7,24.7,86.0,110.7,52.9,48.6,peas,peas,sweet potato,82,"['sweet potato', 'peas', 'cotton']","[82, 15, 2]"
7.2,33.0,85.0,95.2,42.3,65.1,muskmelon,muskmelon,muskmelon,64,"['muskmelon', 'ribbed gourd', 'bitter gourd']","[64, 30, 3]"
7.3,24.2,75.0,112.5,46.0,47.4,peas,peas,cotton,65,"['cotton', 'peas', 'annual moringa']","[65, 27, 6]"
7.0,24.5,76.8,80.9,59.6,98.0,watermelon,watermelon,watermelon,68,"['watermelon', 'ribbed gourd', 'bottle gourd']","[68, 17, 5]"
7.2,31.7,75.3,95.2,53.3,89.6,muskmelon,muskmelon,muskmelon,70,"['muskmelon', 'ribbed gourd', 'watermelon']","[70, 30, 0]"
5.6,27.7,81.9,95.3,43.3,56.6,elephant foot yam,elephant foot yam,elephant foot yam,48,"['elephant foot yam', 'vegetable cowpea', 'french bean']","[48, 47, 3]"
7.9,21.6,70.4,106.3,58.0,59.3,cotton,cotton,cotton,66,"['cotton', 'sugarbeet', 'rice']","[66, 29, 3]"
6.2,26.2,64.4,143.9,66.3,81.8,maize,maize,maize,98,"['maize', 'ash gourd', 'pumpkin']","[98, 1, 1]"
6.7,16.1,95.2,64.7,49.0,54.9,sorghum,sorghum,sorghum,48,"['sorghum', 'radish', 'beetroot']","[48, 46, 4]"
7.5,29.7,83.5,86.0,46.0,58.0,tinda,tinda,annual moringa,37,"['annual moringa', 'tinda', 'cotton']","[37, 33, 21]"
5.8,20.0,16.0,53.0,35.3,35.8,kudiraivali,kudiraivali,kudiraivali,100,"['kudiraivali', 'cowpea', 'thinai']","[100, 0, 0]"
6.6,22.4,76.8,137.4,80.7,72.6,maize,maize,maize,50,"['maize', 'sugarbeet', 'tomato']","[50, 44, 3]"
6.5,21.3,52.5,118.3,56.1,55.7,wheat,wheat,wheat,80,"['wheat', 'maize', 'sugarbeet']","[80, 14, 6]"
6.4,24.2,17.9,30.2,21.9,28.7,panivaragu,panivaragu,thinai,54,"['thinai', 'ragi', 'panivaragu']","[54, 15, 14]"
6.3,24.6,77.2,112.1,46.4,113.6,chillies,chillies,chillies,47,"['chillies', 'onion', 'watermelon']","[47, 42, 8]"
6.1,18.6,78.1,89.8,40.2,43.2,chowchow,chowchow,chowchow,92,"['chowchow', 'french bean', 'small onion']","[92, 5, 2]"
6.8,19.2,78.6,53.8,24.2,39.2,redgram,redgram,redgram,93,"['redgram', 'soyabean', 'sunflower']","[93, 5, 1]"
7.3,13.7,80.8,52.4,20.3,26.2,pearl millet,pearl millet,pearl millet,91,"['pearl millet', 'soyabean', 'redgram']","[91, 7, 1]"
6.6,22.5,51.5,82.4,54.2,48.4,wheat,wheat,wheat,99,"['wheat', 'rice', 'small onion']","[99, 0, 0]"
6.2,22.9,77.0,162.9,74.5,89.9,maize,maize,maize,74,"['maize', 'onion', 'chillies']","[74, 20, 4]"
7.0,24.9,76.7,186.9,79.3,131.7,sugarcane,sugarcane,sugarcane,99,"['sugarcane', 'tomato', 'chillies']","[99, 1, 0]"
7.4,26.8,81.7,109.1,50.2,68.4,muskmelon,muskmelon,watermelon,56,"['watermelon', 'muskmelon', 'tomato']","[56, 40, 2]"
6.6,28.0,98.7,92.6,49.2,50.6,cauliflower,cauliflower,cauliflower,99,"['cauliflower', 'sorghum', 'peas']","[99, 1, 0]"
6.1,19.0,75.7,96.9,59.9,70.6,bottle gourd,bottle gourd,bottle gourd,92,"['bottle gourd', 'sugarbeet', 'onion']","[92, 4, 1]"
6.7,22.5,70.7,175.3,77.6,129.8,sugarcane,sugarcane,sugarcane,99,"['sugarcane', 'maize', 'sugarbeet']","[99, 0, 0]"
5.9,22.8,81.2,66.6,45.1,47.1,vegetable cowpea,vegetable cowpea,vegetable cowpea,57,"['vegetable cowpea', 'french bean', 'chowchow']","[57, 29, 13]"
6.9,30.8,83.2,87.1,40.8,47.3,annual moringa,annual moringa,elephant foot yam,34,"['elephant foot yam', 'annual moringa', 'jute']","[34, 31, 18]"
6.3,24.2,82.0,133.4,67.0,111.2,chillies,chillies,onion,64,"['onion', 'chillies', 'tomato']","[64, 34, 1]"
6.5,25.1,88.3,75.2,68.0,87.7,snake gourd,snake gourd,snake gourd,82,"['snake gourd', 'bitter gourd', 'bottle gourd']","[82, 16, 1]"
7.5,34.0,85.8,83.9,41.6,39.9,jute,jute,jute,85,"['jute', 'annual moringa', 'cotton']","[85, 10, 3]"
7.3,27.3,76.6,93.4,55.2,54.4,tinda,tinda,tinda,46,"['tinda', 'annual moringa', 'cotton']","[46, 23, 19]"
6.7,21.2,15.8,38.3,23.1,29.4,ragi,ragi,thinai,52,"['thinai', 'panivaragu', 'ragi']","[52, 19, 19]"
5.6,16.9,96.2,74.8,52.4,51.1,radish,radish,radish,98,"['radish', 'sorghum', 'beetroot']","[98, 1, 0]"
7.3,25.9,78.0,102.7,51.2,86.6,watermelon,watermelon,watermelon,68,"['watermelon', 'muskmelon', 'tomato']","[68, 23, 7]"
6.7,27.7,85.9,83.0,76.2,79.1,bitter gourd,bitter gourd,bitter gourd,93,"['bitter gourd', 'ribbed gourd', 'snake gourd']","[93, 3, 2]"
7.2,25.6,88.2,59.3,24.4,34.3,pearl millet,pearl millet,castor,46,"['castor', 'pearl millet', 'sunflower']","[46, 24, 17]"
6.2,24.5,99.1,148.6,65.1,109.7,bhendi,bhendi,bhendi,85,"['bhendi', 'cabbage', 'capsicum']","[85, 12, 3]"
6.6,27.3,82.6,77.5,44.7,49.5,tinda,tinda,tinda,54,"['tinda', 'elephant foot yam', 'jute']","[54, 36, 4]"
6.0,20.5,76.6,87.4,55.5,47.4,vegetable cowpea,vegetable cowpea,chowchow,72,"['chowchow', 'vegetable cowpea', 'french bean']","[72, 15, 8]"
7.3,20.9,84.0,104.8,51.5,108.9,tomato,tomato,tomato,98,"['tomato', 'brinjal', 'watermelon']","[98, 1, 0]"
6.9,26.3,75.3,95.3,56.4,84.8,watermelon,watermelon,watermelon,47,"['watermelon', 'muskmelon', 'ribbed gourd']","[47, 29, 15]"
7.1,31.1,79.7,81.0,78.4,94.7,ribbed gourd,ribbed gourd,ribbed gourd,96,"['ribbed gourd', 'muskmelon', 'bitter gourd']","[96, 2, 1]"
7.1,20.2,83.9,115.2,67.1,90.0,tomato,tomato,tomato,89,"['tomato', 'brinjal', 'sugarbeet']","[89, 9, 1]"
6.4,20.6,76.4,117.7,50.6,115.6,onion,onion,onion,92,"['onion', 'tomato', 'chillies']","[92, 4, 3]"
6.7,25.4,98.7,146.8,66.7,114.5,bhendi,bhendi,bhendi,93,"['bhendi', 'cabbage', 'capsicum']","[93, 4, 3]"
6.3,19.3,82.2,76.1,43.6,46.6,chowchow,chowchow,chowchow,96,"['chowchow', 'french bean', 'peas']","[96, 2, 0]"
7.7,26.2,86.9,110.0,52.2,40.1,cotton,cotton,cotton,88,"['cotton', 'peas', 'annual moringa']","[88, 7, 4]"
7.0,21.9,59.2,107.3,55.5,52.0,wheat,wheat,wheat,99,"['wheat', 'sugarbeet', 'rice']","[99, 0, 0]"
6.5,29.2,60.0,58.7,38.6,29.2,bengalgram,bengalgram,bengalgram,88,"['bengalgram', 'horsegram', 'cowpea']","[88, 10, 2]"
6.4,26.9,72.2,54.9,28.3,25.3,soyabean,soyabean,horsegram,53,"['horsegram', 'soyabean', 'redgram']","[53, 42, 2]"
7.5,24.5,86.2,94.5,58.4,51.3,cotton,cotton,cotton,73,"['cotton', 'cluster bean', 'peas']","[73, 12, 12]"
6.4,21.1,87.2,64.6,68.8,63.9,snake gourd,snake gourd,snake gourd,98,"['snake gourd', 'bottle gourd', 'bitter gourd']","[98, 2, 0]"
6.8,23.6,57.3,88.4,54.6,53.5,wheat,wheat,wheat,98,"['wheat', 'rice', 'tapoica']","[98, 1, 0]"
8.5,24.3,79.5,63.2,54.9,54.2,cluster bean,cluster bean,cluster bean,100,"['cluster bean', 'cotton', 'tinda']","[100, 0, 0]"
6.8,19.3,60.5,103.0,74.3,97.6,carrot,carrot,carrot,89,"['carrot', 'pumpkin', 'maize']","[89, 8, 1]"
6.2,24.5,82.7,141.2,49.5,114.3,onion,onion,onion,58,"['onion', 'chillies', 'tomato']","[58, 41, 1]"
7.3,40.9,17.4,22.8,34.9,23.8,blackgram,blackgram,blackgram,100,"['blackgram', 'panivaragu', 'samai']","[100, 0, 0]"
7.0,23.7,88.9,56.3,24.8,36.2,castor,castor,sunflower,61,"['sunflower', 'castor', 'soyabean']","[61, 24, 8]"
6.7,18.9,77.4,66.5,61.0,85.5,bottle gourd,bottle gourd,bottle gourd,99,"['bottle gourd', 'pumpkin', 'snake gourd']","[99, 1, 0]"
7.7,22.4,77.1,170.9,99.6,126.2,sugarcane,sugarcane,sugarcane,100,"['sugarcane', 'tomato', 'sugarbeet']","[100, 0, 0]"
6.7,25.0,57.4,78.3,47.4,51.1,tapoica,tapoica,tapoica,94,"['tapoica', 'cucumber', 'groundnut']","[94, 3, 1]"
7.2,29.4,82.3,72.4,51.9,42.1,tinda,tinda,tinda,86,"['tinda', 'jute', 'elephant foot yam']","[86, 6, 4]"
6.6,15.5,81.1,41.9,22.3,23.4,pearl millet,pearl millet,pearl millet,82,"['pearl millet', 'soyabean', 'redgram']","[82, 14, 3]"
6.0,22.5,83.3,78.9,44.7,41.9,vegetable cowpea,vegetable cowpea,vegetable cowpea,41,"['vegetable cowpea', 'chowchow', 'french bean']","[41, 20, 19]"
6.8,25.2,60.0,57.3,29.4,26.6,bengalgram,bengalgram,bengalgram,91,"['bengalgram', 'horsegram', 'cowpea']","[91, 7, 0]"
6.9,33.0,77.9,75.1,62.1,93.5,ribbed gourd,ribbed gourd,ribbed gourd,97,"['ribbed gourd', 'bitter gourd', 'ash gourd']","[97, 2, 0]"
6.3,21.2,84.1,93.9,45.1,48.7,chowchow,chowchow,chowchow,66,"['chowchow', 'sweet potato', 'vegetable cowpea']","[66, 27, 2]"
7.0,25.7,73.5,161.7,77.1,144.7,sugarcane,sugarcane,sugarcane,99,"['sugarcane', 'maize', 'tomato']","[99, 0, 0]"
6.3,26.5,17.5,37.3,24.0,23.2,varagu,varagu,varagu,80,"['varagu', 'thinai', 'ragi']","[80, 11, 4]"
6.6,25.7,97.0,147.5,80.3,119.4,bhendi,bhendi,bhendi,92,"['bhendi', 'cabbage', 'capsicum']","[92, 5, 3]"
6.0,25.2,50.6,32.5,37.4,24.0,cowpea,cowpea,cowpea,92,"['cowpea', 'varagu', 'thinai']","[92, 4, 1]"
6.4,18.8,99.1,61.3,56.5,53.5,beetroot,beetroot,beetroot,94,"['beetroot', 'sorghum', 'radish']","[94, 5, 1]"
7.5,16.7,82.9,91.9,48.2,56.8,peas,peas,peas,98,"['peas', 'cluster bean', 'cotton']","[98, 1, 1]"
7.5,33.3,79.0,91.3,46.0,73.7,ribbed gourd,ribbed gourd,muskmelon,62,"['muskmelon', 'ribbed gourd', 'annual moringa']","[62, 36, 1]"
6.2,22.0,75.6,98.4,57.2,96.3,bottle gourd,bottle gourd,bottle gourd,61,"['bottle gourd', 'onion', 'chillies']","[61, 20, 8]"
7.4,29.7,60.3,66.0,57.5,58.2,cucumber,cucumber,cucumber,93,"['cucumber', 'tapoica', 'groundnut']","[93, 5, 1]"
7.7,26.8,79.2,155.7,86.0,128.8,sugarcane,sugarcane,sugarcane,100,"['sugarcane', 'tomato', 'maize']","[100, 0, 0]"
6.9,22.2,76.7,52.1,33.9,26.0,redgram,redgram,redgram,91,"['redgram', 'soyabean', 'sunflower']","[91, 5, 3]"
7.8,23.4,82.8,88.6,55.5,52.2,cluster bean,cluster bean,cluster bean,73,"['cluster bean', 'cotton', 'peas']","[73, 25, 1]"
7.7,32.3,82.2,104.0,47.4,43.2,annual moringa,annual moringa,annual moringa,94,"['annual moringa', 'cotton', 'jute']","[94, 2, 2]"
5.8,22.6,80.9,99.6,55.5,40.9,french bean,french bean,vegetable cowpea,50,"['vegetable cowpea', 'sweet potato', 'french bean']","[50, 22, 21]"
7.4,24.2,77.1,156.0,98.0,132.7,sugarcane,sugarcane,sugarcane,100,"['sugarcane', 'tomato', 'sugarbeet']","[100, 0, 0]"
6.4,29.3,65.9,86.2,73.5,97.0,ash gourd,ash gourd,ash gourd,98,"['ash gourd', 'pumpkin', 'chillies']","[98, 2, 0]"
6.0,39.2,69.2,82.2,44.4,56.6,rice,rice,rice,99,"['rice', 'jute', 'cucumber']","[99, 1, 0]"
6.6,27.6,90.0,119.9,63.6,102.6,brinjal,brinjal,brinjal,80,"['brinjal', 'capsicum', 'chillies']","[80, 18, 0]"
5.8,25.6,84.8,68.7,43.0,43.4,french bean,french bean,vegetable cowpea,52,"['vegetable cowpea', 'french bean', 'elephant foot yam']","[52, 24, 20]"
6.6,24.6,96.8,118.3,91.5,116.4,bhendi,bhendi,bhendi,95,"['bhendi', 'cabbage', 'capsicum']","[95, 5, 0]"
5.5,31.2,81.5,60.6,51.6,49.0,elephant foot yam,elephant foot yam,elephant foot yam,93,"['elephant foot yam', 'vegetable cowpea', 'french bean']","[93, 6, 0]"
6.2,21.7,57.3,82.7,41.8,52.5,wheat,wheat,wheat,98,"['wheat', 'rice', 'small onion']","[98, 1, 0]"
6.6,27.0,79.0,90.7,42.8,49.2,annual moringa,annual moringa,tinda,63,"['tinda', 'annual moringa', 'peas']","[63, 15, 7]"
6.4,26.4,97.9,148.1,71.5,87.4,bhendi,bhendi,bhendi,90,"['bhendi', 'cabbage', 'capsicum']","[90, 9, 1]"
6.6,26.2,86.9,92.2,60.7,76.5,snake gourd,snake gourd,bitter gourd,64,"['bitter gourd', 'snake gourd', 'bottle gourd']","[64, 32, 2]"
6.6,28.7,79.5,44.9,29.9,36.1,redgram,redgram,redgram,88,"['redgram', 'horsegram', 'soyabean']","[88, 9, 2]"
6.5,23.7,87.8,83.5,46.8,40.7,sweet potato,sweet potato,sweet potato,96,"['sweet potato', 'peas', 'cauliflower']","[96, 2, 1]"
6.7,27.5,76.1,137.4,47.1,119.0,tomato,tomato,chillies,66,"['chillies', 'tomato', 'sugarcane']","[66, 29, 4]"
7.0,41.5,16.4,39.0,27.4,24.1,panivaragu,panivaragu,panivaragu,84,"['panivaragu', 'blackgram', 'thinai']","[84, 14, 0]"
6.4,22.4,70.0,73.3,55.3,56.9,small onion,small onion,small onion,98,"['small onion', 'groundnut', 'pumpkin']","[98, 1, 0]"
6.2,21.9,87.1,81.3,47.7,70.7,snake gourd,snake gourd,snake gourd,98,"['snake gourd', 'bottle gourd', 'sweet potato']","[98, 1, 1]"
6.9,32.9,65.0,71.6,57.9,41.0,groundnut,groundnut,groundnut,61,"['groundnut', 'cucumber', 'rice']","[61, 38, 0]"
6.6,23.1,60.0,40.3,20.3,21.5,bengalgram,bengalgram,bengalgram,97,"['bengalgram', 'cowpea', 'thinai']","[97, 1, 1]"
6.8,20.6,99.9,69.5,49.0,52.5,beetroot,beetroot,beetroot,90,"['beetroot', 'sorghum', 'cauliflower']","[90, 9, 0]"
6.3,28.1,64.0,85.7,43.6,79.7,ash gourd,ash gourd,ash gourd,97,"['ash gourd', 'pumpkin', 'rice']","[97, 3, 0]"
6.6,30.6,56.5,76.8,52.1,62.2,ash gourd,ash gourd,ash gourd,76,"['ash gourd', 'tapoica', 'cucumber']","[76, 18, 5]"
8.0,22.8,77.1,81.5,48.9,40.9,cluster bean,cluster bean,cluster bean,80,"['cluster bean', 'cotton', 'rice']","[80, 15, 5]"
7.7,21.5,79.3,72.3,53.5,44.1,cluster bean,cluster bean,cluster bean,99,"['cluster bean', 'cotton', 'rice']","[99, 1, 0]"
6.3,24.4,72.5,78.7,79.8,76.3,ash gourd,ash gourd,ash gourd,52,"['ash gourd', 'pumpkin', 'bottle gourd']","[52, 22, 19]"
5.6,27.7,81.0,60.2,45.0,57.0,vegetable cowpea,vegetable cowpea,vegetable cowpea,57,"['vegetable cowpea', 'elephant foot yam', 'french bean']","[57, 38, 4]"
6.5,19.7,98.7,94.1,54.7,50.8,beetroot,beetroot,beetroot,92,"['beetroot', 'cauliflower', 'radish']","[92, 7, 1]"
8.5,29.4,19.2,37.3,28.2,25.4,samai,samai,samai,100,"['samai', 'blackgram', 'ragi']","[100, 0, 0]"
8.6,35.2,17.8,36.7,24.3,27.8,samai,samai,samai,99,"['samai', 'blackgram', 'panivaragu']","[99, 1, 0]"
7.0,20.0,16.1,40.3,28.4,20.8,kudiraivali,kudiraivali,kudiraivali,41,"['kudiraivali', 'ragi', 'thinai']","[41, 33, 11]"
6.5,28.3,65.0,57.0,51.1,43.9,groundnut,groundnut,groundnut,90,"['groundnut', 'cucumber', 'tapoica']","[90, 9, 1]"
7.4,36.1,17.7,36.8,20.1,39.9,blackgram,blackgram,blackgram,99,"['blackgram', 'panivaragu', 'samai']","[99, 0, 0]"
7.0,26.7,79.0,83.2,58.2,50.0,tinda,tinda,tinda,65,"['tinda', 'annual moringa', 'cotton']","[65, 14, 7]"
6.4,24.5,77.6,95.0,76.0,82.9,bottle gourd,bottle gourd,bottle gourd,76,"['bottle gourd', 'bitter gourd', 'chillies']","[76, 5, 5]"
6.5,18.9,77.5,129.0,70.7,104.0,tomato,tomato,tomato,71,"['tomato', 'onion', 'maize']","[71, 20, 6]"
7.9,26.4,82.6,119.6,46.1,40.6,cotton,cotton,cotton,53,"['cotton', 'annual moringa', 'peas']","[53, 44, 3]"
7.0,32.8,77.7,82.2,44.1,52.8,annual moringa,annual moringa,annual moringa,61,"['annual moringa', 'jute', 'rice']","[61, 13, 11]"
6.4,24.4,81.7,57.7,28.8,32.3,castor,castor,soyabean,38,"['soyabean', 'castor', 'pearl millet']","[38, 23, 16]"
6.9,26.7,81.2,94.6,48.4,45.0,tinda,tinda,tinda,52,"['tinda', 'annual moringa', 'elephant foot yam']","[52, 15, 13]"
7.4,18.3,86.6,43.9,23.9,36.5,pearl millet,pearl millet,pearl millet,75,"['pearl millet', 'sunflower', 'soyabean']","[75, 22, 2]"
7.8,33.6,17.1,22.2,31.3,22.8,blackgram,blackgram,blackgram,99,"['blackgram', 'samai', 'panivaragu']","[99, 1, 0]"
6.2,24.9,80.8,93.9,56.0,76.7,watermelon,watermelon,watermelon,62,"['watermelon', 'bottle gourd', 'bitter gourd']","[62, 30, 3]"
6.8,19.1,72.8,115.6,57.2,48.1,peas,peas,peas,91,"['peas', 'small onion', 'sugarbeet']","[91, 5, 2]"
6.0,18.3,72.8,85.8,43.3,44.8,small onion,small onion,small onion,70,"['small onion', 'chowchow', 'french bean']","[70, 22, 3]"
7.0,29.8,17.4,27.2,28.4,33.6,blackgram,blackgram,blackgram,99,"['blackgram', 'thinai', 'panivaragu']","[99, 0, 0]"
7.2,30.2,68.0,35.4,32.5,27.5,greengram,greengram,greengram,99,"['greengram', 'horsegram', 'gingely']","[99, 1, 0]"
7.2,27.5,81.7,121.0,44.2,100.4,tomato,tomato,tomato,81,"['tomato', 'muskmelon', 'watermelon']","[81, 8, 4]"
7.0,15.9,61.9,114.7,88.1,98.6,carrot,carrot,carrot,96,"['carrot', 'sugarcane', 'sugarbeet']","[96, 4, 0]"
6.1,17.1,86.5,80.0,20.6,28.3,soyabean,soyabean,soyabean,99,"['soyabean', 'pearl millet', 'castor']","[99, 1, 0]"
7.3,26.3,83.8,48.1,31.2,33.6,pearl millet,pearl millet,pearl millet,41,"['pearl millet', 'castor', 'redgram']","[41, 21, 21]"
7.3,18.9,76.7,119.2,62.4,60.6,sugarbeet,sugarbeet,sugarbeet,95,"['sugarbeet', 'peas', 'tomato']","[95, 2, 2]"
7.2,12.7,84.9,114.2,56.7,43.6,peas,peas,peas,100,"['peas', 'cotton', 'cauliflower']","[100, 0, 0]"
7.5,30.1,17.2,27.4,32.3,26.8,blackgram,blackgram,blackgram,100,"['blackgram', 'samai', 'panivaragu']","[100, 0, 0]"
6.0,21.9,86.5,83.5,43.5,42.2,sweet potato,sweet potato,sweet potato,96,"['sweet potato', 'chowchow', 'vegetable cowpea']","[96, 2, 1]"
5.8,25.7,79.8,66.2,48.6,40.5,vegetable cowpea,vegetable cowpea,vegetable cowpea,62,"['vegetable cowpea', 'french bean', 'elephant foot yam']","[62, 26, 10]"
7.0,38.4,65.0,76.6,44.1,56.0,groundnut,groundnut,groundnut,91,"['groundnut', 'cucumber', 'rice']","[91, 7, 1]"
5.9,27.2,88.2,52.6,30.1,25.8,pearl millet,pearl millet,pearl millet,85,"['pearl millet', 'soyabean', 'castor']","[85, 9, 5]"
6.6,15.6,62.6,118.8,63.6,91.8,carrot,carrot,carrot,99,"['carrot', 'sugarbeet', 'maize']","[99, 1, 0]"
5.7,14.4,84.8,73.3,59.8,54.0,french bean,french bean,french bean,99,"['french bean', 'chowchow', 'radish']","[99, 1, 0]"
5.1,28.8,50.3,50.8,36.6,20.5,cowpea,cowpea,cowpea,99,"['cowpea', 'bengalgram', 'horsegram']","[99, 1, 0]"
6.5,25.5,56.5,64.3,48.4,54.8,tapoica,tapoica,tapoica,98,"['tapoica', 'cucumber', 'ash gourd']","[98, 1, 0]"
6.7,8.0,96.7,82.7,42.1,47.5,cauliflower,cauliflower,cauliflower,88,"['cauliflower', 'radish', 'peas']","[88, 12, 0]"
6.8,17.5,69.0,89.5,89.1,80.6,carrot,carrot,carrot,100,"['carrot', 'pumpkin', 'sugarbeet']","[100, 0, 0]"
5.5,26.8,50.5,90.2,57.3,48.2,tapoica,tapoica,tapoica,99,"['tapoica', 'rice', 'ash gourd']","[99, 1, 0]"
6.8,26.4,88.3,73.1,54.4,85.5,bitter gourd,bitter gourd,bitter gourd,79,"['bitter gourd', 'snake gourd', 'bottle gourd']","[79, 18, 1]"
5.6,18.1,78.1,175.0,63.0,77.8,maize,maize,maize,99,"['maize', 'sugarbeet', 'onion']","[99, 1, 0]"
7.5,29.8,81.3,90.5,59.9,42.7,tinda,tinda,annual moringa,40,"['annual moringa', 'tinda', 'cotton']","[40, 31, 20]"
5.8,22.6,76.8,66.0,41.9,44.1,vegetable cowpea,vegetable cowpea,vegetable cowpea,61,"['vegetable cowpea', 'french bean', 'chowchow']","[61, 28, 10]"
7.0,22.9,78.7,89.7,46.2,56.6,peas,peas,cluster bean,46,"['cluster bean', 'peas', 'cotton']","[46, 25, 16]"
6.6,19.9,88.1,102.8,47.6,44.0,peas,peas,peas,65,"['peas', 'sweet potato', 'cauliflower']","[65, 31, 2]"
6.6,26.7,85.6,116.5,54.5,54.5,peas,peas,sweet potato,54,"['sweet potato', 'peas', 'cotton']","[54, 30, 8]"
6.1,22.9,78.3,101.3,74.4,82.2,onion,onion,onion,63,"['onion', 'chillies', 'bottle gourd']","[63, 18, 9]"
8.5,26.4,17.8,31.1,24.7,27.1,samai,samai,samai,93,"['samai', 'ragi', 'blackgram']","[93, 6, 1]"
6.2,28.0,68.9,63.2,55.4,80.2,ash gourd,ash gourd,ash gourd,97,"['ash gourd', 'pumpkin', 'ribbed gourd']","[97, 2, 1]"
6.7,17.8,90.1,68.9,56.2,54.6,sorghum,sorghum,sorghum,89,"['sorghum', 'radish', 'beetroot']","[89, 4, 2]"
5.9,21.5,85.5,92.0,45.6,44.3,sweet potato,sweet potato,sweet potato,84,"['sweet potato', 'chowchow', 'vegetable cowpea']","[84, 7, 6]"
6.7,20.4,65.0,79.7,43.0,51.7,groundnut,groundnut,groundnut,67,"['groundnut', 'small onion', 'rice']","[67, 29, 3]"
5.9,26.7,81.2,38.1,23.3,21.9,gingely,gingely,gingely,89,"['gingely', 'pearl millet', 'castor']","[89, 8, 3]"
7.4,36.0,95.8,61.6,53.8,50.0,sorghum,sorghum,sorghum,100,"['sorghum', 'jute', 'cauliflower']","[100, 0, 0]"
6.7,26.7,77.6,103.1,40.5,92.1,chillies,chillies,watermelon,53,"['watermelon', 'muskmelon', 'chillies']","[53, 27, 11]"
6.8,13.6,99.7,94.3,40.4,59.4,radish,radish,cauliflower,53,"['cauliflower', 'radish', 'beetroot']","[53, 46, 1]"
6.7,28.5,65.0,71.1,50.1,46.1,groundnut,groundnut,groundnut,64,"['groundnut', 'cucumber', 'tapoica']","[64, 34, 1]"
6.9,31.9,65.0,70.3,46.4,46.6,groundnut,groundnut,groundnut,63,"['groundnut', 'cucumber', 'jute']","[63, 36, 0]"
6.6,23.8,97.3,71.4,41.5,56.1,sorghum,sorghum,sorghum,83,"['sorghum', 'cauliflower', 'beetroot']","[83, 11, 5]"
5.5,25.8,60.6,83.9,55.0,49.1,rice,rice,rice,76,"['rice', 'tapoica', 'french bean']","[76, 23, 0]"
6.6,24.8,86.2,57.3,31.4,20.5,sunflower,sunflower,sunflower,34,"['sunflower', 'castor', 'soyabean']","[34, 25, 24]"
7.5,33.5,62.9,24.4,30.3,23.5,greengram,greengram,greengram,100,"['greengram', 'horsegram', 'blackgram']","[100, 0, 0]"
5.9,26.3,18.2,35.0,21.1,23.4,varagu,varagu,varagu,80,"['varagu', 'thinai', 'ragi']","[80, 11, 5]"
6.9,31.2,82.2,69.6,25.9,20.7,soyabean,soyabean,soyabean,89,"['soyabean', 'pearl millet', 'redgram']","[89, 4, 3]"
6.7,24.7,60.0,51.1,25.6,36.1,bengalgram,bengalgram,bengalgram,98,"['bengalgram', 'horsegram', 'cowpea']","[98, 1, 0]"
5.8,20.2,82.5,83.0,46.8,57.0,chowchow,chowchow,chowchow,56,"['chowchow', 'french bean', 'vegetable cowpea']","[56, 24, 17]"
5.6,34.1,83.9,76.8,44.6,50.0,elephant foot yam,elephant foot yam,elephant foot yam,96,"['elephant foot yam', 'vegetable cowpea', 'jute']","[96, 2, 1]"
8.4,21.5,78.9,80.8,50.2,43.0,cluster bean,cluster bean,cluster bean,96,"['cluster bean', 'cotton', 'rice']","[96, 3, 1]"
6.1,29.0,82.9,93.6,35.8,40.9,jute,jute,jute,90,"['jute', 'elephant foot yam', 'vegetable cowpea']","[90, 7, 2]"
6.1,19.9,75.4,94.4,53.0,50.1,chowchow,chowchow,chowchow,87,"['chowchow', 'small onion', 'french bean']","[87, 5, 3]"
7.0,29.4,60.2,65.7,50.9,42.4,cucumber,cucumber,cucumber,83,"['cucumber', 'tapoica', 'groundnut']","[83, 10, 6]"
7.4,22.8,82.8,97.7,59.2,47.1,cluster bean,cluster bean,cluster bean,63,"['cluster bean', 'cotton', 'peas']","[63, 26, 9]"
6.7,27.1,89.0,86.2,43.3,79.0,bitter gourd,bitter gourd,bitter gourd,89,"['bitter gourd', 'snake gourd', 'muskmelon']","[89, 8, 1]"
7.7,32.9,17.7,30.7,27.0,34.4,blackgram,blackgram,blackgram,98,"['blackgram', 'samai', 'panivaragu']","[98, 1, 0]"
6.4,26.1,98.7,111.4,63.9,110.3,bhendi,bhendi,bhendi,90,"['bhendi', 'cabbage', 'capsicum']","[90, 9, 1]"
7.2,33.3,63.4,93.7,51.1,56.6,cucumber,cucumber,cucumber,84,"['cucumber', 'rice', 'tapoica']","[84, 16, 0]"
6.1,18.0,99.9,78.7,43.0,40.7,beetroot,beetroot,beetroot,54,"['beetroot', 'radish', 'sorghum']","[54, 36, 8]"
6.8,28.3,67.5,31.5,24.3,34.1,greengram,greengram,greengram,100,"['greengram', 'horsegram', 'bengalgram']","[100, 0, 0]"
6.8,27.5,61.0,26.7,23.0,30.4,greengram,greengram,greengram,100,"['greengram', 'thinai', 'bengalgram']","[100, 0, 0]"
6.5,26.8,99.0,110.7,74.6,101.4,bhendi,bhendi,bhendi,94,"['bhendi', 'cabbage', 'capsicum']","[94, 5, 1]"
6.9,38.5,17.7,36.5,29.5,24.2,panivaragu,panivaragu,panivaragu,52,"['panivaragu', 'blackgram', 'thinai']","[52, 48, 0]"
6.4,27.3,52.7,31.8,32.7,28.3,cowpea,cowpea,cowpea,93,"['cowpea', 'greengram', 'thinai']","[93, 3, 2]"
5.8,20.0,18.1,41.2,27.3,34.3,kudiraivali,kudiraivali,kudiraivali,98,"['kudiraivali', 'cowpea', 'ragi']","[98, 0, 0]"
5.9,24.0,89.8,112.9,56.7,43.3,sweet potato,sweet potato,sweet potato,100,"['sweet potato', 'cauliflower', 'vegetable cowpea']","[100, 0, 0]"
7.1,22.1,75.1,88.9,48.4,47.4,cluster bean,cluster bean,cluster bean,45,"['cluster bean', 'cotton', 'peas']","[45, 28, 15]"
7.1,32.6,81.2,82.3,45.1,97.1,ribbed gourd,ribbed gourd,ribbed gourd,50,"['ribbed gourd', 'muskmelon', 'bitter gourd']","[50, 49, 0]"
5.7,18.4,80.8,62.9,40.3,48.3,chowchow,chowchow,chowchow,62,"['chowchow', 'french bean', 'vegetable cowpea']","[62, 35, 3]"
7.4,25.8,77.5,96.9,45.0,40.6,tinda,tinda,tinda,37,"['tinda', 'annual moringa', 'cotton']","[37, 21, 20]"
6.7,28.5,60.0,41.6,32.0,35.3,bengalgram,bengalgram,bengalgram,80,"['bengalgram', 'horsegram', 'greengram']","[80, 13, 5]"
6.5,22.0,96.0,59.9,39.9,21.4,castor,castor,sunflower,69,"['sunflower', 'castor', 'soyabean']","[69, 25, 3]"
6.5,27.5,73.7,61.4,46.9,61.0,ash gourd,ash gourd,ash gourd,53,"['ash gourd', 'ribbed gourd', 'bitter gourd']","[53, 27, 5]"
7.0,20.0,16.8,55.3,24.0,20.9,kudiraivali,kudiraivali,kudiraivali,99,"['kudiraivali', 'ragi', 'panivaragu']","[99, 1, 0]"
6.7,14.8,16.2,35.7,22.7,25.4,panivaragu,panivaragu,ragi,57,"['ragi', 'panivaragu', 'thinai']","[57, 43, 0]"
6.7,26.7,82.7,99.0,58.3,74.4,bitter gourd,bitter gourd,watermelon,36,"['watermelon', 'bitter gourd', 'muskmelon']","[36, 25, 21]"
6.9,24.4,65.2,191.4,81.1,124.5,sugarcane,sugarcane,sugarcane,100,"['sugarcane', 'maize', 'sugarbeet']","[100, 0, 0]"
8.5,36.5,15.5,38.4,21.7,28.7,samai,samai,samai,100,"['samai', 'blackgram', 'panivaragu']","[100, 0, 0]"
7.4,24.1,17.5,26.6,21.7,24.0,blackgram,blackgram,blackgram,92,"['blackgram', 'ragi', 'thinai']","[92, 7, 1]"
6.4,19.4,83.9,60.1,46.2,44.9,chowchow,chowchow,chowchow,88,"['chowchow', 'sorghum', 'french bean']","[88, 8, 2]"
6.9,23.3,76.5,54.4,20.9,38.7,redgram,redgram,redgram,87,"['redgram', 'soyabean', 'sunflower']","[87, 9, 2]"
7.1,30.1,60.6,31.9,33.4,24.8,greengram,greengram,greengram,100,"['greengram', 'horsegram', 'blackgram']","[100, 0, 0]"
6.0,20.4,86.3,76.8,55.5,63.1,snake gourd,snake gourd,snake gourd,97,"['snake gourd', 'bottle gourd', 'chowchow']","[97, 2, 1]"
6.6,23.5,92.1,121.1,76.9,88.8,capsicum,capsicum,capsicum,58,"['capsicum', 'bhendi', 'cabbage']","[58, 26, 10]"
6.2,21.6,57.2,109.1,57.8,42.3,wheat,wheat,wheat,100,"['wheat', 'rice', 'small onion']","[100, 0, 0]"
6.3,22.6,76.4,90.2,61.9,73.9,bottle gourd,bottle gourd,bottle gourd,94,"['bottle gourd', 'snake gourd', 'sugarbeet']","[94, 1, 1]"
7.3,31.7,79.8,108.5,49.0,48.9,annual moringa,annual moringa,annual moringa,95,"['annual moringa', 'cotton', 'peas']","[95, 2, 1]"
5.8,28.8,84.9,65.2,41.7,58.4,elephant foot yam,elephant foot yam,vegetable cowpea,56,"['vegetable cowpea', 'elephant foot yam', 'french bean']","[56, 40, 2]"
7.0,26.2,78.4,46.3,37.1,35.3,redgram,redgram,redgram,82,"['redgram', 'horsegram', 'soyabean']","[82, 14, 2]"
6.8,27.8,80.6,85.6,48.4,54.1,elephant foot yam,elephant foot yam,tinda,59,"['tinda', 'elephant foot yam', 'annual moringa']","[59, 14, 14]"
5.6,26.9,75.0,85.7,47.9,43.3,vegetable cowpea,vegetable cowpea,rice,45,"['rice', 'vegetable cowpea', 'french bean']","[45, 37, 13]"
7.0,31.7,61.5,61.3,54.3,51.4,cucumber,cucumber,cucumber,90,"['cucumber', 'groundnut', 'tapoica']","[90, 8, 1]"
6.7,13.5,65.0,65.5,57.0,40.7,groundnut,groundnut,groundnut,98,"['groundnut', 'small onion', 'peas']","[98, 2, 0]"
6.6,20.3,99.6,66.5,51.8,55.6,beetroot,beetroot,beetroot,95,"['beetroot', 'sorghum', 'radish']","[95, 4, 0]"
6.6,25.5,52.5,73.8,56.4,96.8,ash gourd,ash gourd,ash gourd,96,"['ash gourd', 'pumpkin', 'tapoica']","[96, 4, 0]"
6.7,27.3,63.3,20.0,25.0,23.3,greengram,greengram,greengram,100,"['greengram', 'thinai', 'bengalgram']","[100, 0, 0]"
7.6,19.8,16.4,30.4,28.8,20.5,ragi,ragi,ragi,91,"['ragi', 'blackgram', 'panivaragu']","[91, 8, 1]"
7.2,19.5,98.1,68.9,46.0,44.7,sorghum,sorghum,beetroot,60,"['beetroot', 'sorghum', 'radish']","[60, 39, 0]"
5.6,26.6,76.3,62.2,46.0,58.2,french bean,french bean,vegetable cowpea,60,"['vegetable cowpea', 'french bean', 'elephant foot yam']","[60, 33, 4]"
6.9,25.5,65.0,56.9,59.0,56.4,groundnut,groundnut,groundnut,95,"['groundnut', 'cucumber', 'tapoica']","[95, 4, 0]"
7.5,22.0,83.9,86.6,50.3,54.2,cluster bean,cluster bean,cluster bean,68,"['cluster bean', 'cotton', 'peas']","[68, 26, 5]"
7.0,16.9,75.7,97.6,42.9,56.8,peas,peas,peas,96,"['peas', 'small onion', 'cotton']","[96, 4, 0]"
5.9,33.2,81.0,72.2,50.4,53.2,elephant foot yam,elephant foot yam,elephant foot yam,95,"['elephant foot yam', 'vegetable cowpea', 'jute']","[95, 4, 1]"
6.2,29.2,66.9,88.3,60.8,86.2,ash gourd,ash gourd,ash gourd,98,"['ash gourd', 'pumpkin', 'ribbed gourd']","[98, 2, 0]"
5.7,28.0,83.6,89.5,58.0,58.7,vegetable cowpea,vegetable cowpea,vegetable cowpea,58,"['vegetable cowpea', 'elephant foot yam', 'french bean']","[58, 39, 2]"
7.4,20.0,79.6,144.9,56.5,99.2,tomato,tomato,tomato,99,"['tomato', 'sugarbeet', 'onion']","[99, 0, 0]"
6.0,13.2,97.6,75.1,44.0,47.7,radish,radish,radish,98,"['radish', 'sorghum', 'beetroot']","[98, 1, 0]"
6.7,26.5,74.8,96.7,48.2,49.7,jute,jute,tinda,25,"['tinda', 'peas', 'rice']","[25, 20, 18]"
6.5,15.1,66.3,103.4,98.9,86.2,carrot,carrot,carrot,100,"['carrot', 'sugarbeet', 'maize']","[100, 0, 0]"
5.7,24.9,50.3,41.3,32.6,27.1,cowpea,cowpea,cowpea,95,"['cowpea', 'bengalgram', 'thinai']","[95, 3, 1]"
6.5,28.4,75.1,106.5,63.8,100.1,chillies,chillies,chillies,85,"['chillies', 'tomato', 'muskmelon']","[85, 13, 1]"
7.0,28.9,79.0,58.9,33.2,27.6,redgram,redgram,redgram,72,"['redgram', 'horsegram', 'soyabean']","[72, 14, 12]"
6.1,18.4,99.4,82.1,41.8,57.8,beetroot,beetroot,beetroot,89,"['beetroot', 'radish', 'sorghum']","[89, 10, 1]"
7.4,23.9,67.4,129.0,79.1,61.1,sugarbeet,sugarbeet,sugarbeet,96,"['sugarbeet', 'maize', 'sugarcane']","[96, 4, 0]"
6.0,19.8,93.2,106.7,70.9,91.0,cabbage,cabbage,capsicum,53,"['capsicum', 'cabbage', 'brinjal']","[53, 45, 1]"
6.1,22.0,80.3,92.8,58.0,74.9,bottle gourd,bottle gourd,bottle gourd,87,"['bottle gourd', 'snake gourd', 'watermelon']","[87, 8, 2]"
6.4,25.6,76.1,104.0,74.1,88.4,chillies,chillies,chillies,77,"['chillies', 'tomato', 'watermelon']","[77, 9, 5]"
5.8,29.6,79.7,89.7,55.4,45.3,vegetable cowpea,vegetable cowpea,vegetable cowpea,78,"['vegetable cowpea', 'elephant foot yam', 'rice']","[78, 15, 5]"
7.0,25.1,90.0,120.5,53.9,97.2,brinjal,brinjal,brinjal,90,"['brinjal', 'capsicum', 'tomato']","[90, 9, 0]"
6.4,24.3,65.3,79.8,51.4,97.4,pumpkin,pumpkin,pumpkin,70,"['pumpkin', 'ash gourd', 'bottle gourd']","[70, 30, 0]"
6.8,26.5,69.1,158.5,80.1,129.8,sugarcane,sugarcane,sugarcane,100,"['sugarcane', 'maize', 'chillies']","[100, 0, 0]"
6.7,27.8,76.7,102.8,42.9,72.5,muskmelon,muskmelon,muskmelon,80,"['muskmelon', 'watermelon', 'chillies']","[80, 12, 3]"
6.7,33.4,67.8,68.3,44.2,49.5,cucumber,cucumber,cucumber,75,"['cucumber', 'groundnut', 'jute']","[75, 21, 2]"
5.6,34.4,82.0,86.9,42.1,49.0,elephant foot yam,elephant foot yam,elephant foot yam,93,"['elephant foot yam', 'rice', 'vegetable cowpea']","[93, 3, 2]"
6.7,24.7,81.4,79.2,29.7,31.6,castor,castor,soyabean,45,"['soyabean', 'castor', 'jute']","[45, 20, 17]"
6.5,21.6,57.3,92.9,50.8,55.2,wheat,wheat,wheat,98,"['wheat', 'rice', 'small onion']","[98, 1, 0]"
6.5,15.5,96.4,80.7,58.9,53.3,cauliflower,cauliflower,radish,77,"['radish', 'cauliflower', 'sorghum']","[77, 20, 1]"
7.1,29.4,86.3,101.4,53.5,48.1,cotton,cotton,cotton,47,"['cotton', 'peas', 'tinda']","[47, 28, 13]"
8.0,24.5,88.8,45.2,27.5,37.4,sunflower,sunflower,castor,60,"['castor', 'sunflower', 'pearl millet']","[60, 39, 2]"
7.4,21.7,78.5,72.2,41.5,47.6,cluster bean,cluster bean,cluster bean,98,"['cluster bean', 'cotton', 'peas']","[98, 1, 0]"
6.8,26.9,83.7,76.5,42.9,42.9,tinda,tinda,tinda,57,"['tinda', 'elephant foot yam', 'jute']","[57, 25, 11]"
6.2,30.0,81.2,69.4,43.7,43.8,elephant foot yam,elephant foot yam,elephant foot yam,78,"['elephant foot yam', 'jute', 'vegetable cowpea']","[78, 14, 5]"
7.6,22.2,96.6,63.1,39.7,35.0,sunflower,sunflower,sunflower,78,"['sunflower', 'castor', 'sorghum']","[78, 21, 1]"
6.7,21.5,98.0,109.1,42.6,44.4,cauliflower,cauliflower,cauliflower,99,"['cauliflower', 'beetroot', 'sweet potato']","[99, 1, 0]"
6.7,20.9,76.0,73.1,48.8,70.9,bottle gourd,bottle gourd,bottle gourd,96,"['bottle gourd', 'pumpkin', 'watermelon']","[96, 2, 1]"
6.6,26.4,83.8,93.5,40.3,43.9,tinda,tinda,tinda,38,"['tinda', 'elephant foot yam', 'jute']","[38, 19, 18]"
5.9,24.2,79.8,126.6,58.4,86.2,onion,onion,onion,81,"['onion', 'chillies', 'maize']","[81, 14, 2]"
7.5,25.2,74.1,105.2,50.8,40.4,cotton,cotton,cotton,63,"['cotton', 'annual moringa', 'peas']","[63, 19, 15]"
6.8,11.2,78.2,115.0,53.4,40.6,peas,peas,peas,100,"['peas', 'sugarbeet', 'cotton']","[100, 0, 0]"
6.7,41.7,17.9,21.9,28.2,22.2,blackgram,blackgram,blackgram,91,"['blackgram', 'panivaragu', 'thinai']","[91, 9, 0]"
6.6,28.5,78.3,78.1,40.8,49.7,tinda,tinda,tinda,80,"['tinda', 'jute', 'elephant foot yam']","[80, 8, 4]"
7.0,26.7,91.3,66.2,47.5,53.5,sorghum,sorghum,sorghum,98,"['sorghum', 'bitter gourd', 'jute']","[98, 1, 0]"
6.7,19.1,19.6,30.8,21.4,22.7,panivaragu,panivaragu,ragi,55,"['ragi', 'panivaragu', 'thinai']","[55, 28, 13]"
6.3,25.7,51.1,94.2,58.4,65.0,ash gourd,ash gourd,ash gourd,96,"['ash gourd', 'pumpkin', 'tapoica']","[96, 2, 1]"
6.7,30.6,68.1,71.4,44.0,54.5,cucumber,cucumber,cucumber,82,"['cucumber', 'groundnut', 'jute']","[82, 15, 1]"
5.8,25.8,18.7,38.9,24.9,28.7,varagu,varagu,varagu,76,"['varagu', 'thinai', 'ragi']","[76, 12, 7]"
5.4,11.2,19.7,30.6,22.0,21.3,ragi,ragi,ragi,80,"['ragi', 'panivaragu', 'thinai']","[80, 20, 0]"
6.8,19.5,98.0,73.5,40.6,55.2,beetroot,beetroot,beetroot,88,"['beetroot', 'sorghum', 'radish']","[88, 10, 1]"
6.6,20.7,91.8,49.3,39.6,21.1,pearl millet,pearl millet,sunflower,71,"['sunflower', 'pearl millet', 'castor']","[71, 21, 4]"
7.3,25.4,78.3,113.5,59.8,68.2,watermelon,watermelon,watermelon,66,"['watermelon', 'muskmelon', 'tomato']","[66, 26, 3]"
7.5,35.8,78.4,40.3,35.6,31.7,horsegram,horsegram,horsegram,62,"['horsegram', 'greengram', 'pearl millet']","[62, 27, 5]"
6.8,26.0,84.9,72.7,49.0,57.9,tinda,tinda,tinda,46,"['tinda', 'elephant foot yam', 'bitter gourd']","[46, 41, 6]"
5.8,26.3,56.2,84.4,54.0,56.6,tapoica,tapoica,tapoica,99,"['tapoica', 'rice', 'ash gourd']","[99, 1, 0]"
6.3,22.0,55.2,107.2,49.7,55.0,wheat,wheat,wheat,100,"['wheat', 'rice', 'small onion']","[100, 0, 0]"
6.0,24.0,64.9,157.6,66.5,61.4,maize,maize,maize,98,"['maize', 'sugarbeet', 'pumpkin']","[98, 1, 0]"
5.4,23.4,50.5,35.9,26.9,34.0,cowpea,cowpea,cowpea,98,"['cowpea', 'ragi', 'thinai']","[98, 1, 1]"
6.3,16.1,92.7,76.5,53.7,41.2,sorghum,sorghum,sorghum,60,"['sorghum', 'radish', 'cauliflower']","[60, 35, 3]"
6.8,33.6,81.6,85.6,53.2,88.9,muskmelon,muskmelon,muskmelon,59,"['muskmelon', 'ribbed gourd', 'bitter gourd']","[59, 38, 2]"
6.1,25.7,19.5,31.5,28.2,28.9,varagu,varagu,varagu,73,"['varagu', 'thinai', 'ragi']","[73, 14, 6]"
6.3,24.0,15.9,38.0,20.6,22.8,thinai,thinai,thinai,59,"['thinai', 'panivaragu', 'ragi']","[59, 15, 15]"
7.8,29.3,98.5,33.6,20.4,32.2,gingely,gingely,gingely,100,"['gingely', 'castor', 'pearl millet']","[100, 0, 0]"
6.7,25.1,71.8,197.0,74.5,143.9,sugarcane,sugarcane,sugarcane,99,"['sugarcane', 'maize', 'chillies']","[99, 0, 0]"
6.5,18.0,99.1,64.8,47.4,43.7,beetroot,beetroot,beetroot,71,"['beetroot', 'radish', 'sorghum']","[71, 18, 10]"
6.6,26.4,63.4,82.1,57.2,64.3,pumpkin,pumpkin,ash gourd,51,"['ash gourd', 'pumpkin', 'cucumber']","[51, 46, 2]"
6.7,12.6,98.2,90.0,56.8,57.4,cauliflower,cauliflower,cauliflower,50,"['cauliflower', 'radish', 'beetroot']","[50, 50, 0]"
6.1,22.5,87.9,87.1,61.7,87.3,snake gourd,snake gourd,snake gourd,98,"['snake gourd', 'bottle gourd', 'brinjal']","[98, 1, 0]"
6.6,21.1,54.8,100.2,50.3,59.5,wheat,wheat,wheat,100,"['wheat', 'pumpkin', 'rice']","[100, 0, 0]"
8.1,24.8,76.8,80.1,56.7,55.3,cluster bean,cluster bean,cluster bean,88,"['cluster bean', 'cotton', 'rice']","[88, 8, 3]"
6.6,26.6,95.7,88.4,54.7,55.2,cauliflower,cauliflower,cauliflower,97,"['cauliflower', 'sorghum', 'sweet potato']","[97, 1, 1]"
7.0,29.0,17.4,32.5,22.9,28.3,panivaragu,panivaragu,blackgram,57,"['blackgram', 'thinai', 'panivaragu']","[57, 27, 14]"
6.1,25.8,19.1,35.1,21.9,24.4,thinai,thinai,varagu,77,"['varagu', 'thinai', 'ragi']","[77, 13, 5]"
7.5,28.2,67.3,42.2,29.2,21.5,horsegram,horsegram,horsegram,66,"['horsegram', 'greengram', 'bengalgram']","[66, 33, 1]"
6.5,23.6,98.8,93.5,48.5,48.0,cauliflower,cauliflower,cauliflower,96,"['cauliflower', 'beetroot', 'sorghum']","[96, 3, 1]"
6.1,19.0,98.2,64.7,48.5,44.4,beetroot,beetroot,beetroot,93,"['beetroot', 'sorghum', 'radish']","[93, 6, 2]"
7.6,23.5,73.7,103.5,68.6,79.2,sugarbeet,sugarbeet,sugarbeet,93,"['sugarbeet', 'tomato', 'sugarcane']","[93, 5, 0]"
7.2,37.3,93.6,67.4,47.9,46.8,sorghum,sorghum,sorghum,99,"['sorghum', 'jute', 'pearl millet']","[99, 1, 0]"
6.7,20.6,75.5,121.7,66.3,88.4,maize,maize,tomato,74,"['tomato', 'maize', 'sugarbeet']","[74, 11, 7]"
6.7,26.2,98.4,119.2,85.4,80.8,bhendi,bhendi,bhendi,97,"['bhendi', 'cabbage', 'capsicum']","[97, 2, 0]"
6.2,25.4,88.3,95.5,74.4,67.7,snake gourd,snake gourd,snake gourd,93,"['snake gourd', 'bitter gourd', 'bottle gourd']","[93, 4, 1]"
6.6,25.8,91.2,62.2,72.7,78.9,bitter gourd,bitter gourd,bitter gourd,76,"['bitter gourd', 'snake gourd', 'bottle gourd']","[76, 24, 0]"
7.4,26.2,66.4,25.3,35.5,29.4,greengram,greengram,greengram,100,"['greengram', 'horsegram', 'gingely']","[100, 0, 0]"
6.5,20.0,17.2,56.3,28.6,39.6,kudiraivali,kudiraivali,kudiraivali,100,"['kudiraivali', 'blackgram', 'cowpea']","[100, 0, 0]"
7.1,22.4,90.0,123.0,50.0,114.4,brinjal,brinjal,brinjal,95,"['brinjal', 'capsicum', 'tomato']","[95, 5, 1]"
6.4,24.2,53.7,94.7,49.1,61.4,ash gourd,ash gourd,ash gourd,63,"['ash gourd', 'wheat', 'tapoica']","[63, 30, 4]"
6.6,38.8,90.0,72.1,45.6,40.1,sorghum,sorghum,jute,65,"['jute', 'sorghum', 'elephant foot yam']","[65, 34, 1]"
7.2,21.3,76.3,97.0,40.9,51.2,cotton,cotton,cluster bean,55,"['cluster bean', 'cotton', 'peas']","[55, 25, 15]"
5.6,26.8,18.4,37.5,28.5,22.6,varagu,varagu,varagu,75,"['varagu', 'thinai', 'ragi']","[75, 13, 7]"
7.1,24.8,75.8,109.7,47.3,99.6,watermelon,watermelon,tomato,49,"['tomato', 'watermelon', 'chillies']","[49, 47, 2]"
7.1,25.4,79.0,96.5,44.5,47.2,tinda,tinda,tinda,45,"['tinda', 'cotton', 'annual moringa']","[45, 18, 16]"
5.5,18.5,84.7,77.9,54.6,42.0,french bean,french bean,french bean,49,"['french bean', 'chowchow', 'vegetable cowpea']","[49, 49, 1]"
6.8,22.9,87.9,60.1,36.7,25.5,sunflower,sunflower,sunflower,58,"['sunflower', 'castor', 'soyabean']","[58, 22, 18]"
5.8,27.2,79.6,71.1,51.7,47.4,vegetable cowpea,vegetable cowpea,vegetable cowpea,85,"['vegetable cowpea', 'elephant foot yam', 'french bean']","[85, 10, 4]"
6.4,23.4,77.6,125.5,65.8,106.4,onion,onion,onion,67,"['onion', 'chillies', 'tomato']","[67, 29, 2]"
5.2,21.9,53.0,49.5,39.5,33.1,cowpea,cowpea,cowpea,99,"['cowpea', 'bengalgram', 'kudiraivali']","[99, 1, 0]"
6.1,35.0,16.3,38.6,28.2,29.0,panivaragu,panivaragu,panivaragu,97,"['panivaragu', 'blackgram', 'thinai']","[97, 1, 1]"
6.9,14.6,18.7,35.1,29.5,26.2,panivaragu,panivaragu,ragi,73,"['ragi', 'panivaragu', 'thinai']","[73, 26, 0]"
7.1,20.1,96.3,44.2,20.9,33.7,sunflower,sunflower,sunflower,91,"['sunflower', 'castor', 'pearl millet']","[91, 5, 4]"
7.9,23.3,74.9,178.6,76.8,134.9,sugarcane,sugarcane,sugarcane,100,"['sugarcane', 'sugarbeet', 'tomato']","[100, 0, 0]"
6.9,21.1,71.0,75.5,20.6,20.8,soyabean,soyabean,soyabean,98,"['soyabean', 'sunflower', 'redgram']","[98, 1, 1]"
5.9,26.4,19.8,35.3,22.7,23.2,varagu,varagu,varagu,80,"['varagu', 'thinai', 'ragi']","[80, 11, 4]"
5.7,30.3,83.8,93.4,58.8,52.0,elephant foot yam,elephant foot yam,elephant foot yam,85,"['elephant foot yam', 'vegetable cowpea', 'rice']","[85, 12, 2]"
6.4,26.2,96.0,115.8,80.0,103.6,bhendi,bhendi,bhendi,87,"['bhendi', 'cabbage', 'capsicum']","[87, 12, 1]"
5.6,11.3,81.9,92.0,57.1,49.2,french bean,french bean,french bean,99,"['french bean', 'chowchow', 'peas']","[99, 0, 0]"
6.3,13.4,90.0,107.5,86.6,92.0,cabbage,cabbage,cabbage,99,"['cabbage', 'capsicum', 'brinjal']","[99, 1, 0]"
8.0,18.5,66.1,144.4,62.9,63.6,sugarbeet,sugarbeet,sugarbeet,99,"['sugarbeet', 'maize', 'carrot']","[99, 1, 0]"
5.5,25.1,16.7,37.0,28.9,25.2,varagu,varagu,varagu,70,"['varagu', 'thinai', 'ragi']","[70, 13, 12]"
7.2,29.5,78.3,83.0,44.4,48.3,tinda,tinda,tinda,50,"['tinda', 'annual moringa', 'cotton']","[50, 24, 11]"
6.6,22.4,75.4,139.0,79.1,69.5,sugarbeet,sugarbeet,sugarbeet,63,"['sugarbeet', 'maize', 'tomato']","[63, 33, 3]"
6.3,24.3,82.6,144.9,48.1,96.0,onion,onion,onion,53,"['onion', 'chillies', 'watermelon']","[53, 42, 2]"
6.5,21.1,96.8,101.1,45.2,50.6,cauliflower,cauliflower,cauliflower,94,"['cauliflower', 'beetroot', 'sweet potato']","[94, 5, 1]"
8.2,23.7,94.3,42.1,39.3,27.1,castor,castor,castor,75,"['castor', 'sunflower', 'pearl millet']","[75, 24, 1]"
7.0,24.5,74.3,68.0,44.8,43.2,small onion,small onion,small onion,35,"['small onion', 'jute', 'cluster bean']","[35, 30, 17]"
7.1,29.7,17.7,22.3,28.2,28.5,blackgram,blackgram,blackgram,99,"['blackgram', 'thinai', 'panivaragu']","[99, 0, 0]"
7.2,27.4,78.7,102.8,57.3,40.1,cotton,cotton,annual moringa,47,"['annual moringa', 'cotton', 'peas']","[47, 28, 16]"
7.0,20.1,82.9,112.3,43.1,106.7,tomato,tomato,tomato,94,"['tomato', 'brinjal', 'onion']","[94, 5, 1]"
6.1,25.3,79.2,163.1,74.9,83.1,maize,maize,maize,89,"['maize', 'chillies', 'onion']","[89, 10, 1]"
7.2,33.1,82.0,87.5,44.1,87.8,ribbed gourd,ribbed gourd,muskmelon,62,"['muskmelon', 'ribbed gourd', 'bitter gourd']","[62, 37, 0]"
5.7,26.2,62.6,171.7,64.2,70.7,maize,maize,maize,100,"['maize', 'sugarbeet', 'ash gourd']","[100, 0, 0]"
8.3,23.2,76.2,76.6,52.2,60.0,cluster bean,cluster bean,cluster bean,98,"['cluster bean', 'cotton', 'rice']","[98, 1, 1]"
6.5,24.7,87.4,98.3,75.6,74.0,snake gourd,snake gourd,snake gourd,86,"['snake gourd', 'bitter gourd', 'bottle gourd']","[86, 10, 2]"
7.0,21.9,54.3,83.0,41.4,54.3,wheat,wheat,wheat,99,"['wheat', 'rice', 'small onion']","[99, 1, 0]"
7.2,24.8,77.8,149.8,70.4,75.5,sugarbeet,sugarbeet,sugarbeet,81,"['sugarbeet', 'tomato', 'maize']","[81, 8, 8]"
6.2,25.0,83.5,100.8,43.1,82.8,watermelon,watermelon,watermelon,79,"['watermelon', 'chillies', 'onion']","[79, 9, 3]"
6.3,19.3,61.1,95.3,77.2,66.4,carrot,carrot,carrot,74,"['carrot', 'pumpkin', 'sugarbeet']","[74, 25, 1]"
6.2,18.1,79.5,147.2,88.3,86.1,maize,maize,maize,84,"['maize', 'sugarbeet', 'onion']","[84, 11, 3]"
6.8,32.1,81.1,87.6,51.2,62.0,muskmelon,muskmelon,muskmelon,61,"['muskmelon', 'ribbed gourd', 'elephant foot yam']","[61, 31, 3]"
5.6,28.2,81.9,99.0,43.2,54.6,elephant foot yam,elephant foot yam,elephant foot yam,49,"['elephant foot yam', 'vegetable cowpea', 'french bean']","[49, 47, 2]"
7.6,34.5,97.3,25.9,22.2,30.5,gingely,gingely,gingely,100,"['gingely', 'pearl millet', 'castor']","[100, 0, 0]"
6.1,28.1,82.5,100.9,58.3,91.0,chillies,chillies,chillies,79,"['chillies', 'muskmelon', 'watermelon']","[79, 8, 6]"
7.2,31.3,83.3,108.0,46.0,54.0,annual moringa,annual moringa,annual moringa,93,"['annual moringa', 'cotton', 'peas']","[93, 2, 1]"
6.4,26.6,18.8,33.8,22.9,24.3,varagu,varagu,varagu,74,"['varagu', 'thinai', 'panivaragu']","[74, 15, 5]"
6.8,27.1,80.0,121.7,69.2,118.1,tomato,tomato,tomato,52,"['tomato', 'chillies', 'onion']","[52, 47, 0]"
7.0,15.5,66.9,92.9,75.7,73.2,carrot,carrot,carrot,90,"['carrot', 'sugarbeet', 'pumpkin']","[90, 9, 1]"
6.7,28.0,51.0,68.3,56.1,40.5,tapoica,tapoica,tapoica,98,"['tapoica', 'cucumber', 'groundnut']","[98, 1, 0]"
6.1,26.0,82.3,72.6,42.8,87.5,bottle gourd,bottle gourd,bottle gourd,76,"['bottle gourd', 'snake gourd', 'bitter gourd']","[76, 9, 9]"
5.6,25.7,94.3,77.6,38.2,31.0,castor,castor,castor,97,"['castor', 'pearl millet', 'soyabean']","[97, 1, 1]"
6.6,18.0,97.0,118.8,42.2,46.6,cauliflower,cauliflower,cauliflower,99,"['cauliflower', 'radish', 'beetroot']","[99, 0, 0]"
6.8,27.0,60.0,48.7,33.6,35.4,bengalgram,bengalgram,bengalgram,87,"['bengalgram', 'horsegram', 'greengram']","[87, 11, 1]"
5.8,20.7,82.4,66.6,41.5,43.3,french bean,french bean,chowchow,47,"['chowchow', 'vegetable cowpea', 'french bean']","[47, 30, 23]"
6.6,24.2,82.9,76.0,20.0,38.1,sunflower,sunflower,soyabean,54,"['soyabean', 'sunflower', 'castor']","[54, 22, 21]"
7.9,32.9,81.3,26.4,23.8,37.3,gingely,gingely,gingely,100,"['gingely', 'greengram', 'pearl millet']","[100, 0, 0]"
6.3,29.2,88.9,64.8,49.9,37.5,jute,jute,jute,77,"['jute', 'sorghum', 'soyabean']","[77, 18, 3]"
5.8,11.8,79.8,62.0,43.0,43.3,french bean,french bean,french bean,99,"['french bean', 'chowchow', 'radish']","[99, 0, 0]"
5.1,22.7,81.7,74.0,24.8,24.5,castor,castor,castor,99,"['castor', 'soyabean', 'pearl millet']","[99, 1, 0]"
7.0,31.7,66.6,69.9,59.8,57.9,cucumber,cucumber,cucumber,89,"['cucumber', 'groundnut', 'rice']","[89, 9, 1]"
7.5,27.9,84.5,94.6,43.1,30.8,jute,jute,jute,87,"['jute', 'tinda', 'annual moringa']","[87, 4, 4]"
7.0,22.9,85.7,93.8,53.1,47.3,peas,peas,peas,45,"['peas', 'cotton', 'sweet potato']","[45, 34, 13]"
6.2,25.9,82.7,76.8,23.8,26.1,soyabean,soyabean,soyabean,76,"['soyabean', 'castor', 'sunflower']","[76, 21, 1]"
7.1,18.5,93.7,76.6,46.6,55.5,sorghum,sorghum,sorghum,96,"['sorghum', 'beetroot', 'cauliflower']","[96, 4, 0]"
6.5,16.0,65.4,89.3,47.6,45.4,small onion,small onion,small onion,93,"['small onion', 'peas', 'groundnut']","[93, 3, 3]"
6.9,25.3,90.0,126.4,51.8,107.8,brinjal,brinjal,brinjal,86,"['brinjal', 'capsicum', 'tomato']","[86, 13, 0]"
7.5,27.5,84.7,118.2,52.2,69.7,muskmelon,muskmelon,muskmelon,72,"['muskmelon', 'watermelon', 'tomato']","[72, 20, 3]"
6.2,19.8,67.0,92.2,42.7,97.9,pumpkin,pumpkin,pumpkin,98,"['pumpkin', 'carrot', 'bottle gourd']","[98, 1, 0]"
6.1,22.7,77.1,102.4,49.9,111.0,onion,onion,onion,84,"['onion', 'chillies', 'tomato']","[84, 14, 1]"
5.7,27.9,83.5,94.5,47.1,51.4,vegetable cowpea,vegetable cowpea,vegetable cowpea,58,"['vegetable cowpea', 'elephant foot yam', 'french bean']","[58, 38, 3]"
6.4,18.1,82.6,76.1,45.7,51.0,chowchow,chowchow,chowchow,91,"['chowchow', 'french bean', 'peas']","[91, 5, 3]"
6.8,22.4,55.8,105.4,42.3,47.8,wheat,wheat,wheat,100,"['wheat', 'rice', 'peas']","[100, 0, 0]"
6.9,22.6,97.6,55.5,34.8,32.0,sunflower,sunflower,sunflower,74,"['sunflower', 'castor', 'pearl millet']","[74, 22, 2]"
6.3,24.8,60.0,50.2,24.6,24.7,bengalgram,bengalgram,bengalgram,97,"['bengalgram', 'cowpea', 'horsegram']","[97, 2, 1]"
6.4,38.6,17.9,33.7,27.8,20.6,panivaragu,panivaragu,panivaragu,95,"['panivaragu', 'blackgram', 'thinai']","[95, 5, 0]"
6.5,38.0,95.5,69.8,48.9,54.8,sorghum,sorghum,sorghum,100,"['sorghum', 'jute', 'cauliflower']","[100, 0, 0]"
6.8,26.4,80.0,40.6,20.9,37.8,redgram,redgram,redgram,89,"['redgram', 'horsegram', 'pearl millet']","[89, 3, 2]"
6.9,30.7,64.7,70.2,55.4,45.5,cucumber,cucumber,cucumber,80,"['cucumber', 'groundnut', 'tapoica']","[80, 19, 1]"
6.5,26.1,95.1,107.6,65.3,99.6,bhendi,bhendi,bhendi,75,"['bhendi', 'capsicum', 'cabbage']","[75, 13, 11]"
6.6,25.3,96.5,119.8,99.9,99.8,bhendi,bhendi,bhendi,95,"['bhendi', 'cabbage', 'capsicum']","[95, 4, 0]"
7.2,32.1,61.6,80.3,49.8,45.2,cucumber,cucumber,cucumber,90,"['cucumber', 'rice', 'tapoica']","[90, 8, 1]"
7.5,24.9,74.7,157.1,92.8,122.6,sugarcane,sugarcane,sugarcane,100,"['sugarcane', 'tomato', 'sugarbeet']","[100, 0, 0]"
6.9,22.0,88.9,64.2,32.3,34.9,sunflower,sunflower,sunflower,68,"['sunflower', 'soyabean', 'castor']","[68, 21, 9]"
7.0,25.4,83.7,61.3,43.2,51.4,tinda,tinda,tinda,66,"['tinda', 'elephant foot yam', 'jute']","[66, 19, 6]"
5.8,25.7,55.0,67.1,45.3,43.9,tapoica,tapoica,tapoica,100,"['tapoica', 'cowpea', 'french bean']","[100, 0, 0]"
6.9,34.4,83.0,97.5,44.1,49.4,jute,jute,elephant foot yam,44,"['elephant foot yam', 'annual moringa', 'jute']","[44, 39, 11]"
7.5,25.2,95.7,53.1,26.5,32.0,castor,castor,castor,71,"['castor', 'sunflower', 'pearl millet']","[71, 25, 3]"
6.0,24.3,77.5,134.3,88.1,77.6,maize,maize,maize,88,"['maize', 'sugarbeet', 'onion']","[88, 6, 4]"
5.9,16.5,98.1,62.1,48.3,47.2,radish,radish,radish,95,"['radish', 'sorghum', 'beetroot']","[95, 3, 1]"
6.1,17.9,99.7,79.6,52.1,50.9,radish,radish,radish,65,"['radish', 'beetroot', 'sorghum']","[65, 26, 8]"
7.4,19.7,73.9,117.0,52.4,40.3,peas,peas,peas,85,"['peas', 'cotton', 'small onion']","[85, 14, 0]"
6.9,20.3,68.4,70.1,50.1,47.8,small onion,small onion,small onion,79,"['small onion', 'groundnut', 'rice']","[79, 18, 1]"
5.6,30.7,15.3,36.2,20.3,29.2,panivaragu,panivaragu,panivaragu,88,"['panivaragu', 'thinai', 'varagu']","[88, 8, 2]"
6.6,27.3,61.1,60.2,55.7,47.6,cucumber,cucumber,cucumber,65,"['cucumber', 'groundnut', 'tapoica']","[65, 27, 7]"
6.7,20.4,99.5,67.2,50.7,51.8,beetroot,beetroot,beetroot,95,"['beetroot', 'sorghum', 'radish']","[95, 4, 0]"
6.5,19.3,99.1,70.0,53.8,59.6,beetroot,beetroot,beetroot,95,"['beetroot', 'sorghum', 'radish']","[95, 4, 1]"
7.1,29.3,80.0,105.1,56.6,54.0,cotton,cotton,annual moringa,60,"['annual moringa', 'cotton', 'peas']","[60, 21, 11]"
5.9,27.7,50.2,54.4,28.0,31.1,cowpea,cowpea,cowpea,93,"['cowpea', 'bengalgram', 'horsegram']","[93, 3, 2]"
6.8,29.3,66.0,91.8,40.3,52.1,cucumber,cucumber,cucumber,79,"['cucumber', 'rice', 'jute']","[79, 15, 1]"
6.0,21.3,76.6,77.6,47.0,74.2,bottle gourd,bottle gourd,bottle gourd,95,"['bottle gourd', 'chowchow', 'snake gourd']","[95, 1, 1]"
6.3,26.9,17.2,35.2,27.4,29.6,varagu,varagu,varagu,76,"['varagu', 'thinai', 'panivaragu']","[76, 14, 5]"
6.5,24.7,75.7,106.2,53.2,74.8,watermelon,watermelon,watermelon,87,"['watermelon', 'chillies', 'muskmelon']","[87, 4, 3]"
6.3,26.8,81.0,79.5,42.4,57.8,elephant foot yam,elephant foot yam,elephant foot yam,69,"['elephant foot yam', 'tinda', 'vegetable cowpea']","[69, 11, 5]"
6.0,16.7,76.6,77.1,59.9,44.6,french bean,french bean,french bean,82,"['french bean', 'chowchow', 'small onion']","[82, 14, 2]"
6.8,19.7,69.9,100.0,42.7,42.2,small onion,small onion,small onion,66,"['small onion', 'peas', 'rice']","[66, 28, 3]"
7.2,32.2,81.6,98.0,42.3,50.1,annual moringa,annual moringa,annual moringa,74,"['annual moringa', 'jute', 'tinda']","[74, 11, 5]"
6.4,24.6,88.2,100.8,44.0,54.9,sweet potato,sweet potato,sweet potato,99,"['sweet potato', 'peas', 'cauliflower']","[99, 0, 0]"
8.7,31.0,17.8,32.7,24.6,23.0,samai,samai,samai,99,"['samai', 'blackgram', 'ragi']","[99, 1, 0]"
6.4,26.1,54.8,35.2,22.9,30.8,cowpea,cowpea,cowpea,86,"['cowpea', 'varagu', 'thinai']","[86, 9, 2]"
7.4,19.4,76.6,114.4,57.2,101.4,tomato,tomato,tomato,99,"['tomato', 'sugarbeet', 'watermelon']","[99, 0, 0]"
5.5,14.6,95.6,96.6,42.9,57.7,radish,radish,radish,100,"['radish', 'cauliflower', 'french bean']","[100, 0, 0]"
6.5,26.9,70.9,160.3,76.3,121.3,sugarcane,sugarcane,sugarcane,92,"['sugarcane', 'maize', 'chillies']","[92, 6, 2]"
6.8,28.8,80.6,112.5,51.2,59.2,peas,peas,annual moringa,60,"['annual moringa', 'peas', 'muskmelon']","[60, 20, 11]"
6.2,44.7,18.3,32.1,25.0,22.4,panivaragu,panivaragu,panivaragu,98,"['panivaragu', 'blackgram', 'thinai']","[98, 1, 0]"
6.1,27.0,15.1,32.7,22.5,24.9,varagu,varagu,varagu,73,"['varagu', 'thinai', 'panivaragu']","[73, 16, 8]"
5.1,26.1,54.6,39.5,23.3,34.4,cowpea,cowpea,cowpea,98,"['cowpea', 'bengalgram', 'varagu']","[98, 1, 1]"
6.2,24.6,69.1,81.1,53.3,57.8,small onion,small onion,small onion,68,"['small onion', 'rice', 'ash gourd']","[68, 24, 3]"
7.0,19.1,93.2,135.4,49.9,80.9,capsicum,capsicum,capsicum,88,"['capsicum', 'brinjal', 'tomato']","[88, 11, 0]"
6.8,25.2,79.8,104.6,53.4,66.4,muskmelon,muskmelon,watermelon,73,"['watermelon', 'muskmelon', 'chillies']","[73, 22, 1]"
6.7,24.7,78.4,51.6,36.3,39.0,redgram,redgram,redgram,92,"['redgram', 'soyabean', 'horsegram']","[92, 4, 1]"
6.9,19.6,65.7,85.4,68.7,71.5,carrot,carrot,carrot,51,"['carrot', 'pumpkin', 'sugarbeet']","[51, 45, 3]"
6.0,29.2,94.5,117.4,70.4,103.3,capsicum,capsicum,capsicum,94,"['capsicum', 'cabbage', 'bhendi']","[94, 2, 2]"
6.6,21.7,16.3,37.6,29.9,26.2,panivaragu,panivaragu,thinai,57,"['thinai', 'ragi', 'panivaragu']","[57, 19, 17]"
6.0,23.9,80.0,138.5,60.6,107.7,onion,onion,onion,81,"['onion', 'chillies', 'maize']","[81, 18, 1]"
7.5,29.4,75.1,117.5,69.2,106.8,tomato,tomato,tomato,95,"['tomato', 'chillies', 'muskmelon']","[95, 3, 1]"
6.4,18.8,68.7,62.5,68.9,81.8,pumpkin,pumpkin,pumpkin,97,"['pumpkin', 'carrot', 'bottle gourd']","[97, 2, 1]"
7.3,39.4,99.0,69.6,53.6,55.6,sorghum,sorghum,sorghum,100,"['sorghum', 'jute', 'cauliflower']","[100, 0, 0]"
6.3,12.5,95.1,81.3,52.8,42.1,radish,radish,radish,95,"['radish', 'cauliflower', 'sorghum']","[95, 4, 1]"
8.8,36.9,19.5,32.7,28.7,27.2,samai,samai,samai,100,"['samai', 'blackgram', 'panivaragu']","[100, 0, 0]"
6.3,20.0,17.3,42.2,39.7,22.5,kudiraivali,kudiraivali,kudiraivali,99,"['kudiraivali', 'cowpea', 'thinai']","[99, 0, 0]"
5.9,22.6,75.5,84.2,51.1,53.0,french bean,french bean,vegetable cowpea,52,"['vegetable cowpea', 'french bean', 'chowchow']","[52, 24, 13]"
6.8,15.3,61.3,105.3,87.4,83.2,carrot,carrot,carrot,100,"['carrot', 'sugarbeet', 'maize']","[100, 0, 0]"
6.3,20.0,17.6,57.8,20.2,20.4,kudiraivali,kudiraivali,kudiraivali,99,"['kudiraivali', 'thinai', 'ragi']","[99, 0, 0]"
6.9,20.0,16.0,37.8,20.5,25.8,thinai,thinai,ragi,37,"['ragi', 'thinai', 'panivaragu']","[37, 30, 25]"
6.4,19.6,73.8,136.7,79.8,62.9,sugarbeet,sugarbeet,sugarbeet,50,"['sugarbeet', 'maize', 'carrot']","[50, 49, 1]"
7.2,16.8,87.9,94.9,53.4,52.5,peas,peas,peas,99,"['peas', 'cotton', 'sorghum']","[99, 0, 0]"
8.9,34.8,15.8,35.3,22.8,25.9,samai,samai,samai,100,"['samai', 'blackgram', 'panivaragu']","[100, 0, 0]"
7.1,21.4,66.9,150.8,95.8,146.6,sugarcane,sugarcane,sugarcane,100,"['sugarcane', 'maize', 'sugarbeet']","[100, 0, 0]"
6.6,20.2,95.3,83.8,55.3,53.8,cauliflower,cauliflower,cauliflower,65,"['cauliflower', 'beetroot', 'sorghum']","[65, 31, 2]"
5.6,26.4,83.8,79.8,45.2,42.9,elephant foot yam,elephant foot yam,vegetable cowpea,45,"['vegetable cowpea', 'french bean', 'elephant foot yam']","[45, 29, 24]"
6.0,21.6,79.5,94.8,75.1,82.0,bottle gourd,bottle gourd,bottle gourd,87,"['bottle gourd', 'onion', 'snake gourd']","[87, 6, 5]"
7.8,26.3,70.6,179.2,80.8,146.0,sugarcane,sugarcane,sugarcane,100,"['sugarcane', 'maize', 'tomato']","[100, 0, 0]"
6.6,20.4,76.4,42.9,29.1,34.8,redgram,redgram,redgram,97,"['redgram', 'soyabean', 'sunflower']","[97, 2, 1]"
7.4,25.2,93.6,44.6,38.1,31.1,castor,castor,castor,54,"['castor', 'sunflower', 'pearl millet']","[54, 22, 21]"
7.7,23.6,18.2,34.0,27.4,29.0,ragi,ragi,ragi,83,"['ragi', 'blackgram', 'thinai']","[83, 15, 1]"
6.3,21.4,87.6,65.9,76.7,81.1,snake gourd,snake gourd,snake gourd,98,"['snake gourd', 'bottle gourd', 'bitter gourd']","[98, 1, 0]"
6.8,16.3,62.0,118.1,98.3,97.2,carrot,carrot,carrot,89,"['carrot', 'sugarcane', 'maize']","[89, 11, 0]"
7.4,21.5,81.2,93.8,43.6,49.1,cotton,cotton,cluster bean,66,"['cluster bean', 'cotton', 'peas']","[66, 22, 11]"
6.3,30.1,81.2,63.7,48.6,42.6,jute,jute,elephant foot yam,84,"['elephant foot yam', 'jute', 'tinda']","[84, 9, 4]"
5.6,26.5,15.1,38.5,26.0,25.8,thinai,thinai,varagu,77,"['varagu', 'thinai', 'ragi']","[77, 12, 6]"
6.7,16.0,72.2,83.3,58.2,46.1,small onion,small onion,small onion,74,"['small onion', 'peas', 'groundnut']","[74, 24, 2]"
6.1,31.5,83.1,97.4,58.9,48.8,elephant foot yam,elephant foot yam,elephant foot yam,90,"['elephant foot yam', 'vegetable cowpea', 'jute']","[90, 6, 2]"
6.2,29.7,90.0,144.4,75.3,81.7,brinjal,brinjal,brinjal,66,"['brinjal', 'capsicum', 'chillies']","[66, 32, 1]"
6.2,27.0,75.2,69.1,26.5,37.3,soyabean,soyabean,soyabean,91,"['soyabean', 'jute', 'horsegram']","[91, 6, 2]"
6.9,30.0,62.5,96.9,59.7,59.2,cucumber,cucumber,cucumber,78,"['cucumber', 'rice', 'tapoica']","[78, 12, 9]"
5.7,21.0,75.6,63.6,59.5,52.5,french bean,french bean,chowchow,41,"['chowchow', 'vegetable cowpea', 'french bean']","[41, 36, 20]"
6.9,20.0,81.2,102.0,57.9,84.3,tomato,tomato,tomato,91,"['tomato', 'brinjal', 'onion']","[91, 3, 1]"
6.5,16.1,99.8,73.8,52.1,55.6,radish,radish,radish,82,"['radish', 'sorghum', 'beetroot']","[82, 11, 4]"
7.7,26.3,17.4,35.0,28.4,28.9,ragi,ragi,ragi,53,"['ragi', 'blackgram', 'samai']","[53, 43, 4]"
7.1,21.0,94.0,43.9,28.9,29.3,sunflower,sunflower,sunflower,83,"['sunflower', 'pearl millet', 'castor']","[83, 10, 6]"
5.6,26.2,79.9,70.5,56.5,48.5,french bean,french bean,vegetable cowpea,58,"['vegetable cowpea', 'french bean', 'elephant foot yam']","[58, 34, 7]"
6.6,28.5,88.5,82.0,55.5,97.5,bitter gourd,bitter gourd,bitter gourd,93,"['bitter gourd', 'snake gourd', 'ribbed gourd']","[93, 4, 1]"
7.0,29.6,60.0,42.4,35.5,30.2,bengalgram,bengalgram,bengalgram,52,"['bengalgram', 'horsegram', 'greengram']","[52, 38, 9]"
6.0,26.7,78.0,132.0,49.2,120.0,chillies,chillies,chillies,93,"['chillies', 'onion', 'watermelon']","[93, 5, 1]"
6.5,24.6,79.6,117.0,43.6,103.9,onion,onion,chillies,55,"['chillies', 'onion', 'watermelon']","[55, 21, 12]"
6.8,21.7,65.3,157.3,70.9,84.9,maize,maize,maize,96,"['maize', 'sugarbeet', 'sugarcane']","[96, 2, 2]"
6.6,26.0,63.2,62.7,46.6,67.4,pumpkin,pumpkin,ash gourd,53,"['ash gourd', 'pumpkin', 'cucumber']","[53, 46, 1]"
7.2,24.4,17.1,27.8,32.5,23.4,blackgram,blackgram,blackgram,99,"['blackgram', 'ragi', 'thinai']","[99, 1, 0]"
7.0,22.3,65.0,65.6,45.3,45.7,groundnut,groundnut,groundnut,90,"['groundnut', 'small onion', 'cucumber']","[90, 8, 1]"
6.8,29.8,79.6,69.8,59.0,57.3,tinda,tinda,tinda,77,"['tinda', 'elephant foot yam', 'ribbed gourd']","[77, 9, 7]"
7.9,20.4,94.8,76.4,36.9,31.1,sunflower,sunflower,sunflower,95,"['sunflower', 'castor', 'soyabean']","[95, 4, 1]"
6.9,14.5,65.0,79.1,41.6,57.5,groundnut,groundnut,groundnut,96,"['groundnut', 'small onion', 'peas']","[96, 3, 0]"
6.8,43.0,89.5,43.9,27.4,22.4,pearl millet,pearl millet,pearl millet,99,"['pearl millet', 'soyabean', 'gingely']","[99, 0, 0]"
6.3,25.6,81.6,78.8,55.7,90.6,bottle gourd,bottle gourd,bottle gourd,68,"['bottle gourd', 'bitter gourd', 'watermelon']","[68, 13, 9]"
5.9,24.8,85.3,91.0,42.8,52.8,sweet potato,sweet potato,sweet potato,86,"['sweet potato', 'vegetable cowpea', 'french bean']","[86, 9, 3]"
7.2,32.8,17.2,31.9,22.6,36.7,blackgram,blackgram,blackgram,99,"['blackgram', 'panivaragu', 'samai']","[99, 0, 0]"
6.7,21.5,16.6,30.7,29.4,25.7,thinai,thinai,thinai,48,"['thinai', 'blackgram', 'ragi']","[48, 22, 17]"
6.6,25.0,91.5,78.7,39.7,37.6,soyabean,soyabean,castor,36,"['castor', 'soyabean', 'jute']","[36, 20, 15]"
6.9,23.2,54.9,101.3,45.3,59.5,wheat,wheat,wheat,100,"['wheat', 'rice', 'peas']","[100, 0, 0]"
5.7,36.0,16.0,39.9,21.5,24.4,panivaragu,panivaragu,panivaragu,99,"['panivaragu', 'thinai', 'blackgram']","[99, 1, 0]"
7.5,28.4,75.3,98.5,54.6,58.0,tinda,tinda,cotton,35,"['cotton', 'annual moringa', 'tinda']","[35, 25, 18]"
6.7,11.3,72.3,96.9,49.7,42.6,peas,peas,peas,87,"['peas', 'small onion', 'groundnut']","[87, 13, 0]"
6.6,7.3,98.2,112.5,54.8,44.5,cauliflower,cauliflower,cauliflower,100,"['cauliflower', 'radish', 'peas']","[100, 0, 0]"
7.2,19.7,77.7,108.7,48.5,117.4,tomato,tomato,tomato,100,"['tomato', 'onion', 'chillies']","[100, 0, 0]"
6.1,17.0,69.0,89.4,91.4,72.2,carrot,carrot,carrot,100,"['carrot', 'pumpkin', 'sugarbeet']","[100, 0, 0]"
6.8,27.7,75.5,126.9,44.0,84.0,tomato,tomato,chillies,47,"['chillies', 'tomato', 'muskmelon']","[47, 39, 11]"
5.6,20.4,83.4,75.4,57.4,44.1,vegetable cowpea,vegetable cowpea,chowchow,45,"['chowchow', 'french bean', 'vegetable cowpea']","[45, 35, 19]"
6.7,23.7,97.5,100.9,46.6,46.6,cauliflower,cauliflower,cauliflower,100,"['cauliflower', 'sweet potato', 'beetroot']","[100, 0, 0]"
7.5,19.9,75.6,136.3,61.0,60.5,sugarbeet,sugarbeet,sugarbeet,97,"['sugarbeet', 'tomato', 'maize']","[97, 1, 1]"
6.2,20.3,83.1,129.8,51.8,113.2,onion,onion,onion,97,"['onion', 'tomato', 'chillies']","[97, 1, 1]"
5.9,25.0,83.3,124.8,48.9,84.1,onion,onion,onion,49,"['onion', 'chillies', 'brinjal']","[49, 26, 8]"
6.6,26.1,83.6,89.0,74.7,98.3,ribbed gourd,ribbed gourd,bitter gourd,57,"['bitter gourd', 'ribbed gourd', 'bottle gourd']","[57, 18, 16]"
6.6,28.3,60.0,49.5,33.5,21.6,bengalgram,bengalgram,bengalgram,84,"['bengalgram', 'horsegram', 'greengram']","[84, 14, 1]"
6.6,25.3,79.2,63.4,45.7,85.4,ribbed gourd,ribbed gourd,bitter gourd,35,"['bitter gourd', 'ribbed gourd', 'bottle gourd']","[35, 33, 28]"
6.4,20.9,60.6,65.3,43.4,67.3,pumpkin,pumpkin,pumpkin,99,"['pumpkin', 'ash gourd', 'bottle gourd']","[99, 1, 0]"
6.9,25.3,70.2,167.1,75.8,122.4,sugarcane,sugarcane,sugarcane,98,"['sugarcane', 'maize', 'tomato']","[98, 2, 0]"
6.5,28.8,70.2,59.2,26.5,25.7,soyabean,soyabean,horsegram,65,"['horsegram', 'soyabean', 'bengalgram']","[65, 28, 4]"
5.6,17.6,78.3,72.1,51.0,42.1,french bean,french bean,french bean,89,"['french bean', 'chowchow', 'vegetable cowpea']","[89, 10, 1]"
7.4,15.2,70.4,141.7,68.0,63.3,sugarbeet,sugarbeet,sugarbeet,100,"['sugarbeet', 'maize', 'carrot']","[100, 0, 0]"
7.3,33.0,77.0,91.9,49.8,71.2,ribbed gourd,ribbed gourd,muskmelon,63,"['muskmelon', 'ribbed gourd', 'annual moringa']","[63, 35, 1]"
6.8,10.5,98.6,81.6,53.3,51.5,radish,radish,cauliflower,59,"['cauliflower', 'radish', 'beetroot']","[59, 40, 0]"
6.6,21.3,64.5,75.7,69.6,67.2,pumpkin,pumpkin,pumpkin,99,"['pumpkin', 'ash gourd', 'carrot']","[99, 1, 0]"
5.8,24.4,17.0,31.2,22.0,28.5,ragi,ragi,thinai,49,"['thinai', 'varagu', 'ragi']","[49, 23, 17]"
6.6,15.4,98.8,92.1,52.1,59.8,cauliflower,cauliflower,radish,56,"['radish', 'cauliflower', 'beetroot']","[56, 43, 1]"
6.9,19.6,94.1,113.6,74.0,80.9,capsicum,capsicum,capsicum,76,"['capsicum', 'cabbage', 'brinjal']","[76, 16, 7]"
6.2,22.8,18.9,31.0,24.4,25.2,thinai,thinai,thinai,58,"['thinai', 'ragi', 'panivaragu']","[58, 20, 17]"
6.9,26.5,83.7,100.0,57.6,58.4,elephant foot yam,elephant foot yam,tinda,28,"['tinda', 'annual moringa', 'peas']","[28, 24, 17]"
7.0,28.5,82.1,93.0,50.4,40.9,tinda,tinda,tinda,55,"['tinda', 'annual moringa', 'elephant foot yam']","[55, 18, 8]"
7.8,21.3,83.7,91.9,48.1,47.6,cluster bean,cluster bean,cluster bean,71,"['cluster bean', 'cotton', 'peas']","[71, 27, 2]"
7.0,30.7,84.7,86.3,33.3,39.4,jute,jute,jute,99,"['jute', 'soyabean', 'annual moringa']","[99, 1, 0]"
5.7,25.9,53.6,72.9,42.6,51.2,tapoica,tapoica,tapoica,100,"['tapoica', 'cowpea', 'ash gourd']","[100, 0, 0]"
6.3,21.5,76.2,83.4,41.9,59.8,chowchow,chowchow,chowchow,63,"['chowchow', 'bottle gourd', 'rice']","[63, 22, 4]"
5.8,24.9,99.1,62.2,32.0,21.4,castor,castor,castor,99,"['castor', 'pearl millet', 'sunflower']","[99, 1, 0]"
6.6,16.4,81.2,114.7,42.2,43.0,peas,peas,peas,100,"['peas', 'cotton', 'chowchow']","[100, 0, 0]"
5.5,34.7,84.3,23.3,34.2,34.8,gingely,gingely,gingely,100,"['gingely', 'pearl millet', 'castor']","[100, 0, 0]"
7.0,30.1,80.5,105.9,49.3,43.2,annual moringa,annual moringa,annual moringa,82,"['annual moringa', 'peas', 'cotton']","[82, 6, 5]"
6.9,32.1,75.2,71.0,65.4,92.2,ribbed gourd,ribbed gourd,ribbed gourd,97,"['ribbed gourd', 'ash gourd', 'bitter gourd']","[97, 2, 2]"
7.8,21.4,65.8,184.7,71.6,121.6,sugarcane,sugarcane,sugarcane,99,"['sugarcane', 'sugarbeet', 'maize']","[99, 1, 0]"
6.4,15.9,96.5,141.1,76.0,115.3,cabbage,cabbage,cabbage,96,"['cabbage', 'capsicum', 'brinjal']","[96, 4, 0]"
6.8,34.9,65.1,52.0,34.5,25.7,horsegram,horsegram,horsegram,97,"['horsegram', 'greengram', 'soyabean']","[97, 1, 1]"
5.9,16.7,83.4,73.4,44.0,52.4,french bean,french bean,french bean,96,"['french bean', 'chowchow', 'vegetable cowpea']","[96, 3, 0]"
6.6,23.0,69.7,163.8,95.5,138.8,sugarcane,sugarcane,sugarcane,99,"['sugarcane', 'maize', 'sugarbeet']","[99, 0, 0]"
6.7,20.0,16.1,40.9,30.7,25.5,kudiraivali,kudiraivali,kudiraivali,96,"['kudiraivali', 'ragi', 'thinai']","[96, 1, 1]"
6.6,19.5,82.0,93.9,59.9,90.3,bottle gourd,bottle gourd,bottle gourd,87,"['bottle gourd', 'snake gourd', 'tomato']","[87, 6, 5]"
5.6,25.9,15.5,34.7,27.4,21.7,thinai,thinai,varagu,75,"['varagu', 'thinai', 'ragi']","[75, 14, 6]"
6.6,24.7,70.8,104.1,57.5,53.3,peas,peas,peas,46,"['peas', 'small onion', 'cotton']","[46, 30, 8]"
6.2,23.2,73.4,72.6,45.3,43.5,small onion,small onion,small onion,91,"['small onion', 'jute', 'rice']","[91, 2, 2]"
7.8,22.7,81.7,70.2,34.7,21.3,sunflower,sunflower,sunflower,63,"['sunflower', 'castor', 'soyabean']","[63, 36, 0]"
6.9,28.6,90.0,114.6,53.4,106.2,brinjal,brinjal,brinjal,87,"['brinjal', 'capsicum', 'bitter gourd']","[87, 12, 1]"
6.6,30.5,59.6,80.2,68.0,60.7,ash gourd,ash gourd,ash gourd,92,"['ash gourd', 'tapoica', 'cucumber']","[92, 4, 2]"
7.4,29.7,62.7,27.2,39.7,20.1,greengram,greengram,greengram,100,"['greengram', 'horsegram', 'blackgram']","[100, 0, 0]"
5.9,18.8,79.2,85.8,50.9,40.4,chowchow,chowchow,chowchow,70,"['chowchow', 'french bean', 'vegetable cowpea']","[70, 26, 3]"
6.7,16.6,99.7,119.1,53.1,51.4,cauliflower,cauliflower,cauliflower,99,"['cauliflower', 'radish', 'beetroot']","[99, 1, 0]"
6.4,30.2,82.2,98.6,58.6,55.8,elephant foot yam,elephant foot yam,elephant foot yam,86,"['elephant foot yam', 'annual moringa', 'tinda']","[86, 6, 2]"
7.2,29.6,76.0,95.7,55.9,58.5,annual moringa,annual moringa,annual moringa,38,"['annual moringa', 'tinda', 'cotton']","[38, 32, 14]"
6.6,28.3,72.6,78.1,20.9,39.2,soyabean,soyabean,soyabean,81,"['soyabean', 'jute', 'horsegram']","[81, 16, 1]"
7.1,29.2,75.2,88.5,71.4,64.2,ribbed gourd,ribbed gourd,ribbed gourd,92,"['ribbed gourd', 'muskmelon', 'bitter gourd']","[92, 4, 3]"
7.4,30.7,80.5,80.8,44.2,33.2,jute,jute,jute,96,"['jute', 'annual moringa', 'tinda']","[96, 3, 1]"
6.4,18.3,66.1,90.1,65.7,75.4,pumpkin,pumpkin,carrot,64,"['carrot', 'pumpkin', 'sugarbeet']","[64, 34, 2]"
6.5,18.5,99.5,96.9,56.3,52.6,beetroot,beetroot,beetroot,89,"['beetroot', 'cauliflower', 'radish']","[89, 8, 3]"
6.1,28.8,92.0,24.4,23.1,31.1,gingely,gingely,gingely,100,"['gingely', 'pearl millet', 'soyabean']","[100, 0, 0]"
6.9,16.9,93.9,132.5,69.9,110.6,capsicum,capsicum,capsicum,81,"['capsicum', 'cabbage', 'brinjal']","[81, 18, 1]"
6.4,22.1,87.1,96.3,46.2,54.4,sweet potato,sweet potato,sweet potato,98,"['sweet potato', 'snake gourd', 'chowchow']","[98, 1, 1]"
6.5,22.0,81.3,88.3,56.3,91.8,bottle gourd,bottle gourd,bottle gourd,87,"['bottle gourd', 'snake gourd', 'watermelon']","[87, 5, 5]"
6.1,19.9,98.4,65.7,41.3,54.1,sorghum,sorghum,beetroot,94,"['beetroot', 'sorghum', 'radish']","[94, 5, 1]"
6.7,27.5,83.7,81.8,75.7,96.3,bitter gourd,bitter gourd,bitter gourd,70,"['bitter gourd', 'ribbed gourd', 'bottle gourd']","[70, 25, 2]"
6.2,26.7,93.0,126.0,80.7,82.2,cabbage,cabbage,cabbage,42,"['cabbage', 'bhendi', 'capsicum']","[42, 37, 19]"
6.3,26.2,18.1,38.8,24.0,26.9,varagu,varagu,varagu,76,"['varagu', 'thinai', 'ragi']","[76, 13, 5]"
5.6,10.3,18.3,30.5,27.4,24.1,panivaragu,panivaragu,panivaragu,65,"['panivaragu', 'ragi', 'thinai']","[65, 35, 0]"
6.2,21.8,16.6,34.6,27.6,29.7,thinai,thinai,thinai,57,"['thinai', 'panivaragu', 'ragi']","[57, 20, 20]"
6.3,24.9,87.1,114.7,50.7,55.6,sweet potato,sweet potato,sweet potato,100,"['sweet potato', 'peas', 'watermelon']","[100, 0, 0]"
7.9,21.2,85.0,105.5,57.1,47.8,cotton,cotton,cotton,89,"['cotton', 'cluster bean', 'peas']","[89, 6, 5]"
6.1,27.0,60.2,86.6,52.6,74.9,pumpkin,pumpkin,ash gourd,89,"['ash gourd', 'pumpkin', 'rice']","[89, 10, 0]"
6.7,24.2,65.7,71.2,52.1,67.8,pumpkin,pumpkin,pumpkin,79,"['pumpkin', 'ash gourd', 'small onion']","[79, 20, 1]"
6.8,28.2,76.7,110.8,43.1,91.5,chillies,chillies,muskmelon,67,"['muskmelon', 'chillies', 'tomato']","[67, 14, 13]"
7.0,18.6,93.2,109.0,57.5,100.3,capsicum,capsicum,capsicum,90,"['capsicum', 'brinjal', 'cabbage']","[90, 8, 1]"
6.8,26.0,80.9,94.3,42.5,93.3,muskmelon,muskmelon,watermelon,50,"['watermelon', 'muskmelon', 'bitter gourd']","[50, 19, 17]"
7.3,28.5,91.3,74.9,52.4,46.6,sorghum,sorghum,sorghum,92,"['sorghum', 'jute', 'tinda']","[92, 5, 2]"
6.3,24.6,85.8,54.2,24.5,28.9,soyabean,soyabean,castor,35,"['castor', 'soyabean', 'pearl millet']","[35, 33, 28]"
7.4,28.5,90.0,122.3,61.2,104.1,brinjal,brinjal,brinjal,95,"['brinjal', 'capsicum', 'tomato']","[95, 4, 1]"
7.9,34.7,84.2,107.9,40.4,58.3,annual moringa,annual moringa,annual moringa,96,"['annual moringa', 'cotton', 'jute']","[96, 1, 1]"
6.9,21.5,51.8,118.6,54.4,44.0,wheat,wheat,wheat,100,"['wheat', 'peas', 'maize']","[100, 0, 0]"
6.2,22.3,75.1,135.4,67.1,97.0,onion,onion,onion,74,"['onion', 'chillies', 'maize']","[74, 12, 8]"
7.2,23.4,88.3,73.3,24.0,24.2,sunflower,sunflower,sunflower,74,"['sunflower', 'castor', 'soyabean']","[74, 24, 2]"
6.3,26.3,92.0,25.1,39.5,22.9,gingely,gingely,gingely,100,"['gingely', 'pearl millet', 'castor']","[100, 0, 0]"
6.5,17.4,67.9,93.5,73.5,87.3,carrot,carrot,carrot,96,"['carrot', 'pumpkin', 'sugarbeet']","[96, 4, 0]"
6.5,28.3,17.4,35.4,21.2,21.9,thinai,thinai,thinai,53,"['thinai', 'varagu', 'panivaragu']","[53, 20, 19]"
6.2,28.6,74.7,84.3,47.2,77.2,ash gourd,ash gourd,ash gourd,69,"['ash gourd', 'ribbed gourd', 'muskmelon']","[69, 12, 10]"
6.2,18.5,77.7,73.2,41.6,46.8,chowchow,chowchow,chowchow,95,"['chowchow', 'french bean', 'small onion']","[95, 2, 2]"
8.4,22.1,75.2,98.1,58.3,58.0,cluster bean,cluster bean,cluster bean,69,"['cluster bean', 'cotton', 'rice']","[69, 22, 6]"
6.3,13.7,16.3,35.2,29.7,29.5,ragi,ragi,ragi,57,"['ragi', 'panivaragu', 'thinai']","[57, 43, 0]"
6.4,24.1,97.8,102.5,81.4,107.1,bhendi,bhendi,bhendi,75,"['bhendi', 'cabbage', 'capsicum']","[75, 24, 1]"
6.5,18.8,98.0,70.8,56.0,57.7,beetroot,beetroot,beetroot,89,"['beetroot', 'sorghum', 'radish']","[89, 9, 2]"
7.3,24.2,77.1,84.2,41.6,47.1,rice,rice,cluster bean,58,"['cluster bean', 'cotton', 'peas']","[58, 24, 8]"
6.1,16.9,96.8,61.5,50.6,45.9,radish,radish,radish,71,"['radish', 'sorghum', 'beetroot']","[71, 21, 7]"
7.9,24.5,72.4,110.1,78.6,79.0,sugarbeet,sugarbeet,sugarbeet,95,"['sugarbeet', 'tomato', 'sugarcane']","[95, 3, 0]"
6.3,41.8,17.7,31.7,21.0,21.1,panivaragu,panivaragu,panivaragu,97,"['panivaragu', 'blackgram', 'thinai']","[97, 3, 0]"
6.5,27.2,60.0,44.5,31.2,36.5,bengalgram,bengalgram,bengalgram,89,"['bengalgram', 'horsegram', 'greengram']","[89, 9, 1]"
5.3,29.9,79.1,80.5,45.7,47.4,rice,rice,rice,59,"['rice', 'elephant foot yam', 'vegetable cowpea']","[59, 26, 14]"
6.2,25.4,18.6,39.5,23.0,24.4,varagu,varagu,varagu,72,"['varagu', 'thinai', 'panivaragu']","[72, 16, 6]"
6.2,26.7,82.9,92.4,61.0,81.7,bottle gourd,bottle gourd,bottle gourd,60,"['bottle gourd', 'bitter gourd', 'watermelon']","[60, 14, 12]"
6.4,19.9,65.8,89.5,82.4,71.3,carrot,carrot,carrot,83,"['carrot', 'pumpkin', 'sugarbeet']","[83, 16, 0]"
8.0,22.8,65.5,108.7,73.6,77.3,sugarbeet,sugarbeet,sugarbeet,99,"['sugarbeet', 'maize', 'sugarcane']","[99, 0, 0]"
7.2,25.4,91.1,30.0,24.5,31.0,gingely,gingely,gingely,100,"['gingely', 'castor', 'pearl millet']","[100, 0, 0]"
7.4,21.4,83.3,82.4,59.8,53.4,cotton,cotton,cluster bean,71,"['cluster bean', 'cotton', 'peas']","[71, 19, 9]"
6.1,19.4,89.6,77.0,72.0,74.3,snake gourd,snake gourd,snake gourd,99,"['snake gourd', 'bottle gourd', 'bitter gourd']","[99, 0, 0]"
6.6,26.9,84.9,58.2,36.5,23.0,pearl millet,pearl millet,soyabean,45,"['soyabean', 'pearl millet', 'redgram']","[45, 23, 20]"
5.6,23.5,84.4,97.1,42.2,40.3,french bean,french bean,vegetable cowpea,40,"['vegetable cowpea', 'sweet potato', 'french bean']","[40, 30, 26]"
6.7,21.4,88.3,116.2,57.2,56.7,sweet potato,sweet potato,sweet potato,88,"['sweet potato', 'peas', 'cotton']","[88, 11, 1]"
7.2,20.8,92.1,66.4,59.9,49.4,sorghum,sorghum,sorghum,99,"['sorghum', 'beetroot', 'cluster bean']","[99, 1, 0]"
6.3,21.5,54.1,119.1,40.8,40.5,wheat,wheat,wheat,100,"['wheat', 'rice', 'small onion']","[100, 0, 0]"
7.3,22.1,90.0,145.0,58.8,108.7,brinjal,brinjal,brinjal,96,"['brinjal', 'capsicum', 'tomato']","[96, 3, 1]"
7.3,29.5,82.3,60.2,42.7,53.4,tinda,tinda,tinda,88,"['tinda', 'jute', 'elephant foot yam']","[88, 4, 4]"
6.7,25.2,76.5,48.4,31.9,26.9,redgram,redgram,redgram,90,"['redgram', 'horsegram', 'soyabean']","[90, 6, 3]"
6.5,27.7,19.3,35.6,21.8,25.1,panivaragu,panivaragu,thinai,55,"['thinai', 'varagu', 'panivaragu']","[55, 22, 19]"
6.1,23.7,59.0,88.7,47.5,57.6,wheat,wheat,wheat,87,"['wheat', 'tapoica', 'rice']","[87, 8, 2]"
6.7,34.7,83.9,71.1,51.1,65.9,ribbed gourd,ribbed gourd,ribbed gourd,92,"['ribbed gourd', 'bitter gourd', 'elephant foot yam']","[92, 3, 3]"
6.5,24.6,75.7,130.9,50.0,95.6,onion,onion,chillies,64,"['chillies', 'onion', 'tomato']","[64, 16, 15]"
6.9,25.2,19.0,39.0,26.1,25.8,thinai,thinai,thinai,52,"['thinai', 'ragi', 'panivaragu']","[52, 20, 18]"
6.2,26.2,16.8,38.3,25.5,21.3,varagu,varagu,varagu,78,"['varagu', 'thinai', 'panivaragu']","[78, 13, 4]"
6.0,25.5,18.4,36.1,26.6,24.6,varagu,varagu,varagu,76,"['varagu', 'thinai', 'ragi']","[76, 13, 5]"
5.9,19.4,91.2,122.3,55.7,94.7,capsicum,capsicum,capsicum,90,"['capsicum', 'cabbage', 'brinjal']","[90, 9, 1]"
5.6,10.9,78.6,93.6,45.5,46.4,french bean,french bean,french bean,99,"['french bean', 'chowchow', 'peas']","[99, 0, 0]"
5.7,11.2,97.8,97.5,50.3,57.9,radish,radish,radish,100,"['radish', 'cauliflower', 'beetroot']","[100, 0, 0]"
6.3,20.4,84.7,134.5,54.6,88.3,onion,onion,onion,71,"['onion', 'brinjal', 'capsicum']","[71, 21, 5]"
7.5,29.7,85.9,88.2,42.9,46.9,cotton,cotton,cotton,53,"['cotton', 'tinda', 'peas']","[53, 13, 12]"
6.5,18.6,99.3,69.9,49.8,47.5,beetroot,beetroot,beetroot,94,"['beetroot', 'sorghum', 'radish']","[94, 4, 2]"
6.2,21.0,92.5,110.8,74.5,95.1,capsicum,capsicum,cabbage,51,"['cabbage', 'capsicum', 'bhendi']","[51, 38, 9]"
6.5,27.5,78.2,148.1,61.5,82.0,chillies,chillies,chillies,82,"['chillies', 'tomato', 'maize']","[82, 13, 3]"
6.4,24.4,98.9,75.2,30.8,38.2,castor,castor,castor,86,"['castor', 'sunflower', 'soyabean']","[86, 10, 2]"
6.7,25.7,93.7,58.8,39.3,39.6,castor,castor,castor,40,"['castor', 'pearl millet', 'soyabean']","[40, 21, 20]"
6.6,25.5,79.2,109.9,54.3,54.4,annual moringa,annual moringa,annual moringa,51,"['annual moringa', 'peas', 'cotton']","[51, 32, 9]"
7.2,38.2,17.0,27.1,20.8,22.7,blackgram,blackgram,blackgram,97,"['blackgram', 'panivaragu', 'samai']","[97, 2, 1]"
7.4,24.8,75.1,97.6,41.6,44.4,jute,jute,cotton,36,"['cotton', 'cluster bean', 'rice']","[36, 22, 11]"
6.8,25.1,96.8,67.1,26.3,29.5,castor,castor,castor,69,"['castor', 'sunflower', 'soyabean']","[69, 26, 4]"
6.6,25.3,57.6,72.7,41.3,51.0,tapoica,tapoica,tapoica,95,"['tapoica', 'cucumber', 'groundnut']","[95, 3, 1]"
6.7,23.3,81.5,61.7,36.7,30.0,castor,castor,sunflower,36,"['sunflower', 'soyabean', 'redgram']","[36, 31, 18]"
6.9,31.8,66.1,33.5,38.7,24.5,greengram,greengram,greengram,99,"['greengram', 'horsegram', 'gingely']","[99, 1, 0]"
7.2,34.3,64.3,53.0,26.4,36.2,horsegram,horsegram,horsegram,97,"['horsegram', 'greengram', 'bengalgram']","[97, 1, 1]"
7.3,21.3,76.9,107.0,49.9,52.3,peas,peas,cotton,60,"['cotton', 'peas', 'cluster bean']","[60, 36, 3]"
6.1,34.6,83.2,70.6,56.5,55.2,elephant foot yam,elephant foot yam,elephant foot yam,97,"['elephant foot yam', 'jute', 'vegetable cowpea']","[97, 2, 0]"
6.5,24.1,97.0,104.7,83.5,111.0,bhendi,bhendi,bhendi,84,"['bhendi', 'cabbage', 'capsicum']","[84, 15, 1]"
6.4,20.5,60.0,47.0,27.4,39.0,bengalgram,bengalgram,bengalgram,97,"['bengalgram', 'cowpea', 'kudiraivali']","[97, 2, 0]"
6.2,20.0,15.2,54.3,26.6,31.6,kudiraivali,kudiraivali,kudiraivali,100,"['kudiraivali', 'ragi', 'thinai']","[100, 0, 0]"
6.4,22.9,56.0,115.0,45.2,46.7,wheat,wheat,wheat,100,"['wheat', 'rice', 'small onion']","[100, 0, 0]"
6.0,26.2,15.9,34.5,26.2,27.7,varagu,varagu,varagu,80,"['varagu', 'thinai', 'ragi']","[80, 12, 4]"
5.7,19.3,83.0,79.9,53.0,47.2,chowchow,chowchow,chowchow,61,"['chowchow', 'french bean', 'vegetable cowpea']","[61, 33, 5]"
7.1,37.4,17.7,33.7,27.7,21.3,blackgram,blackgram,blackgram,80,"['blackgram', 'panivaragu', 'samai']","[80, 19, 1]"
7.2,32.6,76.0,64.0,49.0,68.2,ribbed gourd,ribbed gourd,ribbed gourd,98,"['ribbed gourd', 'muskmelon', 'bitter gourd']","[98, 1, 0]"
6.0,15.2,66.8,111.2,61.5,96.7,carrot,carrot,carrot,97,"['carrot', 'sugarbeet', 'pumpkin']","[97, 2, 0]"
6.1,32.2,99.4,62.4,43.0,40.7,sorghum,sorghum,sorghum,97,"['sorghum', 'pearl millet', 'jute']","[97, 1, 1]"
7.5,25.7,96.3,40.8,31.9,25.0,castor,castor,castor,66,"['castor', 'gingely', 'sunflower']","[66, 22, 8]"
6.6,27.2,76.7,58.6,27.5,37.8,redgram,redgram,redgram,68,"['redgram', 'soyabean', 'horsegram']","[68, 21, 11]"
6.7,26.8,98.1,137.1,75.2,89.1,bhendi,bhendi,bhendi,96,"['bhendi', 'cabbage', 'capsicum']","[96, 3, 1]"
7.3,20.7,97.5,73.0,37.2,36.3,sunflower,sunflower,sunflower,95,"['sunflower', 'castor', 'soyabean']","[95, 3, 1]"
7.0,20.0,16.8,59.9,36.1,37.4,kudiraivali,kudiraivali,kudiraivali,100,"['kudiraivali', 'blackgram', 'ragi']","[100, 0, 0]"
7.3,31.0,80.1,117.3,57.5,76.9,muskmelon,muskmelon,muskmelon,97,"['muskmelon', 'tomato', 'ribbed gourd']","[97, 1, 1]"
7.4,34.5,76.2,68.0,66.6,96.2,ribbed gourd,ribbed gourd,ribbed gourd,98,"['ribbed gourd', 'ash gourd', 'bitter gourd']","[98, 2, 0]"
6.6,18.2,65.7,106.2,87.4,90.9,carrot,carrot,carrot,98,"['carrot', 'maize', 'sugarbeet']","[98, 1, 1]"
5.6,15.2,77.2,98.2,58.4,42.7,french bean,french bean,french bean,98,"['french bean', 'chowchow', 'vegetable cowpea']","[98, 1, 0]"
6.6,10.2,87.9,99.5,51.5,41.4,peas,peas,peas,88,"['peas', 'cauliflower', 'radish']","[88, 12, 0]"
7.7,25.4,79.7,116.9,41.7,51.0,cotton,cotton,cotton,56,"['cotton', 'annual moringa', 'peas']","[56, 40, 3]"
6.4,28.3,60.0,58.6,36.6,21.0,bengalgram,bengalgram,bengalgram,90,"['bengalgram', 'horsegram', 'cowpea']","[90, 8, 2]"
7.4,41.8,17.2,30.1,20.2,32.1,blackgram,blackgram,blackgram,99,"['blackgram', 'panivaragu', 'samai']","[99, 1, 0]"
6.7,18.7,63.6,81.7,65.0,67.0,carrot,carrot,carrot,51,"['carrot', 'pumpkin', 'sugarbeet']","[51, 49, 0]"
7.6,21.8,71.3,171.8,91.8,124.5,sugarcane,sugarcane,sugarcane,100,"['sugarcane', 'sugarbeet', 'maize']","[100, 0, 0]"
7.0,28.8,63.5,72.0,59.5,43.8,cucumber,cucumber,cucumber,90,"['cucumber', 'groundnut', 'tapoica']","[90, 6, 3]"
6.3,34.6,79.8,74.4,39.8,33.0,jute,jute,jute,92,"['jute', 'soyabean', 'horsegram']","[92, 6, 1]"
8.9,35.7,18.2,38.1,25.6,23.8,samai,samai,samai,100,"['samai', 'blackgram', 'panivaragu']","[100, 0, 0]"
6.2,26.1,66.4,71.5,46.4,63.0,pumpkin,pumpkin,ash gourd,69,"['ash gourd', 'pumpkin', 'bottle gourd']","[69, 30, 0]"
7.1,26.8,67.2,62.2,47.4,44.8,cucumber,cucumber,cucumber,86,"['cucumber', 'groundnut', 'jute']","[86, 9, 2]"
7.1,26.7,83.5,63.9,57.0,54.4,tinda,tinda,tinda,87,"['tinda', 'elephant foot yam', 'cluster bean']","[87, 7, 2]"
6.9,21.0,71.7,135.2,87.0,85.3,maize,maize,maize,83,"['maize', 'sugarbeet', 'sugarcane']","[83, 12, 2]"
7.1,28.9,76.7,107.1,48.9,53.0,annual moringa,annual moringa,annual moringa,62,"['annual moringa', 'cotton', 'peas']","[62, 23, 12]"
6.8,29.1,76.2,81.3,45.7,81.9,ribbed gourd,ribbed gourd,muskmelon,42,"['muskmelon', 'ribbed gourd', 'bitter gourd']","[42, 39, 15]"
7.9,24.5,66.0,132.9,77.1,60.4,sugarbeet,sugarbeet,sugarbeet,98,"['sugarbeet', 'maize', 'cotton']","[98, 2, 0]"
5.8,26.7,78.8,79.5,58.3,46.2,french bean,french bean,vegetable cowpea,72,"['vegetable cowpea', 'french bean', 'elephant foot yam']","[72, 22, 5]"
5.5,26.7,16.0,30.7,26.9,28.5,panivaragu,panivaragu,varagu,73,"['varagu', 'ragi', 'thinai']","[73, 13, 10]"
7.0,32.1,62.6,36.5,26.9,22.2,greengram,greengram,greengram,99,"['greengram', 'horsegram', 'panivaragu']","[99, 1, 0]"
6.4,19.2,84.8,99.0,45.0,40.8,chowchow,chowchow,chowchow,78,"['chowchow', 'peas', 'sweet potato']","[78, 10, 9]"
6.6,28.5,95.2,88.1,44.3,48.8,cauliflower,cauliflower,cauliflower,96,"['cauliflower', 'sorghum', 'peas']","[96, 2, 0]"
5.8,26.5,81.7,41.2,35.8,33.3,pearl millet,pearl millet,pearl millet,75,"['pearl millet', 'castor', 'gingely']","[75, 19, 3]"
6.6,37.6,83.2,69.2,33.4,34.3,jute,jute,jute,87,"['jute', 'soyabean', 'pearl millet']","[87, 6, 5]"
6.1,26.9,81.7,136.9,69.6,74.9,maize,maize,maize,79,"['maize', 'chillies', 'watermelon']","[79, 16, 1]"
5.8,21.3,50.6,35.7,32.2,39.9,cowpea,cowpea,cowpea,99,"['cowpea', 'thinai', 'bengalgram']","[99, 0, 0]"
6.3,29.2,90.9,79.6,59.2,54.7,sorghum,sorghum,sorghum,93,"['sorghum', 'bitter gourd', 'elephant foot yam']","[93, 2, 1]"
6.4,29.0,72.9,99.2,44.4,95.4,ash gourd,ash gourd,ash gourd,81,"['ash gourd', 'chillies', 'muskmelon']","[81, 8, 5]"
7.5,31.7,69.0,63.2,48.2,59.3,cucumber,cucumber,cucumber,94,"['cucumber', 'groundnut', 'jute']","[94, 3, 1]"
8.9,37.4,19.0,35.2,23.2,25.0,samai,samai,samai,100,"['samai', 'blackgram', 'panivaragu']","[100, 0, 0]"
6.5,24.7,93.1,44.6,26.5,37.0,castor,castor,castor,53,"['castor', 'pearl millet', 'sunflower']","[53, 25, 18]"
7.2,30.8,63.0,45.5,25.5,31.1,horsegram,horsegram,horsegram,87,"['horsegram', 'greengram', 'bengalgram']","[87, 7, 6]"
7.1,29.2,64.2,33.5,31.8,39.6,greengram,greengram,greengram,100,"['greengram', 'horsegram', 'bengalgram']","[100, 0, 0]"
6.2,20.0,18.3,59.3,25.8,39.7,kudiraivali,kudiraivali,kudiraivali,99,"['kudiraivali', 'cowpea', 'ragi']","[99, 0, 0]"
7.6,23.5,84.2,91.7,41.6,51.3,cluster bean,cluster bean,cluster bean,68,"['cluster bean', 'cotton', 'peas']","[68, 29, 2]"
7.0,20.8,67.0,82.7,44.0,49.3,small onion,small onion,small onion,60,"['small onion', 'rice', 'peas']","[60, 25, 5]"
8.9,30.2,16.1,37.3,21.3,27.0,samai,samai,samai,100,"['samai', 'blackgram', 'ragi']","[100, 0, 0]"
6.5,26.3,63.8,67.8,47.8,88.1,pumpkin,pumpkin,ash gourd,54,"['ash gourd', 'pumpkin', 'cucumber']","[54, 46, 0]"
6.7,26.0,97.5,120.5,67.7,107.5,bhendi,bhendi,bhendi,95,"['bhendi', 'cabbage', 'capsicum']","[95, 3, 2]"
6.6,29.9,77.0,133.2,47.2,83.7,chillies,chillies,chillies,69,"['chillies', 'tomato', 'muskmelon']","[69, 20, 11]"
6.5,19.3,75.9,62.3,48.4,97.2,bottle gourd,bottle gourd,bottle gourd,83,"['bottle gourd', 'pumpkin', 'ash gourd']","[83, 16, 0]"
7.2,34.3,65.6,20.5,35.0,23.3,greengram,greengram,greengram,100,"['greengram', 'horsegram', 'gingely']","[100, 0, 0]"
6.0,24.6,66.6,164.5,86.0,61.3,maize,maize,maize,99,"['maize', 'sugarbeet', 'pumpkin']","[99, 1, 0]"
6.5,25.5,81.2,83.6,76.7,98.7,bottle gourd,bottle gourd,bottle gourd,41,"['bottle gourd', 'bitter gourd', 'ribbed gourd']","[41, 37, 12]"
5.5,14.6,79.9,71.3,54.5,55.2,french bean,french bean,french bean,99,"['french bean', 'chowchow', 'vegetable cowpea']","[99, 1, 0]"
6.9,17.3,67.2,103.8,75.1,91.9,carrot,carrot,carrot,96,"['carrot', 'sugarbeet', 'tomato']","[96, 3, 1]"
6.0,20.7,90.5,73.0,48.8,45.9,sorghum,sorghum,sorghum,88,"['sorghum', 'cauliflower', 'beetroot']","[88, 4, 3]"
6.1,25.4,74.4,146.1,87.4,83.2,maize,maize,maize,95,"['maize', 'chillies', 'sugarcane']","[95, 3, 0]"
6.1,31.9,87.1,69.3,27.9,37.7,soyabean,soyabean,soyabean,74,"['soyabean', 'jute', 'pearl millet']","[74, 22, 4]"
6.3,20.0,17.7,53.4,28.8,29.5,kudiraivali,kudiraivali,kudiraivali,99,"['kudiraivali', 'thinai', 'ragi']","[99, 0, 0]"
6.1,21.0,78.7,136.1,65.2,86.1,onion,onion,onion,82,"['onion', 'maize', 'sugarbeet']","[82, 11, 3]"
8.7,31.2,19.4,33.2,20.4,24.5,samai,samai,samai,100,"['samai', 'blackgram', 'ragi']","[100, 0, 0]"
6.4,22.0,83.2,110.6,69.8,84.2,onion,onion,onion,76,"['onion', 'brinjal', 'chillies']","[76, 12, 5]"
6.3,24.6,80.4,126.4,71.6,117.0,onion,onion,onion,54,"['onion', 'chillies', 'tomato']","[54, 44, 1]"
6.2,21.5,78.3,133.7,74.9,94.3,onion,onion,onion,88,"['onion', 'maize', 'chillies']","[88, 5, 4]"
6.5,14.7,97.8,107.9,52.8,47.1,cauliflower,cauliflower,cauliflower,93,"['cauliflower', 'radish', 'peas']","[93, 7, 0]"
7.1,25.7,75.4,82.7,41.4,82.2,watermelon,watermelon,watermelon,62,"['watermelon', 'muskmelon', 'ribbed gourd']","[62, 22, 15]"
6.8,25.1,54.6,97.8,51.0,53.5,tapoica,tapoica,tapoica,74,"['tapoica', 'wheat', 'cucumber']","[74, 23, 2]"
5.7,21.6,85.7,103.3,40.2,50.6,sweet potato,sweet potato,sweet potato,99,"['sweet potato', 'vegetable cowpea', 'chowchow']","[99, 0, 0]"
5.6,28.1,51.7,98.8,46.3,48.4,tapoica,tapoica,tapoica,99,"['tapoica', 'rice', 'ash gourd']","[99, 1, 0]"
7.0,19.0,76.0,116.7,75.9,66.0,sugarbeet,sugarbeet,sugarbeet,91,"['sugarbeet', 'tomato', 'maize']","[91, 6, 3]"
6.7,19.2,97.5,106.7,54.3,54.0,cauliflower,cauliflower,cauliflower,89,"['cauliflower', 'beetroot', 'radish']","[89, 10, 0]"
6.2,24.8,52.3,92.4,76.3,76.2,ash gourd,ash gourd,ash gourd,97,"['ash gourd', 'pumpkin', 'wheat']","[97, 3, 0]"
6.6,17.2,99.2,91.2,59.8,51.7,cauliflower,cauliflower,cauliflower,47,"['cauliflower', 'radish', 'beetroot']","[47, 43, 10]"
6.6,18.0,64.0,83.6,76.0,65.3,carrot,carrot,carrot,82,"['carrot', 'pumpkin', 'sugarbeet']","[82, 17, 0]"
7.2,26.5,90.0,119.7,51.3,92.4,brinjal,brinjal,brinjal,93,"['brinjal', 'capsicum', 'watermelon']","[93, 5, 1]"
6.8,17.9,92.1,115.2,70.1,91.5,capsicum,capsicum,capsicum,83,"['capsicum', 'cabbage', 'brinjal']","[83, 13, 3]"
5.7,25.9,75.3,86.5,52.5,53.1,french bean,french bean,vegetable cowpea,55,"['vegetable cowpea', 'french bean', 'rice']","[55, 24, 17]"
6.7,18.3,16.0,37.9,24.2,24.2,ragi,ragi,ragi,51,"['ragi', 'panivaragu', 'thinai']","[51, 39, 7]"
6.6,26.4,80.7,84.3,51.3,51.3,tinda,tinda,tinda,56,"['tinda', 'elephant foot yam', 'annual moringa']","[56, 18, 11]"
8.9,34.8,15.5,38.9,21.8,27.2,samai,samai,samai,100,"['samai', 'blackgram', 'panivaragu']","[100, 0, 0]"
7.4,31.2,91.9,77.5,58.1,51.2,sorghum,sorghum,sorghum,96,"['sorghum', 'jute', 'tinda']","[96, 1, 1]"
8.7,26.3,15.4,32.7,20.7,25.9,samai,samai,samai,93,"['samai', 'ragi', 'blackgram']","[93, 7, 0]"
6.3,25.0,78.1,118.5,53.0,77.6,watermelon,watermelon,watermelon,81,"['watermelon', 'chillies', 'onion']","[81, 10, 4]"
6.9,26.4,65.8,33.6,37.5,33.0,greengram,greengram,greengram,99,"['greengram', 'horsegram', 'bengalgram']","[99, 1, 0]"
6.1,29.3,50.8,53.0,28.6,31.0,cowpea,cowpea,cowpea,78,"['cowpea', 'horsegram', 'bengalgram']","[78, 17, 4]"
6.3,17.7,68.3,103.9,95.7,94.4,carrot,carrot,carrot,99,"['carrot', 'sugarbeet', 'maize']","[99, 0, 0]"
7.9,29.3,81.3,98.3,59.9,43.1,cotton,cotton,annual moringa,56,"['annual moringa', 'cotton', 'tinda']","[56, 33, 7]"
6.5,19.2,90.8,79.6,56.0,48.4,sorghum,sorghum,sorghum,71,"['sorghum', 'beetroot', 'cauliflower']","[71, 15, 8]"
7.5,25.0,91.3,58.7,31.0,21.4,sunflower,sunflower,castor,55,"['castor', 'sunflower', 'pearl millet']","[55, 35, 8]"
7.2,29.5,77.9,113.7,54.0,63.7,muskmelon,muskmelon,muskmelon,92,"['muskmelon', 'watermelon', 'annual moringa']","[92, 2, 2]"
6.6,25.9,98.8,110.6,57.2,45.3,cauliflower,cauliflower,cauliflower,100,"['cauliflower', 'sweet potato', 'peas']","[100, 0, 0]"
6.9,20.2,98.3,82.5,48.4,59.2,beetroot,beetroot,beetroot,91,"['beetroot', 'cauliflower', 'sorghum']","[91, 7, 1]"
7.0,25.2,85.4,76.1,48.2,75.4,bitter gourd,bitter gourd,bitter gourd,71,"['bitter gourd', 'ribbed gourd', 'watermelon']","[71, 12, 7]"
7.6,24.9,77.7,93.3,43.4,45.7,cotton,cotton,cluster bean,42,"['cluster bean', 'cotton', 'rice']","[42, 36, 8]"
7.3,32.2,73.2,67.2,33.3,43.4,jute,jute,jute,98,"['jute', 'horsegram', 'cucumber']","[98, 1, 1]"
6.9,20.0,15.3,40.6,30.8,29.7,kudiraivali,kudiraivali,kudiraivali,98,"['kudiraivali', 'ragi', 'thinai']","[98, 1, 1]"
6.0,23.3,87.7,112.0,40.0,55.7,sweet potato,sweet potato,sweet potato,100,"['sweet potato', 'snake gourd', 'vegetable cowpea']","[100, 0, 0]"
5.2,20.7,50.6,44.2,21.8,39.1,cowpea,cowpea,cowpea,98,"['cowpea', 'kudiraivali', 'bengalgram']","[98, 1, 0]"
6.6,21.9,90.0,129.6,44.0,94.6,brinjal,brinjal,brinjal,77,"['brinjal', 'capsicum', 'tomato']","[77, 22, 0]"
6.6,24.3,98.8,143.6,67.3,85.6,bhendi,bhendi,bhendi,95,"['bhendi', 'cabbage', 'capsicum']","[95, 4, 1]"
6.6,24.1,60.0,59.5,35.0,26.8,bengalgram,bengalgram,bengalgram,98,"['bengalgram', 'cowpea', 'soyabean']","[98, 0, 0]"
5.7,24.5,79.9,72.0,56.6,56.6,vegetable cowpea,vegetable cowpea,vegetable cowpea,71,"['vegetable cowpea', 'french bean', 'elephant foot yam']","[71, 25, 2]"
6.1,27.8,96.0,23.5,32.0,36.7,gingely,gingely,gingely,100,"['gingely', 'pearl millet', 'castor']","[100, 0, 0]"
6.1,25.9,85.5,84.0,68.6,69.0,snake gourd,snake gourd,snake gourd,86,"['snake gourd', 'bottle gourd', 'bitter gourd']","[86, 7, 6]"
6.1,25.9,99.1,142.6,90.6,83.1,bhendi,bhendi,bhendi,90,"['bhendi', 'cabbage', 'capsicum']","[90, 10, 0]"
5.4,21.4,52.3,58.2,26.8,32.2,cowpea,cowpea,cowpea,99,"['cowpea', 'bengalgram', 'kudiraivali']","[99, 1, 0]"
6.3,24.6,66.3,81.9,43.1,61.3,ash gourd,ash gourd,pumpkin,44,"['pumpkin', 'ash gourd', 'small onion']","[44, 42, 7]"
6.4,26.7,98.4,111.5,91.1,113.1,bhendi,bhendi,bhendi,89,"['bhendi', 'cabbage', 'capsicum']","[89, 11, 0]"
7.2,34.0,59.2,51.3,31.4,34.0,horsegram,horsegram,horsegram,99,"['horsegram', 'greengram', 'bengalgram']","[99, 0, 0]"
6.9,11.8,81.3,108.3,53.6,50.0,peas,peas,peas,100,"['peas', 'cotton', 'cauliflower']","[100, 0, 0]"
7.5,36.1,77.5,99.9,56.2,47.9,rice,rice,annual moringa,47,"['annual moringa', 'rice', 'jute']","[47, 42, 8]"
7.3,22.4,84.3,47.3,36.7,37.9,sunflower,sunflower,sunflower,66,"['sunflower', 'castor', 'pearl millet']","[66, 19, 10]"
5.8,18.9,84.6,68.3,43.2,55.3,chowchow,chowchow,chowchow,61,"['chowchow', 'french bean', 'vegetable cowpea']","[61, 33, 4]"
6.1,19.8,99.7,148.3,71.2,118.3,cabbage,cabbage,cabbage,90,"['cabbage', 'capsicum', 'bhendi']","[90, 9, 0]"
6.5,26.6,99.7,145.0,73.4,94.5,bhendi,bhendi,bhendi,94,"['bhendi', 'cabbage', 'capsicum']","[94, 5, 1]"
8.6,31.6,18.6,36.8,28.3,29.5,samai,samai,samai,100,"['samai', 'blackgram', 'ragi']","[100, 0, 0]"
6.2,7.8,95.5,111.7,97.7,104.3,cabbage,cabbage,cabbage,100,"['cabbage', 'capsicum', 'bhendi']","[100, 0, 0]"
6.7,23.5,84.8,149.8,62.6,83.8,maize,maize,tomato,29,"['tomato', 'maize', 'chillies']","[29, 28, 27]"
6.9,29.1,80.8,106.0,51.9,115.0,tomato,tomato,tomato,51,"['tomato', 'chillies', 'muskmelon']","[51, 33, 14]"
6.1,18.6,88.6,63.4,26.0,23.2,soyabean,soyabean,soyabean,95,"['soyabean', 'pearl millet', 'sunflower']","[95, 4, 1]"
6.3,21.0,98.3,72.1,43.5,59.8,beetroot,beetroot,beetroot,78,"['beetroot', 'sorghum', 'radish']","[78, 21, 1]"
6.7,38.0,65.0,52.1,55.9,54.0,groundnut,groundnut,groundnut,100,"['groundnut', 'cucumber', 'horsegram']","[100, 0, 0]"
8.0,24.2,74.1,119.0,45.9,55.6,cotton,cotton,cotton,95,"['cotton', 'peas', 'rice']","[95, 3, 1]"
6.3,17.7,68.3,112.4,98.3,63.7,carrot,carrot,carrot,97,"['carrot', 'sugarbeet', 'maize']","[97, 2, 0]"
5.2,22.1,51.3,36.3,31.8,34.9,cowpea,cowpea,cowpea,99,"['cowpea', 'ragi', 'thinai']","[99, 0, 0]"
6.0,28.0,50.9,43.4,28.9,31.9,cowpea,cowpea,cowpea,88,"['cowpea', 'horsegram', 'bengalgram']","[88, 8, 4]"
6.1,23.3,52.1,82.2,57.7,45.1,wheat,wheat,wheat,98,"['wheat', 'tapoica', 'rice']","[98, 1, 1]"
5.9,23.4,93.6,110.2,48.9,97.1,capsicum,capsicum,capsicum,92,"['capsicum', 'cabbage', 'bhendi']","[92, 4, 3]"
7.9,15.4,65.2,111.1,61.7,75.4,sugarbeet,sugarbeet,sugarbeet,99,"['sugarbeet', 'carrot', 'maize']","[99, 1, 0]"
6.3,25.2,95.6,119.6,91.4,85.9,bhendi,bhendi,bhendi,87,"['bhendi', 'cabbage', 'capsicum']","[87, 13, 0]"
6.4,18.8,84.7,95.7,65.0,90.6,bottle gourd,bottle gourd,bottle gourd,65,"['bottle gourd', 'snake gourd', 'brinjal']","[65, 26, 6]"
6.2,25.1,19.5,31.9,29.0,25.3,varagu,varagu,varagu,65,"['varagu', 'thinai', 'panivaragu']","[65, 20, 7]"
6.7,29.1,76.4,61.8,55.3,78.0,ribbed gourd,ribbed gourd,ribbed gourd,69,"['ribbed gourd', 'bitter gourd', 'ash gourd']","[69, 26, 2]"
6.0,23.9,82.4,135.6,76.9,106.9,chillies,chillies,onion,81,"['onion', 'chillies', 'maize']","[81, 17, 2]"
7.2,25.1,84.5,95.8,41.6,88.5,watermelon,watermelon,watermelon,74,"['watermelon', 'muskmelon', 'ribbed gourd']","[74, 16, 7]"
7.4,26.8,79.5,91.3,59.7,56.9,tinda,tinda,tinda,43,"['tinda', 'cotton', 'annual moringa']","[43, 22, 19]"
6.4,19.8,65.4,99.9,53.7,59.7,small onion,small onion,small onion,64,"['small onion', 'sugarbeet', 'carrot']","[64, 18, 6]"
6.4,25.1,18.1,32.3,26.0,26.5,varagu,varagu,varagu,62,"['varagu', 'thinai', 'panivaragu']","[62, 22, 8]"
6.7,19.1,82.7,120.9,54.2,102.2,tomato,tomato,tomato,77,"['tomato', 'brinjal', 'onion']","[77, 19, 2]"
6.5,10.6,95.9,66.7,52.7,41.9,radish,radish,radish,96,"['radish', 'cauliflower', 'sorghum']","[96, 2, 2]"
6.1,18.0,98.9,96.0,56.5,58.7,beetroot,beetroot,beetroot,57,"['beetroot', 'radish', 'cauliflower']","[57, 40, 3]"
6.3,19.1,66.3,110.5,68.9,77.7,carrot,carrot,carrot,70,"['carrot', 'sugarbeet', 'maize']","[70, 26, 3]"
5.7,25.8,58.1,93.1,44.9,46.5,tapoica,tapoica,tapoica,98,"['tapoica', 'rice', 'wheat']","[98, 2, 0]"
5.7,22.7,75.2,75.2,40.5,47.2,vegetable cowpea,vegetable cowpea,vegetable cowpea,64,"['vegetable cowpea', 'french bean', 'chowchow']","[64, 27, 7]"
7.6,24.8,86.1,53.2,25.4,38.6,sunflower,sunflower,sunflower,52,"['sunflower', 'castor', 'pearl millet']","[52, 42, 4]"
6.4,36.6,17.3,36.5,20.9,29.5,panivaragu,panivaragu,panivaragu,95,"['panivaragu', 'blackgram', 'thinai']","[95, 4, 0]"
6.5,26.7,66.1,43.1,35.7,39.3,horsegram,horsegram,horsegram,80,"['horsegram', 'bengalgram', 'greengram']","[80, 11, 5]"
7.2,37.3,56.2,47.1,22.1,32.7,horsegram,horsegram,horsegram,100,"['horsegram', 'greengram', 'blackgram']","[100, 0, 0]"
6.5,32.7,88.6,49.5,23.9,31.5,pearl millet,pearl millet,pearl millet,89,"['pearl millet', 'soyabean', 'gingely']","[89, 9, 1]"
6.6,26.2,85.4,29.9,32.4,33.8,gingely,gingely,gingely,100,"['gingely', 'pearl millet', 'castor']","[100, 0, 0]"
7.3,23.7,90.0,137.1,67.2,102.9,brinjal,brinjal,brinjal,95,"['brinjal', 'capsicum', 'tomato']","[95, 4, 1]"
7.6,15.2,73.2,124.7,69.0,75.1,sugarbeet,sugarbeet,sugarbeet,100,"['sugarbeet', 'maize', 'carrot']","[100, 0, 0]"
6.0,22.2,86.7,107.7,50.6,47.0,sweet potato,sweet potato,sweet potato,100,"['sweet potato', 'vegetable cowpea', 'peas']","[100, 0, 0]"
6.6,24.4,60.0,94.5,56.0,86.5,ash gourd,ash gourd,pumpkin,59,"['pumpkin', 'ash gourd', 'watermelon']","[59, 41, 0]"
6.1,21.9,78.7,67.8,44.7,95.6,bottle gourd,bottle gourd,bottle gourd,96,"['bottle gourd', 'snake gourd', 'bitter gourd']","[96, 2, 1]"
6.7,21.7,54.6,104.6,44.2,49.1,wheat,wheat,wheat,100,"['wheat', 'rice', 'peas']","[100, 0, 0]"
5.6,22.1,98.7,54.2,28.0,26.2,castor,castor,castor,97,"['castor', 'pearl millet', 'sunflower']","[97, 2, 1]"
6.9,23.5,65.4,73.8,59.5,49.6,small onion,small onion,small onion,57,"['small onion', 'groundnut', 'cucumber']","[57, 35, 6]"
6.3,19.6,78.9,92.9,59.3,91.8,bottle gourd,bottle gourd,bottle gourd,96,"['bottle gourd', 'snake gourd', 'onion']","[96, 1, 1]"
5.9,28.8,94.4,110.6,62.7,108.4,capsicum,capsicum,capsicum,98,"['capsicum', 'brinjal', 'cabbage']","[98, 1, 1]"
7.2,29.8,62.1,85.9,49.4,56.8,cucumber,cucumber,cucumber,85,"['cucumber', 'rice', 'tapoica']","[85, 11, 3]"
6.4,21.3,76.5,74.7,59.1,54.5,chowchow,chowchow,chowchow,88,"['chowchow', 'small onion', 'bottle gourd']","[88, 4, 3]"
7.0,23.5,89.4,48.7,24.4,23.5,sunflower,sunflower,sunflower,63,"['sunflower', 'castor', 'pearl millet']","[63, 26, 8]"
6.6,34.6,19.9,34.6,21.2,20.6,panivaragu,panivaragu,panivaragu,89,"['panivaragu', 'blackgram', 'thinai']","[89, 7, 2]"
7.5,28.3,97.9,37.6,23.6,32.3,gingely,gingely,gingely,100,"['gingely', 'castor', 'pearl millet']","[100, 0, 0]"
7.7,23.8,84.3,89.6,55.3,54.8,cluster bean,cluster bean,cluster bean,72,"['cluster bean', 'cotton', 'peas']","[72, 26, 1]"
6.4,29.0,57.3,95.9,74.3,94.2,ash gourd,ash gourd,ash gourd,100,"['ash gourd', 'pumpkin', 'tapoica']","[100, 0, 0]"
6.8,15.9,62.1,93.2,77.3,84.3,carrot,carrot,carrot,99,"['carrot', 'pumpkin', 'sugarbeet']","[99, 1, 0]"
6.7,21.1,76.0,161.4,77.3,143.5,sugarcane,sugarcane,sugarcane,97,"['sugarcane', 'tomato', 'maize']","[97, 2, 1]"
7.0,27.1,88.6,82.7,51.6,94.6,bitter gourd,bitter gourd,bitter gourd,90,"['bitter gourd', 'ribbed gourd', 'muskmelon']","[90, 4, 2]"
6.0,25.5,60.0,47.8,22.2,25.2,bengalgram,bengalgram,bengalgram,95,"['bengalgram', 'cowpea', 'horsegram']","[95, 2, 2]"
6.4,23.3,50.6,35.8,28.2,39.9,cowpea,cowpea,cowpea,97,"['cowpea', 'thinai', 'panivaragu']","[97, 1, 1]"
6.7,27.0,18.7,39.7,22.9,25.0,thinai,thinai,thinai,51,"['thinai', 'varagu', 'panivaragu']","[51, 21, 16]"
6.6,26.5,79.4,119.3,72.4,106.3,chillies,chillies,chillies,70,"['chillies', 'tomato', 'onion']","[70, 27, 1]"
7.5,32.4,82.2,87.0,48.4,43.8,annual moringa,annual moringa,annual moringa,78,"['annual moringa', 'jute', 'tinda']","[78, 11, 4]"
8.0,24.7,79.8,92.0,41.5,59.6,cluster bean,cluster bean,cluster bean,60,"['cluster bean', 'cotton', 'rice']","[60, 31, 4]"
7.0,31.2,76.3,91.3,46.6,92.4,ribbed gourd,ribbed gourd,muskmelon,69,"['muskmelon', 'ribbed gourd', 'bitter gourd']","[69, 30, 1]"
6.7,32.6,82.1,96.7,74.9,78.0,ribbed gourd,ribbed gourd,ribbed gourd,89,"['ribbed gourd', 'bitter gourd', 'muskmelon']","[89, 5, 5]"
7.8,18.4,15.3,31.8,27.9,26.6,ragi,ragi,ragi,98,"['ragi', 'blackgram', 'panivaragu']","[98, 1, 1]"
5.5,19.4,76.0,68.6,50.7,43.7,chowchow,chowchow,chowchow,59,"['chowchow', 'french bean', 'vegetable cowpea']","[59, 35, 5]"
7.4,25.2,66.9,70.4,47.8,59.3,cucumber,cucumber,cucumber,86,"['cucumber', 'groundnut', 'rice']","[86, 5, 4]"
8.0,34.4,77.3,92.7,48.1,46.4,annual moringa,annual moringa,annual moringa,66,"['annual moringa', 'rice', 'jute']","[66, 24, 7]"
6.6,31.9,80.3,70.8,41.3,49.7,elephant foot yam,elephant foot yam,elephant foot yam,66,"['elephant foot yam', 'jute', 'tinda']","[66, 23, 7]"
6.8,28.8,80.1,80.0,46.3,77.5,ribbed gourd,ribbed gourd,bitter gourd,43,"['bitter gourd', 'ribbed gourd', 'muskmelon']","[43, 36, 17]"
6.7,29.5,77.2,52.5,35.4,36.1,redgram,redgram,redgram,75,"['redgram', 'horsegram', 'soyabean']","[75, 14, 8]"
5.9,26.3,50.1,38.7,38.8,24.5,cowpea,cowpea,cowpea,88,"['cowpea', 'varagu', 'thinai']","[88, 8, 2]"
6.5,14.6,83.5,88.6,47.1,53.7,peas,peas,peas,93,"['peas', 'french bean', 'chowchow']","[93, 4, 2]"
6.2,18.0,64.8,90.2,42.5,61.0,pumpkin,pumpkin,pumpkin,51,"['pumpkin', 'small onion', 'carrot']","[51, 37, 8]"
7.4,14.1,18.0,39.5,24.2,28.0,ragi,ragi,ragi,97,"['ragi', 'panivaragu', 'blackgram']","[97, 3, 0]"
5.6,21.1,68.8,167.8,81.3,63.4,maize,maize,maize,100,"['maize', 'sugarbeet', 'carrot']","[100, 0, 0]"
7.3,21.7,76.0,69.9,44.0,59.0,cluster bean,cluster bean,cluster bean,98,"['cluster bean', 'cotton', 'peas']","[98, 1, 0]"
7.0,22.6,78.7,185.7,76.1,139.9,sugarcane,sugarcane,sugarcane,98,"['sugarcane', 'tomato', 'maize']","[98, 2, 0]"
6.0,23.7,76.2,82.1,52.7,49.9,french bean,french bean,vegetable cowpea,57,"['vegetable cowpea', 'french bean', 'rice']","[57, 20, 8]"
6.9,23.3,93.3,74.0,21.3,27.1,sunflower,sunflower,sunflower,66,"['sunflower', 'castor', 'soyabean']","[66, 28, 6]"
6.7,28.8,57.8,92.0,43.3,57.0,tapoica,tapoica,tapoica,96,"['tapoica', 'cucumber', 'rice']","[96, 3, 1]"
6.4,26.1,96.9,110.7,67.8,110.0,bhendi,bhendi,bhendi,87,"['bhendi', 'cabbage', 'capsicum']","[87, 10, 2]"
6.1,23.0,62.5,138.0,68.2,83.7,maize,maize,maize,95,"['maize', 'sugarbeet', 'pumpkin']","[95, 3, 1]"
6.5,20.0,15.6,45.5,38.8,36.9,kudiraivali,kudiraivali,kudiraivali,100,"['kudiraivali', 'blackgram', 'thinai']","[100, 0, 0]"
6.8,27.3,84.3,65.4,51.2,47.3,tinda,tinda,tinda,58,"['tinda', 'elephant foot yam', 'jute']","[58, 37, 3]"
5.5,15.4,91.0,134.9,74.4,97.9,capsicum,capsicum,capsicum,71,"['capsicum', 'cabbage', 'brinjal']","[71, 29, 0]"
5.5,20.7,83.5,95.1,45.0,56.6,chowchow,chowchow,chowchow,48,"['chowchow', 'french bean', 'vegetable cowpea']","[48, 31, 11]"
7.0,23.2,97.2,62.0,38.4,23.5,sunflower,sunflower,sunflower,74,"['sunflower', 'castor', 'soyabean']","[74, 24, 1]"
6.5,26.2,59.0,77.2,41.2,49.1,tapoica,tapoica,tapoica,93,"['tapoica', 'cucumber', 'groundnut']","[93, 5, 0]"
6.3,25.5,80.3,154.0,87.2,77.9,maize,maize,maize,99,"['maize', 'chillies', 'sugarbeet']","[99, 0, 0]"
5.6,20.0,18.3,44.7,29.4,29.8,kudiraivali,kudiraivali,kudiraivali,99,"['kudiraivali', 'cowpea', 'ragi']","[99, 0, 0]"
6.3,26.8,16.8,34.0,21.3,23.5,thinai,thinai,varagu,80,"['varagu', 'thinai', 'panivaragu']","[80, 12, 4]"
7.0,31.6,62.5,71.4,58.2,46.8,cucumber,cucumber,cucumber,90,"['cucumber', 'groundnut', 'tapoica']","[90, 8, 1]"
6.6,27.5,87.0,98.7,52.9,87.9,bitter gourd,bitter gourd,bitter gourd,71,"['bitter gourd', 'brinjal', 'watermelon']","[71, 11, 5]"
7.0,28.9,75.1,106.1,79.0,103.9,tomato,tomato,tomato,78,"['tomato', 'chillies', 'muskmelon']","[78, 19, 1]"
6.7,34.0,82.1,88.4,54.4,49.8,elephant foot yam,elephant foot yam,elephant foot yam,66,"['elephant foot yam', 'annual moringa', 'jute']","[66, 26, 3]"
5.7,23.0,18.1,31.8,26.2,20.1,thinai,thinai,thinai,55,"['thinai', 'ragi', 'panivaragu']","[55, 21, 15]"
6.6,15.6,95.4,92.1,50.1,49.8,cauliflower,cauliflower,cauliflower,54,"['cauliflower', 'radish', 'beetroot']","[54, 44, 1]"
7.6,22.7,76.3,199.5,98.0,138.4,sugarcane,sugarcane,sugarcane,100,"['sugarcane', 'tomato', 'sugarbeet']","[100, 0, 0]"
7.6,28.2,89.4,105.2,44.5,50.5,cotton,cotton,cotton,82,"['cotton', 'peas', 'annual moringa']","[82, 13, 3]"
6.5,31.3,52.3,49.0,35.9,20.7,horsegram,horsegram,horsegram,86,"['horsegram', 'cowpea', 'bengalgram']","[86, 12, 1]"
5.5,14.4,78.5,73.8,51.9,40.8,french bean,french bean,french bean,99,"['french bean', 'chowchow', 'vegetable cowpea']","[99, 1, 0]"
5.9,25.5,77.5,60.1,50.8,50.0,vegetable cowpea,vegetable cowpea,vegetable cowpea,63,"['vegetable cowpea', 'french bean', 'elephant foot yam']","[63, 27, 8]"
6.3,39.7,52.4,41.3,31.7,33.3,horsegram,horsegram,horsegram,97,"['horsegram', 'groundnut', 'cowpea']","[97, 1, 1]"
6.2,26.8,95.5,109.2,78.1,119.7,bhendi,bhendi,bhendi,67,"['bhendi', 'capsicum', 'cabbage']","[67, 17, 15]"
6.7,31.5,80.0,82.5,59.3,89.8,ribbed gourd,ribbed gourd,ribbed gourd,53,"['ribbed gourd', 'muskmelon', 'bitter gourd']","[53, 43, 3]"
5.9,18.8,76.2,92.5,46.0,42.8,chowchow,chowchow,chowchow,71,"['chowchow', 'french bean', 'vegetable cowpea']","[71, 25, 3]"
6.6,15.5,95.5,111.9,58.5,59.0,cauliflower,cauliflower,cauliflower,97,"['cauliflower', 'radish', 'peas']","[97, 3, 0]"
6.7,17.1,70.4,86.3,47.7,46.4,small onion,small onion,small onion,87,"['small onion', 'peas', 'groundnut']","[87, 12, 1]"
6.3,25.7,60.0,56.3,29.0,39.2,bengalgram,bengalgram,bengalgram,94,"['bengalgram', 'horsegram', 'cowpea']","[94, 4, 2]"
7.0,21.8,64.8,81.4,66.3,87.9,pumpkin,pumpkin,pumpkin,98,"['pumpkin', 'carrot', 'ash gourd']","[98, 1, 0]"
6.7,17.8,70.8,105.4,78.7,68.3,sugarbeet,sugarbeet,sugarbeet,84,"['sugarbeet', 'carrot', 'maize']","[84, 15, 1]"
6.4,19.6,90.7,102.4,74.9,104.6,capsicum,capsicum,cabbage,58,"['cabbage', 'capsicum', 'brinjal']","[58, 36, 5]"
6.3,26.5,80.8,84.3,50.1,60.4,watermelon,watermelon,watermelon,50,"['watermelon', 'bottle gourd', 'bitter gourd']","[50, 17, 10]"
5.6,40.6,88.3,45.5,24.6,32.0,pearl millet,pearl millet,pearl millet,100,"['pearl millet', 'gingely', 'soyabean']","[100, 0, 0]"
6.8,11.1,83.0,86.7,50.4,51.3,peas,peas,peas,100,"['peas', 'french bean', 'cauliflower']","[100, 0, 0]"
6.4,18.6,64.8,100.5,87.9,93.8,carrot,carrot,carrot,99,"['carrot', 'pumpkin', 'maize']","[99, 1, 0]"
6.5,21.8,18.0,31.8,26.1,23.5,panivaragu,panivaragu,thinai,58,"['thinai', 'ragi', 'panivaragu']","[58, 19, 17]"
6.7,22.5,82.0,78.3,26.5,26.9,sunflower,sunflower,sunflower,48,"['sunflower', 'soyabean', 'castor']","[48, 32, 18]"
6.5,23.8,89.3,57.0,39.2,34.0,pearl millet,pearl millet,castor,33,"['castor', 'sunflower', 'soyabean']","[33, 30, 25]"
7.6,30.0,84.7,102.6,42.1,54.5,annual moringa,annual moringa,annual moringa,70,"['annual moringa', 'cotton', 'tinda']","[70, 17, 8]"
6.1,26.6,17.1,39.6,20.8,22.7,varagu,varagu,varagu,78,"['varagu', 'thinai', 'panivaragu']","[78, 12, 5]"
6.0,26.3,80.1,102.1,54.6,66.3,watermelon,watermelon,watermelon,91,"['watermelon', 'chillies', 'bottle gourd']","[91, 3, 2]"
6.0,29.2,82.8,132.9,54.1,96.3,chillies,chillies,chillies,97,"['chillies', 'brinjal', 'tomato']","[97, 1, 1]"
8.2,24.8,84.3,85.8,42.1,57.6,cluster bean,cluster bean,cluster bean,83,"['cluster bean', 'cotton', 'annual moringa']","[83, 15, 1]"
6.5,29.1,81.5,61.2,54.5,44.3,elephant foot yam,elephant foot yam,elephant foot yam,62,"['elephant foot yam', 'tinda', 'jute']","[62, 32, 3]"
5.8,26.1,91.7,124.2,60.7,114.1,capsicum,capsicum,capsicum,96,"['capsicum', 'cabbage', 'brinjal']","[96, 1, 1]"
6.1,25.8,90.2,135.7,67.6,99.0,capsicum,capsicum,capsicum,55,"['capsicum', 'cabbage', 'brinjal']","[55, 23, 11]"
6.2,23.1,83.9,141.4,52.7,105.8,onion,onion,onion,73,"['onion', 'chillies', 'brinjal']","[73, 23, 2]"
7.0,34.1,91.5,28.1,38.8,35.2,gingely,gingely,gingely,100,"['gingely', 'pearl millet', 'sorghum']","[100, 0, 0]"
5.8,25.9,81.5,85.9,51.4,52.1,vegetable cowpea,vegetable cowpea,vegetable cowpea,54,"['vegetable cowpea', 'french bean', 'elephant foot yam']","[54, 22, 21]"
6.6,32.2,92.1,64.0,58.9,55.7,sorghum,sorghum,sorghum,99,"['sorghum', 'elephant foot yam', 'bitter gourd']","[99, 0, 0]"
6.2,23.1,88.1,118.2,53.7,56.4,sweet potato,sweet potato,sweet potato,100,"['sweet potato', 'peas', 'snake gourd']","[100, 0, 0]"
5.8,34.4,17.0,31.3,21.9,26.6,panivaragu,panivaragu,panivaragu,96,"['panivaragu', 'thinai', 'blackgram']","[96, 2, 1]"
6.2,22.6,57.5,104.2,47.2,47.8,wheat,wheat,wheat,100,"['wheat', 'rice', 'small onion']","[100, 0, 0]"
6.8,27.5,56.8,96.5,50.2,47.8,tapoica,tapoica,tapoica,97,"['tapoica', 'cucumber', 'rice']","[97, 2, 1]"
6.5,24.4,87.0,74.7,53.0,84.4,snake gourd,snake gourd,snake gourd,91,"['snake gourd', 'bitter gourd', 'bottle gourd']","[91, 5, 4]"
6.4,20.4,98.5,97.5,50.7,41.7,beetroot,beetroot,beetroot,96,"['beetroot', 'cauliflower', 'radish']","[96, 3, 1]"
5.6,16.0,99.9,60.7,46.7,41.2,radish,radish,radish,99,"['radish', 'sorghum', 'beetroot']","[99, 1, 0]"
5.5,27.9,16.5,31.7,26.9,27.7,thinai,thinai,thinai,46,"['thinai', 'varagu', 'panivaragu']","[46, 27, 20]"
6.7,22.0,83.7,59.2,29.9,26.6,sunflower,sunflower,sunflower,51,"['sunflower', 'redgram', 'soyabean']","[51, 20, 16]"
6.7,28.9,80.3,52.3,36.4,21.9,soyabean,soyabean,redgram,82,"['redgram', 'soyabean', 'horsegram']","[82, 9, 4]"
5.7,25.2,82.8,63.1,50.6,48.4,french bean,french bean,vegetable cowpea,57,"['vegetable cowpea', 'french bean', 'elephant foot yam']","[57, 23, 19]"
6.3,16.5,71.1,92.7,42.7,54.3,small onion,small onion,small onion,95,"['small onion', 'peas', 'french bean']","[95, 4, 0]"
6.6,21.8,87.8,88.9,77.2,85.5,snake gourd,snake gourd,snake gourd,96,"['snake gourd', 'bottle gourd', 'brinjal']","[96, 2, 1]"
6.0,20.1,78.3,98.4,41.3,97.3,bottle gourd,bottle gourd,bottle gourd,61,"['bottle gourd', 'onion', 'chillies']","[61, 35, 1]"
6.2,15.3,68.4,83.5,96.7,81.5,carrot,carrot,carrot,100,"['carrot', 'pumpkin', 'sugarbeet']","[100, 0, 0]"
6.8,29.6,90.0,115.0,58.2,80.2,brinjal,brinjal,brinjal,77,"['brinjal', 'capsicum', 'bitter gourd']","[77, 14, 6]"
7.2,27.9,81.0,104.3,53.9,46.9,cotton,cotton,annual moringa,52,"['annual moringa', 'cotton', 'peas']","[52, 28, 12]"
6.7,15.1,63.9,111.8,94.5,65.4,carrot,carrot,carrot,100,"['carrot', 'sugarbeet', 'maize']","[100, 0, 0]"
6.5,25.6,62.6,80.5,61.8,62.9,ash gourd,ash gourd,ash gourd,53,"['ash gourd', 'pumpkin', 'tapoica']","[53, 45, 1]"
6.0,20.6,98.2,63.4,51.7,54.1,beetroot,beetroot,beetroot,88,"['beetroot', 'sorghum', 'radish']","[88, 12, 1]"
7.6,34.7,17.4,36.4,25.0,21.1,blackgram,blackgram,blackgram,79,"['blackgram', 'samai', 'panivaragu']","[79, 16, 5]"
6.8,28.0,78.5,139.6,40.6,117.7,tomato,tomato,chillies,57,"['chillies', 'tomato', 'muskmelon']","[57, 41, 1]"
6.3,20.0,17.8,48.9,37.7,28.2,kudiraivali,kudiraivali,kudiraivali,99,"['kudiraivali', 'cowpea', 'thinai']","[99, 0, 0]"
6.2,15.1,93.7,103.7,97.4,98.6,cabbage,cabbage,cabbage,99,"['cabbage', 'capsicum', 'brinjal']","[99, 1, 0]"
6.3,18.8,99.7,68.3,40.3,52.5,beetroot,beetroot,beetroot,93,"['beetroot', 'sorghum', 'radish']","[93, 5, 2]"
6.2,20.0,19.4,46.5,27.6,30.5,kudiraivali,kudiraivali,kudiraivali,98,"['kudiraivali', 'cowpea', 'thinai']","[98, 1, 0]"
5.5,20.2,54.3,46.0,33.7,21.6,cowpea,cowpea,cowpea,74,"['cowpea', 'bengalgram', 'kudiraivali']","[74, 17, 8]"
6.1,15.7,98.6,67.2,40.9,40.6,radish,radish,radish,87,"['radish', 'sorghum', 'beetroot']","[87, 10, 3]"
6.6,27.6,76.4,126.0,75.7,118.7,tomato,tomato,chillies,65,"['chillies', 'tomato', 'sugarcane']","[65, 30, 4]"
6.2,14.3,99.0,138.2,95.7,102.4,cabbage,cabbage,cabbage,100,"['cabbage', 'capsicum', 'bhendi']","[100, 0, 0]"
6.1,26.7,78.4,105.5,49.7,115.4,chillies,chillies,chillies,85,"['chillies', 'watermelon', 'tomato']","[85, 10, 2]"
7.1,22.7,81.9,112.9,52.4,101.0,tomato,tomato,tomato,93,"['tomato', 'watermelon', 'brinjal']","[93, 3, 3]"
6.7,14.8,97.1,84.0,56.5,40.2,cauliflower,cauliflower,radish,51,"['radish', 'cauliflower', 'beetroot']","[51, 48, 1]"
6.7,26.9,90.1,82.6,47.3,68.3,bitter gourd,bitter gourd,bitter gourd,82,"['bitter gourd', 'snake gourd', 'watermelon']","[82, 16, 0]"
5.6,15.8,16.1,39.5,20.1,27.1,ragi,ragi,ragi,61,"['ragi', 'panivaragu', 'kudiraivali']","[61, 37, 1]"
7.4,15.1,83.6,97.4,58.7,51.6,peas,peas,peas,99,"['peas', 'cluster bean', 'cotton']","[99, 0, 0]"
6.9,25.1,69.2,198.2,81.5,124.7,sugarcane,sugarcane,sugarcane,100,"['sugarcane', 'maize', 'tomato']","[100, 0, 0]"
7.1,24.4,87.0,115.0,50.6,53.1,cotton,cotton,cotton,61,"['cotton', 'peas', 'sweet potato']","[61, 33, 5]"
6.3,22.4,99.0,77.0,58.8,51.3,sorghum,sorghum,sorghum,65,"['sorghum', 'beetroot', 'cauliflower']","[65, 30, 4]"
7.6,27.4,82.0,105.9,46.6,50.3,annual moringa,annual moringa,annual moringa,60,"['annual moringa', 'cotton', 'peas']","[60, 34, 3]"
7.3,15.8,81.0,49.7,35.6,32.4,pearl millet,pearl millet,pearl millet,95,"['pearl millet', 'soyabean', 'sunflower']","[95, 4, 0]"
5.7,20.0,15.3,44.2,36.8,28.5,kudiraivali,kudiraivali,kudiraivali,99,"['kudiraivali', 'thinai', 'ragi']","[99, 0, 0]"
6.4,27.8,92.7,149.4,74.6,96.4,capsicum,capsicum,capsicum,87,"['capsicum', 'brinjal', 'cabbage']","[87, 6, 4]"
6.8,20.2,94.3,137.1,56.1,118.4,capsicum,capsicum,capsicum,94,"['capsicum', 'brinjal', 'cabbage']","[94, 5, 1]"
5.6,26.4,19.4,31.8,24.3,24.7,varagu,varagu,varagu,78,"['varagu', 'thinai', 'ragi']","[78, 10, 7]"
6.8,25.9,99.3,69.8,45.3,54.2,sorghum,sorghum,sorghum,97,"['sorghum', 'cauliflower', 'beetroot']","[97, 2, 0]"
6.0,17.8,97.7,94.5,40.8,55.9,radish,radish,radish,89,"['radish', 'beetroot', 'cauliflower']","[89, 9, 1]"
6.2,36.6,70.1,55.1,22.2,30.5,horsegram,horsegram,horsegram,99,"['horsegram', 'soyabean', 'bengalgram']","[99, 1, 0]"
7.5,25.7,78.5,74.5,56.4,44.0,tinda,tinda,tinda,69,"['tinda', 'cluster bean', 'cotton']","[69, 18, 5]"
7.1,28.8,76.7,64.7,44.2,57.6,tinda,tinda,tinda,94,"['tinda', 'jute', 'ribbed gourd']","[94, 2, 2]"
6.9,26.1,76.7,54.8,28.5,21.4,redgram,redgram,redgram,84,"['redgram', 'soyabean', 'horsegram']","[84, 9, 6]"
6.7,30.5,94.6,29.5,25.9,34.9,gingely,gingely,gingely,100,"['gingely', 'pearl millet', 'soyabean']","[100, 0, 0]"
7.4,26.7,66.8,165.4,60.1,135.0,sugarcane,sugarcane,sugarcane,100,"['sugarcane', 'maize', 'tomato']","[100, 0, 0]"
6.0,26.7,16.9,34.3,20.7,25.5,panivaragu,panivaragu,varagu,81,"['varagu', 'thinai', 'panivaragu']","[81, 12, 4]"
6.8,29.6,82.3,93.6,46.5,51.9,elephant foot yam,elephant foot yam,tinda,43,"['tinda', 'elephant foot yam', 'annual moringa']","[43, 24, 20]"
6.5,15.8,67.2,108.4,92.6,63.6,carrot,carrot,carrot,98,"['carrot', 'sugarbeet', 'maize']","[98, 2, 0]"
7.0,23.3,17.6,37.7,24.9,25.3,thinai,thinai,thinai,37,"['thinai', 'ragi', 'blackgram']","[37, 29, 22]"
6.3,20.0,17.4,49.5,38.7,21.7,kudiraivali,kudiraivali,kudiraivali,100,"['kudiraivali', 'cowpea', 'thinai']","[100, 0, 0]"
5.8,21.8,77.1,113.1,53.2,81.7,onion,onion,onion,95,"['onion', 'chillies', 'maize']","[95, 2, 1]"
6.1,21.5,60.0,58.8,32.2,27.0,bengalgram,bengalgram,bengalgram,97,"['bengalgram', 'cowpea', 'soyabean']","[97, 2, 0]"
7.3,12.0,17.0,32.5,23.2,29.2,ragi,ragi,ragi,97,"['ragi', 'panivaragu', 'blackgram']","[97, 3, 0]"
6.0,7.2,97.6,141.0,70.9,80.0,cabbage,cabbage,cabbage,99,"['cabbage', 'capsicum', 'cauliflower']","[99, 1, 0]"
6.1,25.6,72.1,73.4,58.0,84.1,ash gourd,ash gourd,ash gourd,72,"['ash gourd', 'pumpkin', 'bottle gourd']","[72, 11, 9]"
6.7,16.2,99.7,81.6,58.0,59.0,radish,radish,radish,55,"['radish', 'cauliflower', 'beetroot']","[55, 40, 4]"
5.5,25.8,67.2,87.7,59.0,46.0,rice,rice,rice,97,"['rice', 'tapoica', 'french bean']","[97, 1, 1]"
6.1,25.0,98.5,134.3,73.9,93.7,bhendi,bhendi,bhendi,92,"['bhendi', 'cabbage', 'capsicum']","[92, 8, 1]"
7.2,25.6,82.0,68.3,64.1,69.6,ribbed gourd,ribbed gourd,ribbed gourd,88,"['ribbed gourd', 'bitter gourd', 'bottle gourd']","[88, 10, 1]"
5.6,29.7,86.5,28.5,32.9,37.5,gingely,gingely,gingely,100,"['gingely', 'pearl millet', 'castor']","[100, 0, 0]"
6.7,19.0,63.5,64.5,53.1,77.0,pumpkin,pumpkin,pumpkin,99,"['pumpkin', 'groundnut', 'carrot']","[99, 0, 0]"
5.8,13.1,99.2,96.5,44.3,55.3,radish,radish,radish,100,"['radish', 'cauliflower', 'beetroot']","[100, 0, 0]"
6.4,18.7,69.2,129.9,72.2,68.2,sugarbeet,sugarbeet,sugarbeet,67,"['sugarbeet', 'maize', 'carrot']","[67, 26, 7]"
6.3,23.6,89.7,114.0,58.2,52.8,sweet potato,sweet potato,sweet potato,100,"['sweet potato', 'cauliflower', 'peas']","[100, 0, 0]"
5.6,24.6,60.0,40.3,28.5,34.5,bengalgram,bengalgram,bengalgram,81,"['bengalgram', 'cowpea', 'thinai']","[81, 18, 0]"
6.6,25.3,75.1,143.4,40.7,82.3,chillies,chillies,chillies,57,"['chillies', 'tomato', 'watermelon']","[57, 26, 7]"
6.1,10.0,93.7,107.7,82.1,105.2,cabbage,cabbage,cabbage,100,"['cabbage', 'capsicum', 'brinjal']","[100, 0, 0]"
6.6,11.0,98.7,106.8,53.2,52.1,cauliflower,cauliflower,cauliflower,97,"['cauliflower', 'radish', 'peas']","[97, 3, 0]"
7.4,31.0,60.3,65.0,40.0,46.8,cucumber,cucumber,cucumber,96,"['cucumber', 'jute', 'groundnut']","[96, 1, 1]"
6.7,30.4,77.8,90.8,48.1,95.2,muskmelon,muskmelon,muskmelon,64,"['muskmelon', 'ribbed gourd', 'bitter gourd']","[64, 32, 2]"
6.5,46.3,65.0,58.1,57.7,40.4,groundnut,groundnut,groundnut,99,"['groundnut', 'cucumber', 'horsegram']","[99, 0, 0]"
6.5,25.9,96.1,118.8,80.6,89.4,bhendi,bhendi,bhendi,92,"['bhendi', 'cabbage', 'capsicum']","[92, 6, 1]"
7.2,19.7,75.6,140.1,65.3,98.5,tomato,tomato,tomato,96,"['tomato', 'sugarbeet', 'maize']","[96, 3, 1]"
6.7,26.7,82.2,54.6,29.9,32.0,soyabean,soyabean,redgram,57,"['redgram', 'soyabean', 'pearl millet']","[57, 22, 12]"
6.7,30.4,64.4,37.3,30.2,27.1,greengram,greengram,greengram,99,"['greengram', 'horsegram', 'bengalgram']","[99, 1, 0]"
6.4,18.9,99.7,84.8,45.0,59.6,beetroot,beetroot,beetroot,96,"['beetroot', 'radish', 'cauliflower']","[96, 2, 1]"
6.2,26.2,97.6,133.9,97.8,114.8,bhendi,bhendi,bhendi,87,"['bhendi', 'cabbage', 'capsicum']","[87, 13, 0]"
6.4,19.3,98.0,124.9,81.5,106.1,cabbage,cabbage,cabbage,98,"['cabbage', 'capsicum', 'bhendi']","[98, 1, 0]"
6.4,24.6,51.1,80.9,70.6,91.7,ash gourd,ash gourd,ash gourd,97,"['ash gourd', 'pumpkin', 'bottle gourd']","[97, 3, 0]"
6.6,26.7,86.7,94.7,77.4,83.9,snake gourd,snake gourd,bitter gourd,70,"['bitter gourd', 'snake gourd', 'bottle gourd']","[70, 26, 1]"
6.7,29.4,77.4,42.1,28.4,33.5,redgram,redgram,redgram,76,"['redgram', 'horsegram', 'soyabean']","[76, 21, 2]"
6.4,24.6,89.7,44.7,20.7,23.4,castor,castor,castor,46,"['castor', 'pearl millet', 'soyabean']","[46, 40, 8]"
7.2,21.3,75.7,105.0,54.6,90.0,tomato,tomato,tomato,92,"['tomato', 'watermelon', 'sugarbeet']","[92, 3, 3]"
7.9,23.5,90.8,77.8,23.2,21.7,castor,castor,sunflower,64,"['sunflower', 'castor', 'soyabean']","[64, 36, 0]"
7.0,41.1,65.0,75.9,40.9,57.1,groundnut,groundnut,groundnut,96,"['groundnut', 'cucumber', 'rice']","[96, 4, 0]"
7.1,38.5,56.1,54.4,25.7,24.6,horsegram,horsegram,horsegram,100,"['horsegram', 'greengram', 'panivaragu']","[100, 0, 0]"
7.4,24.2,83.2,92.6,47.6,53.5,cluster bean,cluster bean,cluster bean,60,"['cluster bean', 'cotton', 'peas']","[60, 28, 8]"
7.2,22.4,92.5,71.3,41.2,55.2,sorghum,sorghum,sorghum,99,"['sorghum', 'sunflower', 'cluster bean']","[99, 0, 0]"
6.3,18.4,81.6,89.8,48.3,51.4,chowchow,chowchow,chowchow,91,"['chowchow', 'peas', 'french bean']","[91, 4, 3]"
5.5,14.3,95.4,86.9,41.4,48.1,radish,radish,radish,100,"['radish', 'cauliflower', 'beetroot']","[100, 0, 0]"
5.8,20.4,84.3,77.0,42.6,53.2,vegetable cowpea,vegetable cowpea,chowchow,53,"['chowchow', 'french bean', 'vegetable cowpea']","[53, 23, 19]"
6.1,23.0,79.2,133.1,73.3,116.7,onion,onion,onion,84,"['onion', 'chillies', 'maize']","[84, 15, 1]"
7.3,22.7,81.6,97.1,56.4,48.9,cluster bean,cluster bean,cluster bean,63,"['cluster bean', 'cotton', 'peas']","[63, 26, 10]"
7.1,29.5,76.2,91.6,57.2,53.7,tinda,tinda,tinda,44,"['tinda', 'annual moringa', 'cotton']","[44, 30, 14]"
6.4,21.1,88.9,75.2,48.9,91.1,snake gourd,snake gourd,snake gourd,99,"['snake gourd', 'bottle gourd', 'bitter gourd']","[99, 1, 0]"
7.4,28.1,61.5,72.2,52.5,57.6,cucumber,cucumber,cucumber,95,"['cucumber', 'tapoica', 'rice']","[95, 2, 1]"
6.8,32.7,77.2,97.3,47.4,74.4,muskmelon,muskmelon,muskmelon,71,"['muskmelon', 'ribbed gourd', 'bitter gourd']","[71, 26, 1]"
7.2,25.6,82.4,79.4,49.9,43.4,tinda,tinda,tinda,65,"['tinda', 'cotton', 'annual moringa']","[65, 12, 6]"
6.6,37.0,75.9,56.6,24.4,20.4,horsegram,horsegram,horsegram,90,"['horsegram', 'soyabean', 'pearl millet']","[90, 5, 3]"
6.3,20.0,16.4,57.1,36.2,39.2,kudiraivali,kudiraivali,kudiraivali,100,"['kudiraivali', 'cowpea', 'thinai']","[100, 0, 0]"
6.3,22.3,78.2,106.8,67.5,63.2,sugarbeet,sugarbeet,sugarbeet,81,"['sugarbeet', 'onion', 'maize']","[81, 8, 6]"
5.7,22.2,78.9,99.3,57.4,51.3,french bean,french bean,vegetable cowpea,57,"['vegetable cowpea', 'french bean', 'chowchow']","[57, 22, 13]"
5.6,22.8,96.8,47.5,32.0,39.7,castor,castor,castor,94,"['castor', 'pearl millet', 'sunflower']","[94, 5, 0]"
6.6,23.5,74.8,66.5,50.2,47.4,small onion,small onion,small onion,84,"['small onion', 'cluster bean', 'tinda']","[84, 7, 4]"
6.1,24.4,89.6,109.1,40.5,42.3,sweet potato,sweet potato,sweet potato,99,"['sweet potato', 'cauliflower', 'jute']","[99, 1, 0]"
7.1,25.6,82.2,107.4,53.7,95.4,tomato,tomato,watermelon,53,"['watermelon', 'muskmelon', 'tomato']","[53, 23, 21]"
6.0,26.9,75.2,80.7,53.2,40.5,vegetable cowpea,vegetable cowpea,vegetable cowpea,44,"['vegetable cowpea', 'rice', 'french bean']","[44, 23, 15]"
6.4,21.2,77.8,93.0,55.7,52.3,chowchow,chowchow,chowchow,79,"['chowchow', 'rice', 'peas']","[79, 5, 5]"
6.7,25.8,82.7,93.0,52.9,87.0,watermelon,watermelon,watermelon,46,"['watermelon', 'bitter gourd', 'muskmelon']","[46, 21, 15]"
6.8,27.9,79.9,80.5,75.6,74.5,bitter gourd,bitter gourd,bitter gourd,57,"['bitter gourd', 'ribbed gourd', 'bottle gourd']","[57, 40, 1]"
6.5,25.3,79.4,60.9,75.8,85.8,bottle gourd,bottle gourd,bottle gourd,55,"['bottle gourd', 'bitter gourd', 'ribbed gourd']","[55, 28, 14]"
6.5,18.4,90.0,106.2,67.6,94.3,brinjal,brinjal,brinjal,63,"['brinjal', 'capsicum', 'cabbage']","[63, 24, 11]"
6.8,25.2,77.8,63.5,49.6,97.0,ribbed gourd,ribbed gourd,ribbed gourd,49,"['ribbed gourd', 'bitter gourd', 'bottle gourd']","[49, 30, 15]"
7.0,24.5,75.6,82.3,52.6,99.6,watermelon,watermelon,watermelon,66,"['watermelon', 'pumpkin', 'ash gourd']","[66, 23, 3]"
6.0,16.9,68.4,95.3,77.4,65.7,carrot,carrot,carrot,96,"['carrot', 'sugarbeet', 'pumpkin']","[96, 3, 1]"
7.9,24.6,88.7,96.7,43.8,58.3,cotton,cotton,cotton,87,"['cotton', 'cluster bean', 'peas']","[87, 9, 3]"
5.9,26.0,18.7,36.0,24.3,22.1,ragi,ragi,varagu,77,"['varagu', 'thinai', 'ragi']","[77, 12, 6]"
6.8,25.3,76.2,41.7,24.0,30.8,redgram,redgram,redgram,89,"['redgram', 'horsegram', 'soyabean']","[89, 8, 2]"
5.7,20.0,16.4,56.5,32.7,23.2,kudiraivali,kudiraivali,kudiraivali,100,"['kudiraivali', 'thinai', 'ragi']","[100, 0, 0]"
6.0,21.7,94.5,141.5,87.6,99.5,cabbage,cabbage,cabbage,63,"['cabbage', 'bhendi', 'capsicum']","[63, 19, 16]"
6.0,23.8,60.0,56.6,32.6,29.2,bengalgram,bengalgram,bengalgram,98,"['bengalgram', 'cowpea', 'soyabean']","[98, 2, 0]"
6.6,18.8,80.7,52.8,38.9,20.7,redgram,redgram,redgram,80,"['redgram', 'soyabean', 'pearl millet']","[80, 10, 7]"
7.4,26.6,77.0,87.6,44.2,58.7,tinda,tinda,tinda,39,"['tinda', 'cotton', 'annual moringa']","[39, 21, 21]"
5.6,20.0,18.7,47.5,21.2,34.4,kudiraivali,kudiraivali,kudiraivali,99,"['kudiraivali', 'cowpea', 'ragi']","[99, 0, 0]"
6.8,29.4,65.0,71.7,55.9,49.9,groundnut,groundnut,groundnut,59,"['groundnut', 'cucumber', 'tapoica']","[59, 39, 1]"
6.9,20.9,60.0,59.3,22.5,21.9,bengalgram,bengalgram,bengalgram,99,"['bengalgram', 'soyabean', 'kudiraivali']","[99, 1, 0]"
5.5,27.9,82.4,32.2,35.3,36.3,gingely,gingely,gingely,99,"['gingely', 'pearl millet', 'castor']","[99, 1, 0]"
6.2,29.3,80.6,143.7,66.2,93.7,chillies,chillies,chillies,97,"['chillies', 'tomato', 'maize']","[97, 2, 1]"
6.8,31.1,80.5,106.3,48.5,63.1,muskmelon,muskmelon,muskmelon,96,"['muskmelon', 'ribbed gourd', 'annual moringa']","[96, 2, 2]"
7.5,26.9,70.1,98.3,46.9,38.2,jute,jute,jute,45,"['jute', 'rice', 'cotton']","[45, 16, 15]"
6.6,10.5,97.2,89.6,48.8,55.3,radish,radish,cauliflower,68,"['cauliflower', 'radish', 'peas']","[68, 32, 0]"
6.7,29.0,79.2,65.0,58.4,97.6,bitter gourd,bitter gourd,ribbed gourd,56,"['ribbed gourd', 'bitter gourd', 'ash gourd']","[56, 41, 1]"
5.8,25.9,81.5,71.4,58.5,52.5,vegetable cowpea,vegetable cowpea,vegetable cowpea,57,"['vegetable cowpea', 'french bean', 'elephant foot yam']","[57, 22, 20]"
6.3,22.5,84.2,114.3,63.3,90.4,onion,onion,onion,70,"['onion', 'brinjal', 'chillies']","[70, 16, 7]"
6.8,22.2,87.9,63.6,30.3,27.0,sunflower,sunflower,sunflower,63,"['sunflower', 'soyabean', 'castor']","[63, 21, 16]"
6.1,20.0,15.6,45.8,37.2,37.8,kudiraivali,kudiraivali,kudiraivali,100,"['kudiraivali', 'thinai', 'cowpea']","[100, 0, 0]"
6.8,15.9,97.1,110.1,44.9,55.1,cauliflower,cauliflower,cauliflower,98,"['cauliflower', 'radish', 'peas']","[98, 2, 0]"
6.6,32.3,81.5,37.6,39.1,28.7,gingely,gingely,gingely,96,"['gingely', 'pearl millet', 'redgram']","[96, 2, 1]"
6.0,20.0,15.9,47.0,26.0,36.7,kudiraivali,kudiraivali,kudiraivali,99,"['kudiraivali', 'thinai', 'ragi']","[99, 0, 0]"
7.3,15.8,95.8,77.5,51.6,41.5,sorghum,sorghum,sorghum,88,"['sorghum', 'radish', 'cauliflower']","[88, 9, 2]"
6.6,22.3,17.7,22.2,21.9,27.6,blackgram,blackgram,blackgram,84,"['blackgram', 'thinai', 'ragi']","[84, 11, 3]"
6.4,23.5,75.9,86.4,44.2,74.2,bottle gourd,bottle gourd,bottle gourd,63,"['bottle gourd', 'watermelon', 'bitter gourd']","[63, 31, 1]"
5.9,22.3,83.4,65.3,41.1,40.0,vegetable cowpea,vegetable cowpea,vegetable cowpea,52,"['vegetable cowpea', 'french bean', 'chowchow']","[52, 26, 16]"
7.3,22.7,74.6,172.6,77.2,141.9,sugarcane,sugarcane,sugarcane,100,"['sugarcane', 'tomato', 'sugarbeet']","[100, 0, 0]"
7.0,18.2,99.0,84.7,53.3,43.3,beetroot,beetroot,beetroot,90,"['beetroot', 'cauliflower', 'radish']","[90, 7, 2]"
5.9,20.0,15.6,44.1,20.4,28.5,kudiraivali,kudiraivali,kudiraivali,97,"['kudiraivali', 'ragi', 'thinai']","[97, 1, 1]"
6.4,24.8,98.4,115.5,92.8,100.5,bhendi,bhendi,bhendi,89,"['bhendi', 'cabbage', 'capsicum']","[89, 11, 0]"
6.6,32.1,17.7,35.7,21.2,34.0,blackgram,blackgram,blackgram,84,"['blackgram', 'panivaragu', 'thinai']","[84, 15, 1]"
6.9,22.8,82.1,50.8,28.8,38.9,soyabean,soyabean,redgram,42,"['redgram', 'sunflower', 'castor']","[42, 31, 11]"
6.3,24.2,61.2,99.2,66.0,63.6,pumpkin,pumpkin,pumpkin,56,"['pumpkin', 'ash gourd', 'sugarbeet']","[56, 36, 3]"
7.0,33.6,17.6,38.4,25.7,24.0,panivaragu,panivaragu,panivaragu,49,"['panivaragu', 'blackgram', 'thinai']","[49, 49, 1]"
5.7,13.5,97.9,79.2,59.7,44.4,radish,radish,radish,100,"['radish', 'sorghum', 'beetroot']","[100, 0, 0]"
6.2,20.0,76.3,114.5,71.0,70.2,sugarbeet,sugarbeet,sugarbeet,81,"['sugarbeet', 'maize', 'onion']","[81, 9, 6]"
6.2,26.8,85.2,33.1,24.2,27.3,gingely,gingely,gingely,99,"['gingely', 'pearl millet', 'castor']","[99, 1, 0]"
6.0,25.0,84.5,122.7,47.8,107.2,onion,onion,chillies,45,"['chillies', 'onion', 'brinjal']","[45, 24, 15]"
6.3,22.1,70.4,153.1,84.7,82.1,maize,maize,maize,98,"['maize', 'sugarbeet', 'sugarcane']","[98, 1, 0]"
6.9,19.0,90.0,126.9,78.1,93.5,brinjal,brinjal,brinjal,81,"['brinjal', 'capsicum', 'cabbage']","[81, 16, 2]"
6.1,18.3,90.0,113.6,63.3,84.9,brinjal,brinjal,brinjal,55,"['brinjal', 'cabbage', 'capsicum']","[55, 24, 19]"
6.2,29.8,82.3,64.0,58.0,56.6,elephant foot yam,elephant foot yam,elephant foot yam,91,"['elephant foot yam', 'vegetable cowpea', 'tinda']","[91, 4, 2]"
8.9,26.7,16.9,39.9,25.5,21.8,samai,samai,samai,96,"['samai', 'ragi', 'blackgram']","[96, 3, 0]"
5.6,19.4,83.7,94.1,56.4,40.1,chowchow,chowchow,chowchow,56,"['chowchow', 'french bean', 'vegetable cowpea']","[56, 36, 5]"
9.0,35.8,15.8,37.9,28.6,27.8,samai,samai,samai,100,"['samai', 'blackgram', 'panivaragu']","[100, 0, 0]"
6.2,27.6,91.9,149.1,51.5,113.3,capsicum,capsicum,capsicum,93,"['capsicum', 'brinjal', 'cabbage']","[93, 7, 0]"
7.3,31.2,68.1,98.3,40.1,40.5,cucumber,cucumber,cucumber,59,"['cucumber', 'rice', 'jute']","[59, 22, 16]"
6.3,29.2,84.5,116.4,58.1,109.0,chillies,chillies,chillies,93,"['chillies', 'tomato', 'brinjal']","[93, 3, 2]"
5.3,33.7,65.4,94.3,58.1,43.6,rice,rice,rice,100,"['rice', 'tapoica', 'cucumber']","[100, 0, 0]"
5.9,20.2,76.5,97.4,46.8,47.3,chowchow,chowchow,chowchow,62,"['chowchow', 'french bean', 'vegetable cowpea']","[62, 19, 16]"
7.2,24.1,84.7,121.9,54.7,112.7,tomato,tomato,tomato,92,"['tomato', 'chillies', 'brinjal']","[92, 3, 2]"
6.9,24.6,70.6,89.9,44.1,59.4,rice,rice,small onion,57,"['small onion', 'rice', 'peas']","[57, 20, 9]"
7.9,23.0,79.0,181.9,87.9,139.1,sugarcane,sugarcane,sugarcane,100,"['sugarcane', 'tomato', 'sugarbeet']","[100, 0, 0]"
6.8,30.8,93.8,61.0,45.8,55.9,sorghum,sorghum,sorghum,99,"['sorghum', 'elephant foot yam', 'jute']","[99, 0, 0]"
6.0,29.5,60.0,49.1,33.7,28.3,bengalgram,bengalgram,bengalgram,90,"['bengalgram', 'horsegram', 'cowpea']","[90, 6, 3]"
7.7,24.9,75.2,95.1,56.4,44.3,cluster bean,cluster bean,cotton,47,"['cotton', 'cluster bean', 'rice']","[47, 23, 20]"
7.7,24.4,77.1,108.1,48.0,55.4,cotton,cotton,cotton,85,"['cotton', 'annual moringa', 'peas']","[85, 6, 4]"
6.8,31.8,76.2,68.4,73.9,77.3,ribbed gourd,ribbed gourd,ribbed gourd,97,"['ribbed gourd', 'bitter gourd', 'ash gourd']","[97, 2, 1]"
7.3,30.9,84.7,89.3,54.8,64.8,muskmelon,muskmelon,muskmelon,61,"['muskmelon', 'ribbed gourd', 'bitter gourd']","[61, 36, 2]"
6.6,19.4,79.5,85.8,55.4,89.6,bottle gourd,bottle gourd,bottle gourd,96,"['bottle gourd', 'tomato', 'snake gourd']","[96, 2, 1]"
7.7,26.9,78.7,86.0,41.3,49.1,cotton,cotton,cotton,38,"['cotton', 'annual moringa', 'tinda']","[38, 37, 10]"
6.8,22.1,60.0,54.5,38.3,27.0,bengalgram,bengalgram,bengalgram,99,"['bengalgram', 'soyabean', 'cowpea']","[99, 0, 0]"
6.9,22.2,60.0,40.5,29.4,33.0,bengalgram,bengalgram,bengalgram,99,"['bengalgram', 'cowpea', 'horsegram']","[99, 0, 0]"
6.9,27.5,87.8,32.5,25.3,26.8,gingely,gingely,gingely,99,"['gingely', 'pearl millet', 'soyabean']","[99, 0, 0]"
7.6,19.1,75.3,105.1,76.9,75.3,sugarbeet,sugarbeet,sugarbeet,98,"['sugarbeet', 'tomato', 'maize']","[98, 2, 0]"
5.8,23.9,19.9,31.6,26.4,20.5,thinai,thinai,thinai,48,"['thinai', 'varagu', 'ragi']","[48, 17, 16]"
7.1,24.5,75.6,85.4,44.8,86.7,watermelon,watermelon,watermelon,92,"['watermelon', 'muskmelon', 'ribbed gourd']","[92, 4, 3]"
7.2,26.1,66.7,87.5,44.8,45.5,cucumber,cucumber,cucumber,73,"['cucumber', 'rice', 'cotton']","[73, 18, 5]"
6.3,21.4,78.9,81.3,54.6,51.9,chowchow,chowchow,chowchow,87,"['chowchow', 'rice', 'vegetable cowpea']","[87, 3, 3]"
6.7,27.4,86.5,72.4,63.6,62.1,bitter gourd,bitter gourd,bitter gourd,93,"['bitter gourd', 'snake gourd', 'ribbed gourd']","[93, 3, 3]"
6.2,18.7,88.4,97.4,74.0,63.0,snake gourd,snake gourd,snake gourd,98,"['snake gourd', 'bottle gourd', 'cabbage']","[98, 1, 0]"
6.2,25.4,63.2,95.6,57.1,86.8,ash gourd,ash gourd,ash gourd,56,"['ash gourd', 'pumpkin', 'watermelon']","[56, 44, 0]"
6.6,24.4,76.9,51.0,26.1,39.9,redgram,redgram,redgram,92,"['redgram', 'soyabean', 'horsegram']","[92, 4, 1]"
6.8,21.7,82.2,63.7,32.3,32.5,sunflower,sunflower,sunflower,60,"['sunflower', 'soyabean', 'redgram']","[60, 26, 8]"
6.5,32.3,86.4,39.6,31.8,27.1,gingely,gingely,gingely,66,"['gingely', 'pearl millet', 'soyabean']","[66, 30, 3]"
7.3,34.3,85.6,26.1,39.6,21.3,gingely,gingely,gingely,100,"['gingely', 'pearl millet', 'jute']","[100, 0, 0]"
6.1,26.2,94.1,104.1,73.5,82.3,cabbage,cabbage,bhendi,41,"['bhendi', 'capsicum', 'cabbage']","[41, 33, 24]"
6.9,22.6,72.5,71.4,36.1,29.5,soyabean,soyabean,soyabean,97,"['soyabean', 'jute', 'redgram']","[97, 1, 1]"
6.0,25.1,17.7,39.0,28.8,30.0,varagu,varagu,varagu,68,"['varagu', 'thinai', 'ragi']","[68, 18, 7]"
7.4,15.3,90.1,64.1,54.3,47.0,sorghum,sorghum,sorghum,94,"['sorghum', 'peas', 'radish']","[94, 4, 0]"
6.3,27.2,76.1,129.6,58.4,89.5,chillies,chillies,chillies,95,"['chillies', 'tomato', 'watermelon']","[95, 3, 0]"
7.0,20.1,97.0,77.0,42.9,41.6,sorghum,sorghum,beetroot,50,"['beetroot', 'sorghum', 'cauliflower']","[50, 47, 1]"
6.9,26.5,61.6,93.8,73.8,85.6,pumpkin,pumpkin,pumpkin,72,"['pumpkin', 'ash gourd', 'maize']","[72, 28, 0]"
7.3,25.6,82.7,69.1,27.9,21.1,castor,castor,castor,59,"['castor', 'sunflower', 'soyabean']","[59, 25, 10]"
6.1,18.0,93.7,126.7,63.5,91.3,capsicum,capsicum,cabbage,59,"['cabbage', 'capsicum', 'brinjal']","[59, 40, 1]"
6.3,26.1,82.0,89.7,54.7,97.6,bottle gourd,bottle gourd,watermelon,51,"['watermelon', 'bottle gourd', 'bitter gourd']","[51, 28, 10]"
6.6,15.5,65.0,65.2,60.0,57.4,groundnut,groundnut,groundnut,95,"['groundnut', 'small onion', 'carrot']","[95, 4, 0]"
6.0,32.5,73.9,84.9,47.3,33.8,jute,jute,jute,93,"['jute', 'rice', 'elephant foot yam']","[93, 5, 1]"
6.9,24.0,58.3,90.1,59.9,45.1,wheat,wheat,wheat,94,"['wheat', 'rice', 'small onion']","[94, 3, 1]"
6.9,19.7,68.3,91.6,45.6,49.6,small onion,small onion,small onion,83,"['small onion', 'peas', 'rice']","[83, 10, 4]"
6.2,16.8,90.5,121.5,44.4,100.9,capsicum,capsicum,capsicum,96,"['capsicum', 'cabbage', 'brinjal']","[96, 4, 1]"
5.7,26.8,19.2,30.5,20.5,22.6,ragi,ragi,varagu,79,"['varagu', 'thinai', 'ragi']","[79, 12, 5]"
6.0,21.1,74.6,129.6,65.7,76.0,sugarbeet,sugarbeet,maize,49,"['maize', 'sugarbeet', 'onion']","[49, 41, 9]"
5.6,24.7,77.5,62.5,43.4,43.4,vegetable cowpea,vegetable cowpea,vegetable cowpea,64,"['vegetable cowpea', 'french bean', 'elephant foot yam']","[64, 30, 4]"
7.4,26.2,82.2,143.1,65.1,99.9,tomato,tomato,tomato,96,"['tomato', 'chillies', 'maize']","[96, 2, 0]"
6.4,31.2,75.4,83.0,57.6,42.7,rice,rice,rice,47,"['rice', 'jute', 'annual moringa']","[47, 19, 17]"
6.6,28.0,90.7,95.7,54.8,76.9,bitter gourd,bitter gourd,bitter gourd,89,"['bitter gourd', 'snake gourd', 'capsicum']","[89, 8, 2]"
6.4,18.3,99.9,88.3,43.3,46.9,beetroot,beetroot,beetroot,89,"['beetroot', 'radish', 'cauliflower']","[89, 7, 3]"
6.1,23.2,19.0,34.0,23.5,29.0,panivaragu,panivaragu,thinai,55,"['thinai', 'ragi', 'panivaragu']","[55, 21, 18]"
6.1,20.0,19.5,57.6,27.8,33.4,kudiraivali,kudiraivali,kudiraivali,99,"['kudiraivali', 'cowpea', 'bengalgram']","[99, 1, 0]"
5.7,25.6,60.0,49.6,29.3,27.6,bengalgram,bengalgram,bengalgram,96,"['bengalgram', 'cowpea', 'horsegram']","[96, 3, 1]"
5.9,23.0,84.5,135.3,45.2,96.6,onion,onion,onion,73,"['onion', 'capsicum', 'brinjal']","[73, 13, 11]"
6.0,30.1,73.5,79.4,23.9,38.6,soyabean,soyabean,soyabean,55,"['soyabean', 'jute', 'horsegram']","[55, 42, 2]"
6.3,22.5,16.6,36.7,22.2,29.1,thinai,thinai,thinai,59,"['thinai', 'panivaragu', 'ragi']","[59, 19, 19]"
7.4,27.3,73.7,78.9,40.2,30.1,jute,jute,jute,95,"['jute', 'tinda', 'soyabean']","[95, 1, 1]"
6.4,25.0,62.8,158.7,67.3,61.9,maize,maize,maize,99,"['maize', 'sugarbeet', 'ash gourd']","[99, 1, 0]"
6.4,27.9,58.2,71.8,56.0,45.4,tapoica,tapoica,tapoica,99,"['tapoica', 'cucumber', 'ash gourd']","[99, 1, 0]"
6.4,24.3,89.9,68.4,60.6,73.0,snake gourd,snake gourd,snake gourd,98,"['snake gourd', 'bitter gourd', 'bottle gourd']","[98, 2, 1]"
6.9,18.5,61.1,70.7,44.3,63.0,pumpkin,pumpkin,pumpkin,97,"['pumpkin', 'groundnut', 'small onion']","[97, 2, 1]"
5.8,34.1,65.3,80.7,53.7,48.9,rice,rice,rice,99,"['rice', 'cucumber', 'tapoica']","[99, 0, 0]"
6.6,28.9,80.9,90.2,41.9,43.2,elephant foot yam,elephant foot yam,tinda,53,"['tinda', 'elephant foot yam', 'annual moringa']","[53, 16, 14]"
6.5,24.6,83.2,82.9,59.9,88.3,watermelon,watermelon,bottle gourd,49,"['bottle gourd', 'watermelon', 'bitter gourd']","[49, 27, 12]"
6.3,25.0,16.9,34.4,26.1,28.8,varagu,varagu,varagu,60,"['varagu', 'thinai', 'ragi']","[60, 23, 8]"
7.3,24.3,79.7,84.5,40.8,56.2,cluster bean,cluster bean,cluster bean,58,"['cluster bean', 'cotton', 'peas']","[58, 26, 8]"
7.5,37.7,78.6,66.0,41.6,40.8,jute,jute,jute,92,"['jute', 'annual moringa', 'tinda']","[92, 3, 2]"
7.0,20.0,18.3,57.1,26.0,30.3,kudiraivali,kudiraivali,kudiraivali,99,"['kudiraivali', 'ragi', 'thinai']","[99, 0, 0]"
7.4,28.5,60.3,24.0,34.5,34.5,greengram,greengram,greengram,100,"['greengram', 'horsegram', 'blackgram']","[100, 0, 0]"
6.1,23.9,78.5,105.0,61.7,88.1,onion,onion,onion,57,"['onion', 'chillies', 'watermelon']","[57, 32, 4]"
5.8,22.2,85.9,114.9,55.3,48.4,sweet potato,sweet potato,sweet potato,100,"['sweet potato', 'vegetable cowpea', 'french bean']","[100, 0, 0]"
7.1,24.4,81.0,65.8,39.0,36.2,sunflower,sunflower,sunflower,43,"['sunflower', 'castor', 'jute']","[43, 22, 19]"
6.1,32.0,73.5,75.9,24.2,31.7,soyabean,soyabean,soyabean,73,"['soyabean', 'jute', 'horsegram']","[73, 21, 6]"
6.6,11.9,95.8,88.1,57.7,53.4,radish,radish,cauliflower,53,"['cauliflower', 'radish', 'beetroot']","[53, 46, 0]"
6.3,26.9,56.7,63.9,58.5,45.6,tapoica,tapoica,tapoica,99,"['tapoica', 'ash gourd', 'cucumber']","[99, 0, 0]"
6.7,27.5,90.6,87.2,60.5,62.9,bitter gourd,bitter gourd,bitter gourd,95,"['bitter gourd', 'snake gourd', 'capsicum']","[95, 3, 0]"
6.3,17.1,70.9,87.8,50.1,48.0,small onion,small onion,small onion,97,"['small onion', 'peas', 'chowchow']","[97, 2, 0]"
6.4,22.9,86.9,96.5,53.6,59.1,sweet potato,sweet potato,sweet potato,96,"['sweet potato', 'snake gourd', 'chowchow']","[96, 2, 0]"
5.5,24.8,16.5,38.4,27.1,23.7,ragi,ragi,thinai,41,"['thinai', 'varagu', 'ragi']","[41, 29, 21]"
6.0,27.2,82.7,141.1,48.5,84.5,chillies,chillies,chillies,93,"['chillies', 'onion', 'maize']","[93, 3, 1]"
6.1,18.6,90.0,141.5,73.6,85.2,brinjal,brinjal,brinjal,59,"['brinjal', 'cabbage', 'capsicum']","[59, 27, 13]"
5.8,25.5,89.0,118.7,58.3,57.4,sweet potato,sweet potato,sweet potato,100,"['sweet potato', 'vegetable cowpea', 'french bean']","[100, 0, 0]"
6.9,38.2,65.0,63.7,49.6,59.5,groundnut,groundnut,groundnut,97,"['groundnut', 'cucumber', 'rice']","[97, 3, 0]"
6.9,12.5,78.7,90.9,46.8,53.0,peas,peas,peas,99,"['peas', 'small onion', 'french bean']","[99, 0, 0]"
5.7,34.6,83.6,87.1,55.1,45.8,elephant foot yam,elephant foot yam,elephant foot yam,94,"['elephant foot yam', 'vegetable cowpea', 'rice']","[94, 3, 3]"
6.5,22.4,83.1,135.3,79.8,82.7,maize,maize,maize,52,"['maize', 'onion', 'chillies']","[52, 26, 9]"
7.2,22.8,81.5,62.9,26.5,27.1,sunflower,sunflower,sunflower,72,"['sunflower', 'castor', 'redgram']","[72, 21, 4]"
6.5,26.2,78.0,51.6,26.0,32.0,redgram,redgram,redgram,80,"['redgram', 'soyabean', 'horsegram']","[80, 9, 9]"
6.9,25.1,52.8,67.3,50.0,42.2,tapoica,tapoica,tapoica,97,"['tapoica', 'cucumber', 'groundnut']","[97, 2, 1]"
6.6,16.7,70.7,57.8,27.2,35.4,soyabean,soyabean,soyabean,99,"['soyabean', 'redgram', 'pearl millet']","[99, 1, 0]"
7.7,23.3,81.6,58.3,21.7,37.3,castor,castor,sunflower,56,"['sunflower', 'castor', 'pearl millet']","[56, 41, 1]"
7.6,22.3,98.6,61.9,36.0,35.7,castor,castor,castor,57,"['castor', 'sunflower', 'pearl millet']","[57, 42, 0]"
7.6,24.0,86.1,75.5,33.3,37.1,sunflower,sunflower,sunflower,65,"['sunflower', 'castor', 'jute']","[65, 33, 1]"
5.5,30.6,85.0,75.4,52.6,45.7,elephant foot yam,elephant foot yam,elephant foot yam,87,"['elephant foot yam', 'vegetable cowpea', 'jute']","[87, 11, 1]"
6.2,26.9,58.3,92.7,49.9,56.1,tapoica,tapoica,tapoica,98,"['tapoica', 'rice', 'ash gourd']","[98, 1, 0]"
7.8,23.5,80.2,87.4,44.4,50.6,cluster bean,cluster bean,cluster bean,74,"['cluster bean', 'cotton', 'rice']","[74, 23, 1]"
6.1,20.0,16.7,57.8,27.2,34.1,kudiraivali,kudiraivali,kudiraivali,100,"['kudiraivali', 'cowpea', 'thinai']","[100, 0, 0]"
6.3,22.0,90.5,127.4,69.0,104.7,cabbage,cabbage,capsicum,44,"['capsicum', 'cabbage', 'bhendi']","[44, 36, 12]"
7.9,28.9,85.3,26.7,21.3,39.7,gingely,gingely,gingely,100,"['gingely', 'pearl millet', 'castor']","[100, 0, 0]"
6.8,44.2,65.0,73.4,51.1,57.2,groundnut,groundnut,groundnut,98,"['groundnut', 'cucumber', 'rice']","[98, 2, 0]"
6.5,22.2,51.3,108.1,59.2,43.3,wheat,wheat,wheat,100,"['wheat', 'rice', 'peas']","[100, 0, 0]"
6.3,25.0,79.9,106.4,53.3,92.9,watermelon,watermelon,watermelon,54,"['watermelon', 'chillies', 'onion']","[54, 32, 9]"
7.9,22.3,93.8,48.9,27.9,27.2,castor,castor,sunflower,65,"['sunflower', 'castor', 'pearl millet']","[65, 34, 1]"
6.2,26.4,66.0,81.1,41.9,64.7,pumpkin,pumpkin,ash gourd,70,"['ash gourd', 'pumpkin', 'watermelon']","[70, 29, 0]"
6.7,18.1,98.8,69.4,43.4,56.1,beetroot,beetroot,beetroot,87,"['beetroot', 'sorghum', 'radish']","[87, 8, 4]"
6.7,28.7,99.4,94.0,45.5,49.6,cauliflower,cauliflower,cauliflower,99,"['cauliflower', 'sorghum', 'peas']","[99, 1, 0]"
7.0,21.7,50.8,84.8,43.8,57.4,wheat,wheat,wheat,99,"['wheat', 'rice', 'small onion']","[99, 1, 0]"
6.6,15.3,60.5,95.1,68.3,67.1,carrot,carrot,carrot,98,"['carrot', 'sugarbeet', 'pumpkin']","[98, 1, 1]"
5.6,21.3,78.8,62.9,60.0,55.3,vegetable cowpea,vegetable cowpea,vegetable cowpea,35,"['vegetable cowpea', 'chowchow', 'french bean']","[35, 31, 27]"
5.8,25.5,83.8,60.8,41.8,40.6,vegetable cowpea,vegetable cowpea,vegetable cowpea,45,"['vegetable cowpea', 'french bean', 'elephant foot yam']","[45, 24, 20]"
6.1,25.6,64.6,93.7,76.0,86.3,pumpkin,pumpkin,ash gourd,61,"['ash gourd', 'pumpkin', 'maize']","[61, 39, 0]"
6.4,20.0,17.4,58.4,30.7,39.7,kudiraivali,kudiraivali,kudiraivali,100,"['kudiraivali', 'cowpea', 'blackgram']","[100, 0, 0]"
5.7,21.1,60.0,44.8,20.4,33.5,bengalgram,bengalgram,bengalgram,97,"['bengalgram', 'cowpea', 'kudiraivali']","[97, 3, 0]"
7.0,19.6,17.1,31.6,24.8,28.8,ragi,ragi,ragi,54,"['ragi', 'blackgram', 'panivaragu']","[54, 31, 9]"
7.0,18.5,65.0,67.7,45.8,40.5,groundnut,groundnut,groundnut,90,"['groundnut', 'small onion', 'pumpkin']","[90, 10, 0]"
6.8,31.2,75.1,103.8,58.3,67.2,muskmelon,muskmelon,muskmelon,94,"['muskmelon', 'ribbed gourd', 'ash gourd']","[94, 3, 1]"
6.6,31.5,69.4,35.4,21.2,30.9,greengram,greengram,greengram,98,"['greengram', 'horsegram', 'soyabean']","[98, 1, 0]"
5.8,23.4,76.6,128.2,76.8,109.6,onion,onion,onion,89,"['onion', 'chillies', 'maize']","[89, 9, 2]"
6.0,23.1,78.7,107.0,65.7,92.3,onion,onion,onion,77,"['onion', 'chillies', 'maize']","[77, 18, 1]"
7.5,24.4,78.6,97.7,57.9,69.9,watermelon,watermelon,watermelon,90,"['watermelon', 'muskmelon', 'cluster bean']","[90, 3, 2]"
6.9,23.0,60.0,56.7,35.7,37.4,bengalgram,bengalgram,bengalgram,98,"['bengalgram', 'cowpea', 'horsegram']","[98, 1, 0]"
6.1,35.2,60.8,45.5,30.1,28.4,horsegram,horsegram,horsegram,98,"['horsegram', 'bengalgram', 'greengram']","[98, 1, 1]"
6.6,26.4,98.2,133.0,79.6,104.8,bhendi,bhendi,bhendi,96,"['bhendi', 'cabbage', 'capsicum']","[96, 3, 1]"
7.2,26.4,76.5,106.9,52.1,71.8,watermelon,watermelon,watermelon,65,"['watermelon', 'muskmelon', 'tomato']","[65, 32, 1]"
6.3,27.9,15.4,31.7,23.9,28.8,thinai,thinai,thinai,46,"['thinai', 'varagu', 'panivaragu']","[46, 27, 22]"
6.8,23.3,60.0,45.8,20.1,30.4,bengalgram,bengalgram,bengalgram,99,"['bengalgram', 'cowpea', 'soyabean']","[99, 0, 0]"
6.3,27.3,16.9,39.5,24.1,24.7,thinai,thinai,thinai,42,"['thinai', 'varagu', 'panivaragu']","[42, 34, 20]"
8.7,38.1,18.6,34.1,29.1,22.1,samai,samai,samai,100,"['samai', 'blackgram', 'panivaragu']","[100, 0, 0]"
6.5,16.8,72.4,70.2,35.3,37.4,soyabean,soyabean,soyabean,99,"['soyabean', 'small onion', 'peas']","[99, 0, 0]"
7.9,22.7,77.4,196.2,62.7,122.3,sugarcane,sugarcane,sugarcane,97,"['sugarcane', 'tomato', 'sugarbeet']","[97, 2, 1]"
6.5,27.6,83.4,137.9,41.8,95.2,tomato,tomato,chillies,80,"['chillies', 'tomato', 'brinjal']","[80, 13, 2]"
5.7,14.0,94.6,45.7,28.5,27.3,pearl millet,pearl millet,pearl millet,99,"['pearl millet', 'soyabean', 'radish']","[99, 0, 0]"
6.4,20.0,15.3,58.8,36.7,22.0,kudiraivali,kudiraivali,kudiraivali,100,"['kudiraivali', 'thinai', 'ragi']","[100, 0, 0]"
6.6,22.8,73.3,160.3,62.4,131.0,sugarcane,sugarcane,sugarcane,99,"['sugarcane', 'maize', 'tomato']","[99, 1, 0]"
6.3,20.8,88.6,90.7,74.8,63.6,snake gourd,snake gourd,snake gourd,99,"['snake gourd', 'bottle gourd', 'brinjal']","[99, 1, 0]"
6.5,18.3,69.8,84.0,72.6,96.9,pumpkin,pumpkin,pumpkin,52,"['pumpkin', 'carrot', 'bottle gourd']","[52, 47, 1]"
6.2,23.6,82.2,109.6,45.0,92.1,onion,onion,onion,66,"['onion', 'chillies', 'watermelon']","[66, 18, 11]"
6.8,21.5,69.7,147.7,62.1,73.7,sugarbeet,sugarbeet,sugarbeet,66,"['sugarbeet', 'maize', 'sugarcane']","[66, 33, 0]"
7.3,39.7,17.6,31.0,22.3,29.9,blackgram,blackgram,blackgram,97,"['blackgram', 'panivaragu', 'samai']","[97, 3, 0]"
6.1,29.5,61.2,73.9,40.6,77.6,ash gourd,ash gourd,ash gourd,98,"['ash gourd', 'pumpkin', 'tapoica']","[98, 2, 0]"
5.8,26.7,82.9,61.4,44.1,59.0,vegetable cowpea,vegetable cowpea,vegetable cowpea,50,"['vegetable cowpea', 'elephant foot yam', 'french bean']","[50, 27, 21]"
6.9,34.7,66.4,72.1,48.5,44.0,cucumber,cucumber,cucumber,72,"['cucumber', 'groundnut', 'jute']","[72, 23, 3]"
7.9,22.7,65.4,129.7,61.8,74.0,sugarbeet,sugarbeet,sugarbeet,99,"['sugarbeet', 'maize', 'sugarcane']","[99, 1, 0]"
7.2,26.2,81.7,114.2,57.3,93.7,watermelon,watermelon,watermelon,42,"['watermelon', 'tomato', 'muskmelon']","[42, 29, 24]"
6.1,29.3,51.0,61.7,66.5,84.4,ash gourd,ash gourd,ash gourd,100,"['ash gourd', 'pumpkin', 'tapoica']","[100, 0, 0]"
5.8,27.2,84.4,95.4,52.6,52.4,vegetable cowpea,vegetable cowpea,vegetable cowpea,60,"['vegetable cowpea', 'elephant foot yam', 'french bean']","[60, 34, 3]"
6.4,20.6,99.3,75.6,54.2,42.0,sorghum,sorghum,beetroot,91,"['beetroot', 'sorghum', 'radish']","[91, 8, 0]"
7.2,22.4,90.8,40.9,20.3,39.3,castor,castor,sunflower,62,"['sunflower', 'castor', 'pearl millet']","[62, 30, 7]"
5.7,24.8,78.1,91.4,44.6,50.1,french bean,french bean,vegetable cowpea,70,"['vegetable cowpea', 'french bean', 'rice']","[70, 21, 4]"
6.3,26.9,75.9,96.9,40.6,66.1,bottle gourd,bottle gourd,watermelon,65,"['watermelon', 'bottle gourd', 'muskmelon']","[65, 15, 10]"
6.7,23.0,89.7,90.6,44.0,49.0,sweet potato,sweet potato,sweet potato,88,"['sweet potato', 'peas', 'cauliflower']","[88, 7, 2]"
7.5,36.1,93.1,72.5,45.4,46.9,sorghum,sorghum,sorghum,96,"['sorghum', 'jute', 'pearl millet']","[96, 4, 0]"
7.5,24.4,69.6,81.9,42.3,42.2,rice,rice,rice,52,"['rice', 'cotton', 'cucumber']","[52, 23, 8]"
5.6,29.9,60.0,60.0,31.6,39.4,bengalgram,bengalgram,bengalgram,92,"['bengalgram', 'cowpea', 'horsegram']","[92, 6, 1]"
6.4,17.7,100.0,72.9,55.9,55.3,radish,radish,radish,48,"['radish', 'beetroot', 'sorghum']","[48, 30, 21]"
6.7,18.0,99.2,91.2,42.0,56.9,beetroot,beetroot,beetroot,55,"['beetroot', 'cauliflower', 'radish']","[55, 32, 11]"
6.0,38.5,69.7,46.4,31.1,20.0,horsegram,horsegram,horsegram,99,"['horsegram', 'pearl millet', 'soyabean']","[99, 0, 0]"
5.6,28.3,55.1,79.0,49.4,49.0,tapoica,tapoica,tapoica,100,"['tapoica', 'rice', 'cowpea']","[100, 0, 0]"
6.4,21.5,60.0,51.3,25.1,28.3,bengalgram,bengalgram,bengalgram,98,"['bengalgram', 'cowpea', 'soyabean']","[98, 2, 0]"
6.3,26.3,79.1,132.5,54.9,116.5,chillies,chillies,chillies,93,"['chillies', 'onion', 'tomato']","[93, 4, 2]"
6.2,10.8,96.1,65.7,44.6,59.7,radish,radish,radish,98,"['radish', 'sorghum', 'cauliflower']","[98, 2, 0]"
7.5,13.6,19.6,34.9,26.7,23.6,ragi,ragi,ragi,98,"['ragi', 'panivaragu', 'blackgram']","[98, 1, 0]"
6.6,24.6,89.7,89.3,52.8,77.3,snake gourd,snake gourd,snake gourd,83,"['snake gourd', 'bitter gourd', 'sweet potato']","[83, 12, 1]"
6.9,28.3,60.0,55.2,35.4,27.7,bengalgram,bengalgram,bengalgram,84,"['bengalgram', 'horsegram', 'greengram']","[84, 15, 1]"
7.5,21.9,83.2,83.4,49.8,47.6,cluster bean,cluster bean,cluster bean,70,"['cluster bean', 'cotton', 'peas']","[70, 24, 5]"
6.8,27.7,51.3,93.3,45.0,46.5,tapoica,tapoica,tapoica,98,"['tapoica', 'cucumber', 'rice']","[98, 1, 0]"
6.9,20.8,99.0,60.9,46.3,43.1,beetroot,beetroot,beetroot,89,"['beetroot', 'sorghum', 'sunflower']","[89, 11, 0]"
7.0,21.7,90.0,129.9,46.1,109.6,brinjal,brinjal,brinjal,90,"['brinjal', 'capsicum', 'tomato']","[90, 9, 0]"
6.4,16.8,60.9,90.2,76.6,64.5,carrot,carrot,carrot,99,"['carrot', 'pumpkin', 'sugarbeet']","[99, 1, 0]"
6.4,23.1,78.0,111.9,72.4,114.3,chillies,chillies,onion,72,"['onion', 'chillies', 'tomato']","[72, 26, 2]"
6.4,22.3,82.3,131.8,71.0,83.5,onion,onion,onion,70,"['onion', 'maize', 'chillies']","[70, 14, 10]"
7.9,23.3,69.7,199.0,92.8,127.3,sugarcane,sugarcane,sugarcane,100,"['sugarcane', 'sugarbeet', 'maize']","[100, 0, 0]"
6.5,20.1,90.6,140.7,67.5,93.1,capsicum,capsicum,capsicum,63,"['capsicum', 'cabbage', 'brinjal']","[63, 25, 11]"
8.6,32.4,19.6,39.3,26.8,27.2,samai,samai,samai,100,"['samai', 'blackgram', 'horsegram']","[100, 0, 0]"
5.8,21.4,83.5,65.0,43.2,45.5,vegetable cowpea,vegetable cowpea,chowchow,38,"['chowchow', 'vegetable cowpea', 'french bean']","[38, 36, 26]"
7.4,26.7,76.5,157.6,77.9,131.0,sugarcane,sugarcane,sugarcane,99,"['sugarcane', 'tomato', 'chillies']","[99, 1, 0]"
6.3,19.5,98.8,97.3,58.8,53.9,beetroot,beetroot,beetroot,96,"['beetroot', 'cauliflower', 'radish']","[96, 2, 2]"
5.8,12.3,80.5,80.6,51.1,45.2,french bean,french bean,french bean,99,"['french bean', 'chowchow', 'peas']","[99, 1, 0]"
6.1,25.7,17.4,35.8,29.5,27.3,thinai,thinai,varagu,77,"['varagu', 'thinai', 'ragi']","[77, 13, 5]"
7.1,29.6,69.0,27.3,29.2,39.6,greengram,greengram,greengram,100,"['greengram', 'horsegram', 'gingely']","[100, 0, 0]"
6.7,29.9,83.0,77.1,74.6,91.0,bitter gourd,bitter gourd,ribbed gourd,54,"['ribbed gourd', 'bitter gourd', 'bottle gourd']","[54, 46, 0]"
6.7,15.7,96.0,106.0,53.0,41.9,cauliflower,cauliflower,cauliflower,98,"['cauliflower', 'radish', 'peas']","[98, 2, 0]"
6.7,16.5,83.9,103.6,51.4,53.5,peas,peas,peas,100,"['peas', 'cauliflower', 'chowchow']","[100, 0, 0]"
6.5,17.6,79.9,76.4,39.6,28.0,soyabean,soyabean,soyabean,98,"['soyabean', 'pearl millet', 'redgram']","[98, 1, 1]"
7.0,36.9,60.3,52.1,38.7,26.6,horsegram,horsegram,horsegram,99,"['horsegram', 'greengram', 'bengalgram']","[99, 1, 0]"
6.7,25.9,88.0,119.0,40.3,50.1,peas,peas,sweet potato,75,"['sweet potato', 'peas', 'cotton']","[75, 19, 3]"
7.1,31.8,60.3,44.7,26.0,26.1,horsegram,horsegram,horsegram,88,"['horsegram', 'greengram', 'bengalgram']","[88, 8, 4]"
7.5,21.4,17.0,21.5,35.6,31.5,blackgram,blackgram,blackgram,99,"['blackgram', 'ragi', 'thinai']","[99, 1, 0]"
6.2,21.7,60.0,57.2,25.6,20.8,bengalgram,bengalgram,bengalgram,98,"['bengalgram', 'cowpea', 'soyabean']","[98, 2, 0]"
7.0,28.7,75.2,113.1,45.0,41.0,peas,peas,annual moringa,51,"['annual moringa', 'peas', 'cotton']","[51, 27, 18]"
6.3,20.5,95.0,147.0,67.9,102.0,cabbage,cabbage,cabbage,62,"['cabbage', 'capsicum', 'brinjal']","[62, 34, 2]"
7.2,29.8,78.0,90.5,53.6,41.7,annual moringa,annual moringa,tinda,41,"['tinda', 'annual moringa', 'cotton']","[41, 31, 12]"
6.4,20.7,76.0,68.2,57.1,57.6,chowchow,chowchow,chowchow,76,"['chowchow', 'bottle gourd', 'small onion']","[76, 17, 4]"
6.8,16.1,78.1,125.7,72.8,61.3,sugarbeet,sugarbeet,sugarbeet,98,"['sugarbeet', 'maize', 'peas']","[98, 1, 0]"
7.0,13.3,18.9,30.7,25.4,22.0,ragi,ragi,ragi,83,"['ragi', 'panivaragu', 'thinai']","[83, 16, 0]"
6.8,42.5,65.0,77.2,58.3,52.6,groundnut,groundnut,groundnut,98,"['groundnut', 'cucumber', 'rice']","[98, 2, 0]"
6.1,20.6,78.3,70.3,54.5,47.7,chowchow,chowchow,chowchow,91,"['chowchow', 'vegetable cowpea', 'french bean']","[91, 4, 3]"
6.5,20.0,17.7,59.8,22.7,22.1,kudiraivali,kudiraivali,kudiraivali,99,"['kudiraivali', 'thinai', 'ragi']","[99, 0, 0]"
5.9,25.0,94.8,46.5,26.4,22.9,pearl millet,pearl millet,castor,63,"['castor', 'pearl millet', 'gingely']","[63, 35, 1]"
6.6,24.8,82.5,79.5,78.9,99.6,bottle gourd,bottle gourd,bottle gourd,60,"['bottle gourd', 'bitter gourd', 'snake gourd']","[60, 26, 6]"
6.9,26.1,81.5,62.0,77.4,71.5,bitter gourd,bitter gourd,bitter gourd,56,"['bitter gourd', 'ribbed gourd', 'bottle gourd']","[56, 36, 7]"
6.6,31.8,77.9,93.8,35.4,42.4,jute,jute,jute,98,"['jute', 'annual moringa', 'rice']","[98, 1, 0]"
6.1,24.1,71.7,125.1,83.4,76.9,maize,maize,maize,80,"['maize', 'sugarbeet', 'chillies']","[80, 18, 1]"
6.7,9.1,95.7,95.7,43.7,44.4,cauliflower,cauliflower,cauliflower,92,"['cauliflower', 'radish', 'peas']","[92, 8, 0]"
5.4,20.8,53.8,44.5,28.0,38.5,cowpea,cowpea,cowpea,98,"['cowpea', 'kudiraivali', 'bengalgram']","[98, 1, 1]"
5.8,21.8,80.5,136.0,49.6,94.0,onion,onion,onion,98,"['onion', 'chillies', 'maize']","[98, 1, 1]"
6.8,28.2,81.8,130.3,51.3,85.1,tomato,tomato,chillies,47,"['chillies', 'tomato', 'muskmelon']","[47, 41, 8]"
6.6,39.1,96.1,77.2,53.0,46.8,sorghum,sorghum,sorghum,99,"['sorghum', 'jute', 'cauliflower']","[99, 0, 0]"
6.2,22.3,77.6,117.9,54.8,117.9,onion,onion,onion,89,"['onion', 'chillies', 'tomato']","[89, 10, 1]"
6.5,17.9,96.6,96.3,40.1,41.7,cauliflower,cauliflower,cauliflower,45,"['cauliflower', 'radish', 'beetroot']","[45, 44, 10]"
6.5,19.6,87.8,99.2,44.9,95.3,snake gourd,snake gourd,snake gourd,65,"['snake gourd', 'capsicum', 'brinjal']","[65, 17, 15]"
6.9,20.0,16.4,46.9,38.4,23.5,kudiraivali,kudiraivali,kudiraivali,99,"['kudiraivali', 'ragi', 'thinai']","[99, 0, 0]"
5.8,22.8,87.3,57.5,39.5,22.7,castor,castor,castor,62,"['castor', 'pearl millet', 'soyabean']","[62, 33, 4]"
6.7,24.2,62.2,87.5,59.4,75.3,pumpkin,pumpkin,pumpkin,81,"['pumpkin', 'ash gourd', 'rice']","[81, 19, 0]"
6.2,20.0,77.8,67.4,72.2,95.2,bottle gourd,bottle gourd,bottle gourd,98,"['bottle gourd', 'snake gourd', 'pumpkin']","[98, 2, 0]"
7.0,22.3,51.7,94.8,55.9,49.5,wheat,wheat,wheat,99,"['wheat', 'rice', 'small onion']","[99, 1, 0]"
7.1,25.5,79.9,89.6,69.9,90.9,ribbed gourd,ribbed gourd,ribbed gourd,71,"['ribbed gourd', 'bitter gourd', 'watermelon']","[71, 14, 7]"
6.0,19.1,81.3,72.8,49.3,50.3,chowchow,chowchow,chowchow,86,"['chowchow', 'french bean', 'vegetable cowpea']","[86, 11, 2]"
6.0,17.3,95.3,61.9,53.1,56.1,radish,radish,radish,60,"['radish', 'sorghum', 'beetroot']","[60, 20, 20]"
6.6,34.3,84.2,28.7,26.8,32.8,gingely,gingely,gingely,100,"['gingely', 'pearl millet', 'greengram']","[100, 0, 0]"
6.2,26.7,98.9,127.9,73.0,91.8,bhendi,bhendi,bhendi,91,"['bhendi', 'cabbage', 'capsicum']","[91, 8, 1]"
7.6,17.9,15.2,39.8,22.5,29.3,ragi,ragi,ragi,99,"['ragi', 'panivaragu', 'blackgram']","[99, 1, 0]"
7.2,35.6,71.6,78.7,30.6,37.8,jute,jute,jute,94,"['jute', 'horsegram', 'soyabean']","[94, 5, 1]"
5.6,27.1,54.5,52.9,23.9,23.3,cowpea,cowpea,cowpea,92,"['cowpea', 'bengalgram', 'horsegram']","[92, 6, 1]"
6.8,21.6,63.3,92.8,66.4,90.5,pumpkin,pumpkin,pumpkin,97,"['pumpkin', 'carrot', 'ash gourd']","[97, 2, 0]"
7.2,34.1,68.9,20.5,24.7,32.9,greengram,greengram,greengram,100,"['greengram', 'gingely', 'horsegram']","[100, 0, 0]"
6.7,21.9,66.8,76.7,44.4,41.4,small onion,small onion,small onion,74,"['small onion', 'groundnut', 'rice']","[74, 18, 5]"
7.0,23.0,73.5,72.1,49.4,51.0,small onion,small onion,small onion,67,"['small onion', 'cluster bean', 'cotton']","[67, 25, 3]"
6.9,30.7,81.6,65.0,59.4,52.0,elephant foot yam,elephant foot yam,elephant foot yam,65,"['elephant foot yam', 'tinda', 'ribbed gourd']","[65, 27, 3]"
7.3,27.8,83.1,79.7,46.5,45.9,tinda,tinda,tinda,75,"['tinda', 'annual moringa', 'jute']","[75, 7, 7]"
6.2,36.9,69.2,40.7,24.4,26.1,horsegram,horsegram,horsegram,97,"['horsegram', 'greengram', 'soyabean']","[97, 2, 0]"
6.4,28.4,62.5,81.0,73.7,90.3,ash gourd,ash gourd,ash gourd,97,"['ash gourd', 'pumpkin', 'bottle gourd']","[97, 3, 0]"
5.9,20.0,17.7,51.0,21.4,21.1,kudiraivali,kudiraivali,kudiraivali,99,"['kudiraivali', 'ragi', 'thinai']","[99, 0, 0]"
6.6,23.6,83.4,159.3,73.1,70.2,maize,maize,maize,97,"['maize', 'sugarbeet', 'tomato']","[97, 2, 1]"
6.3,18.0,63.9,89.3,84.2,88.8,carrot,carrot,carrot,98,"['carrot', 'pumpkin', 'maize']","[98, 2, 0]"
5.7,24.9,78.9,83.3,43.2,44.8,vegetable cowpea,vegetable cowpea,vegetable cowpea,72,"['vegetable cowpea', 'french bean', 'elephant foot yam']","[72, 20, 3]"
6.0,23.7,89.8,85.9,43.4,53.9,sweet potato,sweet potato,sweet potato,98,"['sweet potato', 'cauliflower', 'snake gourd']","[98, 1, 1]"
7.3,29.5,79.5,86.3,50.5,48.2,annual moringa,annual moringa,tinda,49,"['tinda', 'annual moringa', 'cotton']","[49, 26, 14]"
6.4,21.4,54.9,47.1,27.3,33.9,cowpea,cowpea,cowpea,92,"['cowpea', 'bengalgram', 'kudiraivali']","[92, 6, 1]"
7.9,21.5,78.3,86.6,50.9,50.9,cotton,cotton,cluster bean,70,"['cluster bean', 'cotton', 'rice']","[70, 25, 4]"
7.2,22.3,72.7,168.6,82.5,132.8,sugarcane,sugarcane,sugarcane,100,"['sugarcane', 'tomato', 'maize']","[100, 0, 0]"
6.8,28.7,82.1,83.0,31.5,49.0,jute,jute,jute,86,"['jute', 'tinda', 'elephant foot yam']","[86, 6, 3]"
6.7,29.9,80.0,112.0,46.8,65.5,muskmelon,muskmelon,muskmelon,93,"['muskmelon', 'watermelon', 'chillies']","[93, 2, 2]"
6.1,16.2,70.3,82.1,43.6,55.1,small onion,small onion,small onion,98,"['small onion', 'peas', 'french bean']","[98, 1, 0]"
6.0,25.4,16.7,34.9,26.6,27.2,varagu,varagu,varagu,78,"['varagu', 'thinai', 'ragi']","[78, 12, 5]"
8.9,30.3,15.5,34.9,28.5,22.1,samai,samai,samai,100,"['samai', 'blackgram', 'ragi']","[100, 0, 0]"
6.3,16.9,95.4,80.9,57.7,59.4,radish,radish,radish,84,"['radish', 'beetroot', 'cauliflower']","[84, 7, 5]"
6.9,25.7,65.6,34.9,30.9,31.7,greengram,greengram,greengram,99,"['greengram', 'horsegram', 'bengalgram']","[99, 1, 0]"
5.5,11.7,19.0,33.7,24.2,22.8,panivaragu,panivaragu,ragi,63,"['ragi', 'panivaragu', 'thinai']","[63, 37, 0]"
7.4,16.4,94.9,62.3,50.3,47.8,sorghum,sorghum,sorghum,98,"['sorghum', 'radish', 'beetroot']","[98, 1, 1]"
7.3,25.0,71.0,156.1,65.3,128.0,sugarcane,sugarcane,sugarcane,100,"['sugarcane', 'tomato', 'maize']","[100, 0, 0]"
6.3,15.1,92.1,118.0,78.0,97.0,capsicum,capsicum,cabbage,88,"['cabbage', 'capsicum', 'brinjal']","[88, 12, 0]"
7.2,29.1,77.3,88.0,42.9,50.6,tinda,tinda,tinda,46,"['tinda', 'annual moringa', 'cotton']","[46, 25, 14]"
7.7,21.2,89.4,42.2,35.8,21.8,sunflower,sunflower,sunflower,85,"['sunflower', 'castor', 'pearl millet']","[85, 13, 2]"
5.8,26.6,80.2,91.5,57.3,55.1,vegetable cowpea,vegetable cowpea,vegetable cowpea,61,"['vegetable cowpea', 'french bean', 'elephant foot yam']","[61, 21, 15]"
7.4,32.2,81.7,111.7,53.9,46.9,annual moringa,annual moringa,annual moringa,96,"['annual moringa', 'cotton', 'peas']","[96, 2, 1]"
6.7,29.3,85.0,93.0,75.5,74.5,bitter gourd,bitter gourd,bitter gourd,85,"['bitter gourd', 'ribbed gourd', 'snake gourd']","[85, 13, 0]"
6.7,20.9,83.4,111.5,51.1,117.9,tomato,tomato,tomato,75,"['tomato', 'onion', 'chillies']","[75, 20, 3]"
7.9,21.6,77.6,65.7,40.4,49.0,cluster bean,cluster bean,cluster bean,99,"['cluster bean', 'cotton', 'rice']","[99, 0, 0]"
6.7,9.3,96.1,118.4,59.1,51.2,cauliflower,cauliflower,cauliflower,100,"['cauliflower', 'radish', 'peas']","[100, 0, 0]"
5.8,27.9,77.2,74.3,42.0,58.1,vegetable cowpea,vegetable cowpea,vegetable cowpea,86,"['vegetable cowpea', 'elephant foot yam', 'french bean']","[86, 9, 3]"
6.8,20.3,18.7,39.2,21.0,21.0,panivaragu,panivaragu,thinai,40,"['thinai', 'ragi', 'panivaragu']","[40, 28, 20]"
7.3,29.8,90.0,101.3,40.3,93.9,brinjal,brinjal,brinjal,80,"['brinjal', 'bitter gourd', 'muskmelon']","[80, 6, 6]"
6.6,25.2,97.3,59.0,39.1,27.8,castor,castor,castor,71,"['castor', 'sunflower', 'pearl millet']","[71, 16, 7]"
6.0,20.6,98.0,89.2,50.8,46.7,beetroot,beetroot,beetroot,96,"['beetroot', 'radish', 'cauliflower']","[96, 1, 1]"
7.1,34.4,63.8,90.5,46.2,51.7,cucumber,cucumber,cucumber,82,"['cucumber', 'rice', 'jute']","[82, 17, 0]"
6.3,18.4,83.0,79.7,50.9,49.4,chowchow,chowchow,chowchow,93,"['chowchow', 'french bean', 'peas']","[93, 4, 1]"
5.7,29.2,84.4,66.1,51.9,49.0,elephant foot yam,elephant foot yam,vegetable cowpea,58,"['vegetable cowpea', 'elephant foot yam', 'french bean']","[58, 39, 2]"
5.8,24.2,60.0,47.9,38.1,37.4,bengalgram,bengalgram,bengalgram,96,"['bengalgram', 'cowpea', 'horsegram']","[96, 4, 0]"
6.6,16.8,98.9,81.9,43.6,48.1,radish,radish,radish,52,"['radish', 'cauliflower', 'beetroot']","[52, 40, 6]"
7.3,24.6,72.4,191.1,70.8,127.5,sugarcane,sugarcane,sugarcane,100,"['sugarcane', 'tomato', 'sugarbeet']","[100, 0, 0]"
5.9,25.5,60.0,49.0,31.5,37.2,bengalgram,bengalgram,bengalgram,95,"['bengalgram', 'cowpea', 'horsegram']","[95, 3, 1]"
6.8,25.7,79.6,60.7,41.9,83.5,bitter gourd,bitter gourd,ribbed gourd,49,"['ribbed gourd', 'bitter gourd', 'bottle gourd']","[49, 37, 11]"
7.7,29.2,70.7,101.7,55.4,58.6,cotton,cotton,cotton,61,"['cotton', 'rice', 'cucumber']","[61, 19, 12]"
6.9,23.4,81.7,57.4,33.6,21.7,sunflower,sunflower,sunflower,38,"['sunflower', 'redgram', 'castor']","[38, 32, 14]"
6.5,21.7,85.1,77.8,50.8,62.5,snake gourd,snake gourd,snake gourd,77,"['snake gourd', 'bottle gourd', 'chowchow']","[77, 18, 3]"
6.1,23.8,85.9,51.8,35.4,39.8,castor,castor,castor,35,"['castor', 'soyabean', 'pearl millet']","[35, 34, 24]"
6.9,34.9,61.8,33.2,32.9,23.6,greengram,greengram,greengram,99,"['greengram', 'horsegram', 'panivaragu']","[99, 1, 0]"
7.8,41.3,17.5,39.7,30.0,20.4,blackgram,blackgram,blackgram,77,"['blackgram', 'samai', 'panivaragu']","[77, 14, 8]"
6.5,22.0,59.2,86.8,50.6,48.2,wheat,wheat,wheat,97,"['wheat', 'rice', 'small onion']","[97, 2, 1]"
6.6,29.9,75.9,117.2,43.9,58.5,annual moringa,annual moringa,annual moringa,82,"['annual moringa', 'peas', 'muskmelon']","[82, 9, 5]"
6.9,24.1,98.4,77.6,51.7,58.0,sorghum,sorghum,sorghum,76,"['sorghum', 'cauliflower', 'beetroot']","[76, 20, 3]"
6.8,22.7,76.9,167.8,63.6,78.6,maize,maize,maize,90,"['maize', 'sugarbeet', 'tomato']","[90, 8, 1]"
6.0,22.1,86.7,89.3,50.1,77.4,snake gourd,snake gourd,snake gourd,97,"['snake gourd', 'bottle gourd', 'sweet potato']","[97, 1, 1]"
7.1,31.7,80.2,116.8,42.0,79.6,muskmelon,muskmelon,muskmelon,98,"['muskmelon', 'ribbed gourd', 'tomato']","[98, 1, 1]"
6.7,24.2,99.1,107.7,60.2,81.7,bhendi,bhendi,bhendi,93,"['bhendi', 'cabbage', 'capsicum']","[93, 4, 2]"
6.7,36.6,58.4,43.5,23.2,30.7,horsegram,horsegram,horsegram,99,"['horsegram', 'panivaragu', 'greengram']","[99, 0, 0]"
6.0,25.9,51.9,55.5,35.2,33.1,cowpea,cowpea,cowpea,92,"['cowpea', 'horsegram', 'bengalgram']","[92, 5, 3]"
5.6,20.0,17.6,41.2,35.8,36.7,kudiraivali,kudiraivali,kudiraivali,100,"['kudiraivali', 'cowpea', 'ragi']","[100, 0, 0]"
7.0,23.9,54.6,103.7,59.5,47.2,wheat,wheat,wheat,100,"['wheat', 'rice', 'peas']","[100, 0, 0]"
6.6,26.2,99.1,145.4,76.8,117.4,bhendi,bhendi,bhendi,94,"['bhendi', 'cabbage', 'capsicum']","[94, 4, 2]"
5.6,21.8,18.8,37.5,20.3,21.4,thinai,thinai,thinai,52,"['thinai', 'ragi', 'panivaragu']","[52, 29, 17]"
6.4,18.2,76.7,83.2,56.1,53.5,chowchow,chowchow,chowchow,81,"['chowchow', 'small onion', 'peas']","[81, 8, 6]"
6.2,28.0,58.1,66.3,49.5,89.1,ash gourd,ash gourd,ash gourd,99,"['ash gourd', 'pumpkin', 'tapoica']","[99, 1, 0]"
7.2,34.3,83.9,102.2,52.2,79.6,muskmelon,muskmelon,muskmelon,88,"['muskmelon', 'ribbed gourd', 'annual moringa']","[88, 11, 0]"
6.2,24.4,97.3,111.6,69.8,92.9,bhendi,bhendi,bhendi,86,"['bhendi', 'cabbage', 'capsicum']","[86, 12, 1]"
6.4,21.1,80.6,76.4,52.2,57.3,chowchow,chowchow,chowchow,93,"['chowchow', 'bottle gourd', 'vegetable cowpea']","[93, 2, 2]"
7.7,26.7,17.1,27.3,24.9,23.0,blackgram,blackgram,blackgram,88,"['blackgram', 'ragi', 'samai']","[88, 10, 2]"
6.2,25.9,77.2,118.2,57.7,86.7,watermelon,watermelon,chillies,53,"['chillies', 'watermelon', 'onion']","[53, 39, 3]"
6.4,22.1,79.4,114.6,42.2,119.1,onion,onion,onion,91,"['onion', 'chillies', 'tomato']","[91, 7, 1]"
6.7,32.7,63.6,29.3,25.7,34.1,greengram,greengram,greengram,100,"['greengram', 'horsegram', 'panivaragu']","[100, 0, 0]"
6.6,26.6,60.1,96.0,45.5,57.4,cucumber,cucumber,cucumber,54,"['cucumber', 'tapoica', 'rice']","[54, 30, 13]"
6.2,28.4,55.2,90.8,79.0,78.4,ash gourd,ash gourd,ash gourd,100,"['ash gourd', 'pumpkin', 'tapoica']","[100, 0, 0]"
7.4,28.6,82.3,95.3,58.9,56.4,cotton,cotton,tinda,44,"['tinda', 'annual moringa', 'cotton']","[44, 25, 20]"
6.5,28.9,90.0,63.2,69.5,65.9,bitter gourd,bitter gourd,bitter gourd,89,"['bitter gourd', 'snake gourd', 'ribbed gourd']","[89, 10, 1]"
6.6,13.5,65.0,70.3,53.4,58.0,groundnut,groundnut,groundnut,98,"['groundnut', 'small onion', 'peas']","[98, 1, 0]"
8.6,39.4,17.5,37.3,22.9,27.6,samai,samai,samai,99,"['samai', 'blackgram', 'panivaragu']","[99, 1, 0]"
5.9,24.4,85.8,101.3,59.9,47.4,sweet potato,sweet potato,sweet potato,98,"['sweet potato', 'vegetable cowpea', 'french bean']","[98, 1, 0]"
7.0,22.6,85.2,101.8,50.4,50.6,peas,peas,peas,53,"['peas', 'cotton', 'sweet potato']","[53, 34, 10]"
5.7,21.8,79.4,82.5,57.1,42.9,chowchow,chowchow,vegetable cowpea,47,"['vegetable cowpea', 'chowchow', 'french bean']","[47, 28, 22]"
7.3,33.4,89.3,60.9,31.4,47.2,jute,jute,jute,75,"['jute', 'pearl millet', 'soyabean']","[75, 16, 7]"
6.5,24.5,86.6,100.2,48.1,48.1,sweet potato,sweet potato,sweet potato,97,"['sweet potato', 'peas', 'cotton']","[97, 2, 0]"
6.6,19.1,80.3,131.3,78.9,111.6,tomato,tomato,tomato,89,"['tomato', 'onion', 'maize']","[89, 8, 2]"
7.8,29.3,87.6,98.7,52.8,49.4,cotton,cotton,cotton,79,"['cotton', 'annual moringa', 'tinda']","[79, 10, 6]"
7.0,24.0,17.1,34.0,28.7,23.7,thinai,thinai,thinai,38,"['thinai', 'ragi', 'blackgram']","[38, 28, 24]"
7.8,23.5,77.0,122.9,78.0,73.6,sugarbeet,sugarbeet,sugarbeet,97,"['sugarbeet', 'tomato', 'maize']","[97, 2, 0]"
6.9,20.0,18.5,46.7,26.0,34.6,kudiraivali,kudiraivali,kudiraivali,99,"['kudiraivali', 'ragi', 'thinai']","[99, 0, 0]"
6.3,16.4,96.5,91.2,45.2,46.0,radish,radish,radish,88,"['radish', 'cauliflower', 'beetroot']","[88, 9, 2]"
7.5,25.7,81.4,88.0,41.8,58.0,annual moringa,annual moringa,cotton,31,"['cotton', 'tinda', 'annual moringa']","[31, 27, 16]"
6.5,23.6,18.6,35.9,27.8,25.3,panivaragu,panivaragu,thinai,61,"['thinai', 'ragi', 'panivaragu']","[61, 18, 17]"
8.8,31.5,19.2,35.5,20.6,24.2,samai,samai,samai,100,"['samai', 'blackgram', 'panivaragu']","[100, 0, 0]"
5.5,16.3,96.7,88.9,53.1,41.7,radish,radish,radish,100,"['radish', 'beetroot', 'cauliflower']","[100, 0, 0]"
6.3,16.8,65.9,84.0,45.6,48.1,small onion,small onion,small onion,97,"['small onion', 'groundnut', 'peas']","[97, 2, 0]"
6.3,15.9,19.0,31.8,22.2,27.3,panivaragu,panivaragu,ragi,59,"['ragi', 'panivaragu', 'thinai']","[59, 40, 1]"
6.8,21.8,96.1,81.9,46.8,47.4,cauliflower,cauliflower,cauliflower,83,"['cauliflower', 'beetroot', 'sorghum']","[83, 13, 3]"
6.2,18.5,90.6,140.1,44.4,81.5,capsicum,capsicum,capsicum,90,"['capsicum', 'brinjal', 'cabbage']","[90, 7, 2]"
6.2,22.9,92.4,107.1,72.7,106.7,cabbage,cabbage,cabbage,45,"['cabbage', 'capsicum', 'bhendi']","[45, 29, 24]"
8.1,22.3,82.0,92.9,46.8,58.8,cluster bean,cluster bean,cluster bean,88,"['cluster bean', 'cotton', 'rice']","[88, 11, 0]"
6.9,24.7,78.2,83.7,41.7,76.4,watermelon,watermelon,watermelon,88,"['watermelon', 'muskmelon', 'ribbed gourd']","[88, 4, 3]"
6.5,29.8,88.7,86.6,51.1,85.6,bitter gourd,bitter gourd,bitter gourd,85,"['bitter gourd', 'snake gourd', 'muskmelon']","[85, 7, 3]"
6.6,19.5,75.7,77.1,24.4,25.3,soyabean,soyabean,soyabean,92,"['soyabean', 'redgram', 'sunflower']","[92, 7, 1]"
6.2,21.5,56.3,97.0,43.3,47.6,wheat,wheat,wheat,99,"['wheat', 'rice', 'small onion']","[99, 1, 0]"
7.4,25.5,83.3,75.5,53.5,40.6,tinda,tinda,tinda,64,"['tinda', 'cluster bean', 'cotton']","[64, 16, 8]"
7.0,21.4,65.0,79.4,42.2,59.1,groundnut,groundnut,groundnut,64,"['groundnut', 'small onion', 'rice']","[64, 22, 7]"
6.7,29.0,66.3,90.1,57.0,49.3,cucumber,cucumber,cucumber,79,"['cucumber', 'rice', 'tapoica']","[79, 16, 1]"
6.1,20.0,99.7,64.3,41.6,59.4,beetroot,beetroot,beetroot,95,"['beetroot', 'sorghum', 'radish']","[95, 5, 0]"
8.1,22.4,77.3,98.6,59.1,58.4,cluster bean,cluster bean,cluster bean,68,"['cluster bean', 'cotton', 'rice']","[68, 26, 4]"
6.5,27.1,79.2,60.0,20.2,26.1,soyabean,soyabean,soyabean,51,"['soyabean', 'redgram', 'horsegram']","[51, 44, 4]"
7.8,23.5,82.2,102.8,55.6,56.5,cotton,cotton,cotton,77,"['cotton', 'cluster bean', 'peas']","[77, 18, 3]"
6.1,24.8,70.4,96.3,47.7,94.7,ash gourd,ash gourd,ash gourd,60,"['ash gourd', 'pumpkin', 'watermelon']","[60, 27, 7]"
5.1,25.4,69.6,93.0,52.6,56.8,rice,rice,rice,99,"['rice', 'vegetable cowpea', 'tapoica']","[99, 0, 0]"
6.6,20.5,61.5,68.9,67.8,84.2,pumpkin,pumpkin,pumpkin,99,"['pumpkin', 'ash gourd', 'carrot']","[99, 1, 0]"
6.5,28.6,17.1,34.3,27.5,26.3,thinai,thinai,thinai,52,"['thinai', 'panivaragu', 'varagu']","[52, 22, 15]"
5.6,22.2,16.2,37.2,20.8,29.4,thinai,thinai,thinai,58,"['thinai', 'ragi', 'panivaragu']","[58, 25, 15]"
5.9,20.0,16.2,41.0,30.4,25.5,kudiraivali,kudiraivali,kudiraivali,98,"['kudiraivali', 'ragi', 'thinai']","[98, 1, 1]"
6.9,19.9,82.5,142.9,42.8,110.4,tomato,tomato,tomato,94,"['tomato', 'onion', 'brinjal']","[94, 4, 2]"
6.0,37.5,94.9,55.4,26.1,28.3,pearl millet,pearl millet,pearl millet,99,"['pearl millet', 'soyabean', 'gingely']","[99, 0, 0]"
7.0,17.8,66.3,91.1,75.4,79.6,carrot,carrot,carrot,92,"['carrot', 'pumpkin', 'sugarbeet']","[92, 6, 2]"
6.6,26.9,76.9,89.8,44.5,94.7,muskmelon,muskmelon,watermelon,40,"['watermelon', 'muskmelon', 'ribbed gourd']","[40, 25, 16]"
6.2,25.3,86.7,62.9,75.2,73.1,snake gourd,snake gourd,snake gourd,92,"['snake gourd', 'bitter gourd', 'bottle gourd']","[92, 4, 3]"
6.8,25.6,51.1,78.6,40.2,53.2,tapoica,tapoica,tapoica,98,"['tapoica', 'cucumber', 'groundnut']","[98, 1, 0]"
7.3,12.3,77.0,90.0,50.8,56.1,peas,peas,peas,100,"['peas', 'cluster bean', 'cotton']","[100, 0, 0]"
7.4,20.8,82.9,51.0,27.1,35.9,sunflower,sunflower,sunflower,81,"['sunflower', 'pearl millet', 'castor']","[81, 13, 3]"
6.7,26.4,85.2,85.7,56.1,95.5,bitter gourd,bitter gourd,bitter gourd,64,"['bitter gourd', 'snake gourd', 'watermelon']","[64, 11, 10]"
6.1,19.9,81.9,93.0,40.9,49.3,chowchow,chowchow,chowchow,91,"['chowchow', 'french bean', 'sweet potato']","[91, 4, 2]"
6.1,22.7,78.6,72.6,30.1,34.9,soyabean,soyabean,soyabean,94,"['soyabean', 'castor', 'jute']","[94, 4, 1]"
6.2,18.9,98.2,93.5,51.8,59.8,beetroot,beetroot,beetroot,95,"['beetroot', 'radish', 'cauliflower']","[95, 3, 1]"
6.7,6.1,98.5,111.9,43.1,52.1,cauliflower,cauliflower,cauliflower,100,"['cauliflower', 'radish', 'peas']","[100, 0, 0]"
6.6,25.4,85.0,138.1,62.3,97.8,chillies,chillies,chillies,34,"['chillies', 'brinjal', 'tomato']","[34, 25, 24]"
5.8,20.2,78.3,92.3,57.7,55.7,vegetable cowpea,vegetable cowpea,chowchow,55,"['chowchow', 'vegetable cowpea', 'french bean']","[55, 22, 21]"
7.1,15.6,78.7,146.1,65.6,65.8,sugarbeet,sugarbeet,sugarbeet,99,"['sugarbeet', 'maize', 'tomato']","[99, 0, 0]"
6.1,19.1,98.8,145.2,97.3,95.9,cabbage,cabbage,cabbage,99,"['cabbage', 'bhendi', 'capsicum']","[99, 0, 0]"
5.8,21.3,80.4,134.3,65.5,80.9,onion,onion,onion,59,"['onion', 'maize', 'chillies']","[59, 39, 1]"
7.3,24.8,96.5,75.2,31.3,22.5,sunflower,sunflower,sunflower,58,"['sunflower', 'castor', 'soyabean']","[58, 42, 0]"
9.0,33.1,18.4,30.6,23.9,22.2,samai,samai,samai,100,"['samai', 'blackgram', 'panivaragu']","[100, 0, 0]"
6.4,22.7,59.3,110.8,44.7,51.1,wheat,wheat,wheat,100,"['wheat', 'rice', 'small onion']","[100, 0, 0]"
6.8,35.5,63.2,45.2,30.5,33.7,horsegram,horsegram,horsegram,97,"['horsegram', 'greengram', 'bengalgram']","[97, 2, 1]"
6.7,27.4,78.5,60.4,78.1,95.2,bitter gourd,bitter gourd,bitter gourd,48,"['bitter gourd', 'ribbed gourd', 'bottle gourd']","[48, 48, 2]"
7.5,17.2,67.6,104.3,73.0,71.3,sugarbeet,sugarbeet,sugarbeet,95,"['sugarbeet', 'carrot', 'tomato']","[95, 5, 0]"
6.2,23.6,91.5,42.2,32.1,26.8,castor,castor,castor,61,"['castor', 'pearl millet', 'sunflower']","[61, 28, 7]"
6.8,22.0,67.8,187.5,70.6,120.9,sugarcane,sugarcane,sugarcane,96,"['sugarcane', 'maize', 'sugarbeet']","[96, 3, 1]"
6.7,23.8,69.2,169.1,71.9,137.6,sugarcane,sugarcane,sugarcane,99,"['sugarcane', 'maize', 'sugarbeet']","[99, 0, 0]"
5.6,30.7,83.7,87.9,47.2,50.3,elephant foot yam,elephant foot yam,elephant foot yam,90,"['elephant foot yam', 'vegetable cowpea', 'rice']","[90, 8, 2]"
6.1,20.6,62.1,67.9,76.3,93.2,pumpkin,pumpkin,pumpkin,98,"['pumpkin', 'ash gourd', 'carrot']","[98, 2, 0]"
6.2,24.7,81.2,143.4,62.1,86.4,onion,onion,chillies,44,"['chillies', 'onion', 'maize']","[44, 43, 10]"
6.1,11.7,17.8,33.7,24.0,20.9,ragi,ragi,ragi,54,"['ragi', 'panivaragu', 'thinai']","[54, 45, 0]"
6.4,26.1,97.0,75.9,43.2,49.9,sorghum,sorghum,sorghum,83,"['sorghum', 'cauliflower', 'jute']","[83, 16, 0]"
6.1,22.7,56.8,88.5,40.9,41.0,wheat,wheat,wheat,98,"['wheat', 'rice', 'tapoica']","[98, 1, 0]"
6.6,25.8,53.9,78.4,43.4,52.3,tapoica,tapoica,tapoica,98,"['tapoica', 'cucumber', 'groundnut']","[98, 1, 0]"
6.9,16.2,64.0,86.0,78.9,85.3,carrot,carrot,carrot,99,"['carrot', 'pumpkin', 'sugarbeet']","[99, 1, 0]"
6.3,20.8,99.1,81.6,41.0,55.2,beetroot,beetroot,beetroot,97,"['beetroot', 'cauliflower', 'sorghum']","[97, 1, 1]"
6.4,38.7,91.5,77.3,41.6,42.5,sorghum,sorghum,sorghum,81,"['sorghum', 'jute', 'elephant foot yam']","[81, 18, 0]"
6.4,35.4,82.8,69.3,32.2,30.1,jute,jute,jute,69,"['jute', 'soyabean', 'pearl millet']","[69, 23, 6]"
6.6,19.7,99.0,84.0,49.1,58.4,beetroot,beetroot,beetroot,88,"['beetroot', 'cauliflower', 'radish']","[88, 11, 1]"
6.6,25.7,85.4,77.6,38.9,31.7,castor,castor,soyabean,41,"['soyabean', 'jute', 'castor']","[41, 38, 16]"
5.7,25.5,17.5,34.6,21.0,29.8,thinai,thinai,varagu,80,"['varagu', 'thinai', 'ragi']","[80, 11, 5]"
6.1,23.5,90.0,119.9,45.2,118.8,brinjal,brinjal,brinjal,67,"['brinjal', 'capsicum', 'onion']","[67, 31, 1]"
6.6,14.7,99.8,81.0,46.6,44.5,cauliflower,cauliflower,radish,64,"['radish', 'cauliflower', 'beetroot']","[64, 34, 1]"
6.0,20.3,82.0,91.6,55.1,58.5,chowchow,chowchow,chowchow,73,"['chowchow', 'vegetable cowpea', 'french bean']","[73, 11, 11]"
6.5,29.7,79.5,138.0,78.5,112.8,tomato,tomato,chillies,88,"['chillies', 'tomato', 'muskmelon']","[88, 12, 0]"
6.2,24.0,60.6,86.7,44.4,50.2,rice,rice,rice,41,"['rice', 'small onion', 'wheat']","[41, 25, 19]"
6.2,17.4,64.6,86.6,84.6,74.9,carrot,carrot,carrot,100,"['carrot', 'pumpkin', 'sugarbeet']","[100, 0, 0]"
6.1,23.8,63.6,90.5,53.6,91.4,pumpkin,pumpkin,pumpkin,85,"['pumpkin', 'ash gourd', 'bottle gourd']","[85, 15, 0]"
6.5,16.6,66.4,114.3,68.6,74.0,carrot,carrot,carrot,69,"['carrot', 'sugarbeet', 'maize']","[69, 30, 0]"
6.0,28.8,52.3,67.6,44.1,59.5,tapoica,tapoica,tapoica,96,"['tapoica', 'ash gourd', 'cucumber']","[96, 3, 0]"
8.7,27.9,18.0,39.6,22.3,24.5,samai,samai,samai,99,"['samai', 'blackgram', 'ragi']","[99, 0, 0]"
6.9,29.3,64.1,24.3,39.6,31.0,greengram,greengram,greengram,100,"['greengram', 'horsegram', 'bengalgram']","[100, 0, 0]"
5.8,16.3,91.9,139.7,57.9,101.8,capsicum,capsicum,capsicum,86,"['capsicum', 'cabbage', 'brinjal']","[86, 14, 0]"
6.5,24.7,75.6,84.1,53.2,46.9,rice,rice,tinda,22,"['tinda', 'rice', 'small onion']","[22, 22, 16]"
6.6,25.6,95.1,101.7,40.6,56.2,cauliflower,cauliflower,cauliflower,98,"['cauliflower', 'sweet potato', 'peas']","[98, 1, 0]"
6.6,25.6,63.8,83.8,51.8,46.0,cucumber,cucumber,cucumber,75,"['cucumber', 'rice', 'tapoica']","[75, 16, 5]"
5.6,37.8,84.0,56.6,27.6,23.2,pearl millet,pearl millet,pearl millet,99,"['pearl millet', 'horsegram', 'soyabean']","[99, 0, 0]"
6.8,12.2,18.0,32.9,20.5,26.2,panivaragu,panivaragu,ragi,68,"['ragi', 'panivaragu', 'thinai']","[68, 32, 0]"
6.5,5.6,98.7,87.1,43.2,53.0,cauliflower,cauliflower,cauliflower,84,"['cauliflower', 'radish', 'beetroot']","[84, 16, 0]"
8.4,24.6,75.0,71.2,45.5,51.1,cluster bean,cluster bean,cluster bean,98,"['cluster bean', 'cotton', 'rice']","[98, 1, 1]"
5.9,25.0,18.5,34.3,20.3,28.2,varagu,varagu,varagu,67,"['varagu', 'thinai', 'ragi']","[67, 19, 7]"
6.5,25.6,98.6,132.6,61.8,89.9,bhendi,bhendi,bhendi,93,"['bhendi', 'cabbage', 'capsicum']","[93, 6, 1]"
6.6,36.0,65.0,56.8,58.7,52.9,groundnut,groundnut,groundnut,99,"['groundnut', 'cucumber', 'horsegram']","[99, 1, 0]"
6.1,18.3,76.4,75.8,79.5,91.7,bottle gourd,bottle gourd,bottle gourd,99,"['bottle gourd', 'pumpkin', 'snake gourd']","[99, 0, 0]"
7.0,28.4,77.4,110.3,48.4,59.6,cotton,cotton,annual moringa,57,"['annual moringa', 'peas', 'muskmelon']","[57, 16, 12]"
7.0,26.5,60.8,33.1,30.5,28.1,greengram,greengram,greengram,99,"['greengram', 'horsegram', 'bengalgram']","[99, 0, 0]"
7.8,20.9,97.4,73.6,22.6,32.0,sunflower,sunflower,sunflower,93,"['sunflower', 'castor', 'soyabean']","[93, 7, 0]"
6.3,22.0,55.2,113.0,57.8,52.6,wheat,wheat,wheat,99,"['wheat', 'sugarbeet', 'maize']","[99, 0, 0]"
7.4,29.7,88.6,54.8,29.4,39.6,pearl millet,pearl millet,pearl millet,78,"['pearl millet', 'soyabean', 'jute']","[78, 9, 7]"
7.6,31.0,75.7,89.5,42.3,42.4,annual moringa,annual moringa,annual moringa,60,"['annual moringa', 'jute', 'rice']","[60, 19, 15]"
6.8,22.0,57.5,87.2,53.2,42.1,wheat,wheat,wheat,98,"['wheat', 'rice', 'small onion']","[98, 1, 0]"
6.4,20.5,84.6,94.7,51.9,75.4,bottle gourd,bottle gourd,bottle gourd,67,"['bottle gourd', 'snake gourd', 'chowchow']","[67, 28, 1]"
7.7,23.8,98.1,67.9,37.7,27.1,castor,castor,castor,61,"['castor', 'sunflower', 'soyabean']","[61, 39, 0]"
6.1,18.9,93.3,143.2,80.1,118.6,cabbage,cabbage,cabbage,79,"['cabbage', 'capsicum', 'brinjal']","[79, 20, 1]"
6.5,25.5,73.2,53.1,29.9,31.3,soyabean,soyabean,horsegram,45,"['horsegram', 'soyabean', 'redgram']","[45, 36, 15]"
6.1,31.8,80.0,89.7,55.3,58.8,elephant foot yam,elephant foot yam,elephant foot yam,75,"['elephant foot yam', 'rice', 'jute']","[75, 15, 4]"
6.8,29.3,78.3,61.6,40.9,88.2,ribbed gourd,ribbed gourd,ribbed gourd,65,"['ribbed gourd', 'bitter gourd', 'ash gourd']","[65, 32, 1]"
6.6,19.9,98.6,89.8,48.9,44.2,beetroot,beetroot,beetroot,88,"['beetroot', 'cauliflower', 'radish']","[88, 11, 1]"
7.3,32.7,64.8,33.7,31.0,37.8,greengram,greengram,greengram,99,"['greengram', 'horsegram', 'blackgram']","[99, 0, 0]"
6.0,15.7,68.9,113.6,91.3,74.2,carrot,carrot,carrot,97,"['carrot', 'sugarbeet', 'maize']","[97, 3, 0]"
6.3,20.0,18.3,43.8,23.4,32.7,kudiraivali,kudiraivali,kudiraivali,99,"['kudiraivali', 'cowpea', 'thinai']","[99, 0, 0]"
7.4,20.0,81.1,50.3,20.6,39.5,sunflower,sunflower,sunflower,67,"['sunflower', 'pearl millet', 'redgram']","[67, 20, 9]"
7.3,23.2,90.0,142.4,40.9,80.4,brinjal,brinjal,brinjal,94,"['brinjal', 'capsicum', 'tomato']","[94, 5, 1]"
6.2,16.9,77.5,112.0,62.8,73.9,sugarbeet,sugarbeet,sugarbeet,95,"['sugarbeet', 'tomato', 'maize']","[95, 2, 1]"
7.0,24.9,62.0,76.9,66.4,83.4,pumpkin,pumpkin,pumpkin,90,"['pumpkin', 'ash gourd', 'ribbed gourd']","[90, 10, 0]"
6.7,20.2,98.3,63.5,43.4,55.2,beetroot,beetroot,beetroot,94,"['beetroot', 'sorghum', 'radish']","[94, 5, 0]"
6.0,18.3,76.0,93.3,56.2,46.2,chowchow,chowchow,chowchow,82,"['chowchow', 'french bean', 'small onion']","[82, 12, 3]"
6.9,23.6,77.6,110.9,71.7,70.6,sugarbeet,sugarbeet,sugarbeet,83,"['sugarbeet', 'tomato', 'maize']","[83, 9, 5]"
5.5,18.8,68.5,177.6,71.9,89.6,maize,maize,maize,100,"['maize', 'sugarbeet', 'carrot']","[100, 0, 0]"
6.4,19.4,95.1,106.7,76.2,85.3,cabbage,cabbage,cabbage,83,"['cabbage', 'capsicum', 'brinjal']","[83, 16, 1]"
6.1,22.0,95.2,101.2,79.3,80.1,cabbage,cabbage,cabbage,66,"['cabbage', 'bhendi', 'capsicum']","[66, 23, 8]"
7.2,26.9,17.7,30.2,21.0,25.9,blackgram,blackgram,blackgram,72,"['blackgram', 'ragi', 'thinai']","[72, 22, 4]"
5.8,27.6,53.9,35.0,26.5,23.0,cowpea,cowpea,cowpea,92,"['cowpea', 'thinai', 'panivaragu']","[92, 3, 2]"
6.9,32.0,65.0,60.3,42.7,58.5,groundnut,groundnut,groundnut,78,"['groundnut', 'cucumber', 'jute']","[78, 22, 0]"
6.3,34.7,97.3,67.9,59.9,41.5,sorghum,sorghum,sorghum,100,"['sorghum', 'elephant foot yam', 'jute']","[100, 0, 0]"
6.2,31.6,98.4,31.8,23.4,38.1,gingely,gingely,gingely,100,"['gingely', 'pearl millet', 'castor']","[100, 0, 0]"
7.3,32.3,18.0,22.6,30.5,26.8,blackgram,blackgram,blackgram,99,"['blackgram', 'panivaragu', 'samai']","[99, 0, 0]"
6.6,21.5,71.6,70.3,59.8,52.0,small onion,small onion,small onion,96,"['small onion', 'groundnut', 'chowchow']","[96, 2, 0]"
6.3,21.6,54.1,86.7,48.1,45.6,wheat,wheat,wheat,99,"['wheat', 'rice', 'small onion']","[99, 1, 0]"
6.8,26.8,74.0,158.5,64.7,75.5,maize,maize,maize,97,"['maize', 'sugarbeet', 'sugarcane']","[97, 2, 0]"
5.7,21.1,79.4,97.6,42.2,45.4,chowchow,chowchow,chowchow,40,"['chowchow', 'vegetable cowpea', 'french bean']","[40, 32, 20]"
7.1,28.6,69.0,88.6,55.3,59.9,cucumber,cucumber,cucumber,74,"['cucumber', 'rice', 'cotton']","[74, 13, 6]"
6.2,21.4,52.0,80.2,56.4,55.9,wheat,wheat,wheat,98,"['wheat', 'rice', 'small onion']","[98, 1, 0]"
8.0,26.3,66.4,168.3,91.6,137.9,sugarcane,sugarcane,sugarcane,100,"['sugarcane', 'maize', 'sugarbeet']","[100, 0, 0]"
6.9,20.0,66.0,93.6,41.5,51.2,small onion,small onion,small onion,77,"['small onion', 'rice', 'peas']","[77, 11, 8]"
6.9,32.0,17.6,35.7,22.9,30.1,blackgram,blackgram,blackgram,62,"['blackgram', 'panivaragu', 'thinai']","[62, 36, 2]"
7.4,40.9,17.1,20.9,27.0,32.9,blackgram,blackgram,blackgram,100,"['blackgram', 'panivaragu', 'samai']","[100, 0, 0]"
7.0,23.9,75.3,69.1,52.8,40.9,cluster bean,cluster bean,cluster bean,65,"['cluster bean', 'small onion', 'tinda']","[65, 19, 6]"
6.5,24.1,88.7,114.2,46.3,53.0,sweet potato,sweet potato,sweet potato,98,"['sweet potato', 'peas', 'cauliflower']","[98, 1, 0]"
6.3,18.0,76.4,88.6,57.3,46.4,chowchow,chowchow,chowchow,67,"['chowchow', 'small onion', 'peas']","[67, 16, 11]"
6.2,18.4,75.6,85.1,44.1,73.4,bottle gourd,bottle gourd,bottle gourd,97,"['bottle gourd', 'chowchow', 'pumpkin']","[97, 1, 1]"
6.5,27.4,71.0,94.3,58.7,65.5,ash gourd,ash gourd,ash gourd,90,"['ash gourd', 'ribbed gourd', 'pumpkin']","[90, 3, 2]"
6.6,12.9,100.0,113.6,51.3,50.8,cauliflower,cauliflower,cauliflower,97,"['cauliflower', 'radish', 'peas']","[97, 3, 0]"
5.8,22.7,86.2,105.3,49.7,58.4,sweet potato,sweet potato,sweet potato,100,"['sweet potato', 'vegetable cowpea', 'french bean']","[100, 0, 0]"
7.8,22.9,76.2,76.3,56.1,44.3,cluster bean,cluster bean,cluster bean,97,"['cluster bean', 'cotton', 'rice']","[97, 2, 0]"
6.8,17.9,60.8,95.2,78.0,61.1,carrot,carrot,carrot,95,"['carrot', 'pumpkin', 'sugarbeet']","[95, 3, 1]"
5.9,19.3,83.3,93.5,49.0,47.1,french bean,french bean,chowchow,68,"['chowchow', 'french bean', 'vegetable cowpea']","[68, 25, 4]"
6.8,28.1,83.6,70.2,63.1,82.0,bitter gourd,bitter gourd,bitter gourd,67,"['bitter gourd', 'ribbed gourd', 'bottle gourd']","[67, 31, 1]"
7.1,25.7,85.0,92.9,55.6,84.2,watermelon,watermelon,watermelon,44,"['watermelon', 'bitter gourd', 'muskmelon']","[44, 20, 19]"
7.5,29.9,76.8,89.5,56.6,84.1,muskmelon,muskmelon,muskmelon,55,"['muskmelon', 'ribbed gourd', 'watermelon']","[55, 42, 1]"
6.8,26.6,76.7,117.0,55.0,60.4,watermelon,watermelon,watermelon,40,"['watermelon', 'muskmelon', 'annual moringa']","[40, 31, 13]"
6.6,24.9,94.5,56.2,35.3,27.9,sunflower,sunflower,castor,42,"['castor', 'sunflower', 'pearl millet']","[42, 30, 18]"
7.4,22.0,74.3,171.6,87.4,127.8,sugarcane,sugarcane,sugarcane,100,"['sugarcane', 'tomato', 'maize']","[100, 0, 0]"
6.4,17.5,67.5,104.2,63.3,78.0,carrot,carrot,carrot,80,"['carrot', 'sugarbeet', 'pumpkin']","[80, 18, 1]"
7.3,27.9,80.5,53.5,31.3,33.7,pearl millet,pearl millet,redgram,44,"['redgram', 'pearl millet', 'horsegram']","[44, 31, 13]"
5.6,25.9,15.8,35.7,28.6,24.8,varagu,varagu,varagu,78,"['varagu', 'thinai', 'ragi']","[78, 12, 6]"
6.5,25.7,80.2,72.1,42.6,74.2,ribbed gourd,ribbed gourd,bottle gourd,45,"['bottle gourd', 'bitter gourd', 'ribbed gourd']","[45, 31, 15]"
6.9,31.2,76.1,99.5,56.1,89.5,muskmelon,muskmelon,muskmelon,82,"['muskmelon', 'ribbed gourd', 'bitter gourd']","[82, 16, 1]"
6.1,24.3,93.8,120.7,61.8,89.6,cabbage,cabbage,capsicum,37,"['capsicum', 'bhendi', 'cabbage']","[37, 35, 25]"
6.9,27.1,78.9,54.5,29.7,38.7,redgram,redgram,redgram,86,"['redgram', 'horsegram', 'soyabean']","[86, 7, 6]"
7.0,26.8,79.0,50.6,34.6,31.7,redgram,redgram,redgram,82,"['redgram', 'horsegram', 'soyabean']","[82, 12, 4]"
6.6,26.4,84.7,99.0,57.9,42.9,tinda,tinda,tinda,28,"['tinda', 'elephant foot yam', 'annual moringa']","[28, 22, 18]"
7.2,20.2,69.0,141.8,71.0,67.7,sugarbeet,sugarbeet,sugarbeet,97,"['sugarbeet', 'maize', 'carrot']","[97, 3, 0]"
6.3,27.0,61.5,96.8,55.5,49.4,rice,rice,rice,52,"['rice', 'tapoica', 'cucumber']","[52, 35, 11]"
6.7,30.7,60.8,71.6,42.6,47.7,cucumber,cucumber,cucumber,83,"['cucumber', 'groundnut', 'tapoica']","[83, 12, 4]"
6.7,10.9,86.0,84.1,42.0,59.0,peas,peas,peas,98,"['peas', 'cauliflower', 'radish']","[98, 1, 0]"
7.3,21.1,74.2,192.8,74.6,147.7,sugarcane,sugarcane,sugarcane,99,"['sugarcane', 'tomato', 'sugarbeet']","[99, 0, 0]"
7.2,26.9,81.1,117.0,47.4,72.6,watermelon,watermelon,watermelon,52,"['watermelon', 'muskmelon', 'tomato']","[52, 44, 2]"
6.3,7.4,99.6,111.3,94.1,117.6,cabbage,cabbage,cabbage,100,"['cabbage', 'capsicum', 'bhendi']","[100, 0, 0]"
6.4,26.9,83.7,76.7,59.8,52.7,elephant foot yam,elephant foot yam,elephant foot yam,82,"['elephant foot yam', 'tinda', 'vegetable cowpea']","[82, 9, 4]"
7.2,31.9,71.5,80.8,40.5,36.0,jute,jute,jute,96,"['jute', 'rice', 'cucumber']","[96, 2, 2]"
8.5,32.4,19.5,38.1,20.9,20.3,samai,samai,samai,100,"['samai', 'blackgram', 'panivaragu']","[100, 0, 0]"
6.5,29.0,79.1,137.8,70.9,109.7,chillies,chillies,chillies,87,"['chillies', 'tomato', 'sugarcane']","[87, 13, 0]"
6.6,26.9,99.3,147.1,94.3,107.8,bhendi,bhendi,bhendi,96,"['bhendi', 'cabbage', 'capsicum']","[96, 4, 0]"
7.3,25.3,79.7,114.5,43.4,62.2,muskmelon,muskmelon,watermelon,66,"['watermelon', 'muskmelon', 'cotton']","[66, 25, 3]"
7.4,20.2,82.4,135.6,72.4,103.2,tomato,tomato,tomato,98,"['tomato', 'brinjal', 'sugarbeet']","[98, 1, 0]"
6.2,24.0,88.3,77.1,74.0,77.4,snake gourd,snake gourd,snake gourd,98,"['snake gourd', 'bitter gourd', 'bottle gourd']","[98, 1, 1]"
6.3,23.4,65.9,69.9,50.6,99.3,pumpkin,pumpkin,pumpkin,91,"['pumpkin', 'ash gourd', 'bottle gourd']","[91, 9, 0]"
6.7,26.6,17.6,35.8,23.2,37.2,blackgram,blackgram,blackgram,77,"['blackgram', 'thinai', 'ragi']","[77, 12, 4]"
6.4,13.0,98.4,110.3,92.2,81.8,cabbage,cabbage,cabbage,100,"['cabbage', 'capsicum', 'bhendi']","[100, 0, 0]"
6.5,32.7,83.7,113.2,58.3,70.1,muskmelon,muskmelon,muskmelon,96,"['muskmelon', 'ribbed gourd', 'chillies']","[96, 1, 1]"
7.2,23.5,76.7,93.5,45.3,59.2,cluster bean,cluster bean,cluster bean,60,"['cluster bean', 'cotton', 'peas']","[60, 17, 9]"
8.5,22.7,81.4,96.4,43.8,49.0,cluster bean,cluster bean,cluster bean,96,"['cluster bean', 'cotton', 'rice']","[96, 4, 0]"
7.4,22.9,83.8,84.1,46.8,52.2,cluster bean,cluster bean,cluster bean,67,"['cluster bean', 'cotton', 'peas']","[67, 24, 8]"
7.2,34.5,78.2,62.0,62.0,79.8,ribbed gourd,ribbed gourd,ribbed gourd,100,"['ribbed gourd', 'bitter gourd', 'muskmelon']","[100, 0, 0]"
6.5,26.8,15.4,37.5,20.1,23.7,ragi,ragi,varagu,63,"['varagu', 'thinai', 'panivaragu']","[63, 21, 10]"
6.6,29.2,84.5,126.4,48.6,110.8,chillies,chillies,chillies,69,"['chillies', 'tomato', 'muskmelon']","[69, 28, 1]"
7.3,35.7,17.1,20.8,32.7,26.5,blackgram,blackgram,blackgram,100,"['blackgram', 'panivaragu', 'samai']","[100, 0, 0]"
6.3,29.3,60.0,59.5,33.7,39.2,bengalgram,bengalgram,bengalgram,88,"['bengalgram', 'horsegram', 'cowpea']","[88, 8, 4]"
7.5,32.8,71.8,93.6,33.5,41.3,jute,jute,jute,96,"['jute', 'rice', 'cucumber']","[96, 2, 1]"
5.9,18.8,82.3,70.1,51.2,54.4,chowchow,chowchow,chowchow,68,"['chowchow', 'french bean', 'vegetable cowpea']","[68, 28, 3]"
6.8,31.1,75.0,69.7,36.5,40.8,jute,jute,jute,95,"['jute', 'soyabean', 'horsegram']","[95, 3, 0]"
6.2,22.4,78.1,105.9,61.8,86.8,onion,onion,onion,77,"['onion', 'chillies', 'tomato']","[77, 13, 3]"
8.9,34.8,17.6,39.3,22.2,24.4,samai,samai,samai,99,"['samai', 'blackgram', 'panivaragu']","[99, 1, 0]"
7.2,25.6,76.2,91.1,40.2,66.3,ribbed gourd,ribbed gourd,watermelon,68,"['watermelon', 'muskmelon', 'ribbed gourd']","[68, 19, 10]"
6.1,25.2,56.4,67.0,45.8,43.3,tapoica,tapoica,tapoica,99,"['tapoica', 'cowpea', 'ash gourd']","[99, 1, 0]"
6.7,27.0,86.9,67.8,25.4,27.2,soyabean,soyabean,soyabean,88,"['soyabean', 'castor', 'sunflower']","[88, 6, 2]"
6.5,25.4,96.0,60.2,42.4,56.6,sorghum,sorghum,sorghum,98,"['sorghum', 'cauliflower', 'beetroot']","[98, 1, 0]"
6.8,21.1,78.5,83.6,49.6,55.9,rice,rice,peas,44,"['peas', 'cluster bean', 'rice']","[44, 21, 10]"
7.5,29.9,78.6,90.8,48.1,71.2,muskmelon,muskmelon,muskmelon,59,"['muskmelon', 'ribbed gourd', 'watermelon']","[59, 37, 1]"
6.0,17.0,96.6,69.2,55.0,42.9,radish,radish,radish,87,"['radish', 'sorghum', 'beetroot']","[87, 9, 4]"
6.5,20.0,63.5,93.6,79.9,64.6,pumpkin,pumpkin,carrot,70,"['carrot', 'pumpkin', 'sugarbeet']","[70, 29, 0]"
7.0,23.1,93.6,40.6,36.2,26.5,pearl millet,pearl millet,sunflower,58,"['sunflower', 'castor', 'pearl millet']","[58, 33, 9]"
7.4,27.6,17.4,26.2,36.2,27.0,blackgram,blackgram,blackgram,100,"['blackgram', 'thinai', 'ragi']","[100, 0, 0]"
6.7,30.9,82.6,97.5,56.1,43.9,elephant foot yam,elephant foot yam,elephant foot yam,48,"['elephant foot yam', 'annual moringa', 'tinda']","[48, 35, 9]"
5.9,25.1,86.6,34.9,26.8,34.5,gingely,gingely,gingely,95,"['gingely', 'castor', 'pearl millet']","[95, 3, 2]"
6.4,26.0,82.1,82.0,45.7,94.8,watermelon,watermelon,watermelon,52,"['watermelon', 'bottle gourd', 'bitter gourd']","[52, 26, 11]"
6.0,21.8,60.0,58.6,35.5,22.1,bengalgram,bengalgram,bengalgram,98,"['bengalgram', 'cowpea', 'soyabean']","[98, 2, 0]"
5.7,22.0,83.2,120.9,89.3,83.1,maize,maize,maize,51,"['maize', 'onion', 'bhendi']","[51, 18, 16]"
6.5,22.0,88.5,114.4,54.7,54.2,sweet potato,sweet potato,sweet potato,98,"['sweet potato', 'peas', 'cauliflower']","[98, 1, 0]"
7.3,24.7,87.6,109.5,59.4,49.3,cotton,cotton,cotton,70,"['cotton', 'peas', 'sweet potato']","[70, 27, 1]"
7.1,29.0,78.9,109.8,57.8,85.5,muskmelon,muskmelon,muskmelon,76,"['muskmelon', 'tomato', 'watermelon']","[76, 18, 2]"
7.2,25.6,79.5,108.4,54.3,85.3,muskmelon,muskmelon,watermelon,65,"['watermelon', 'muskmelon', 'tomato']","[65, 23, 10]"
6.6,15.1,65.0,54.6,46.7,58.5,groundnut,groundnut,groundnut,100,"['groundnut', 'small onion', 'pumpkin']","[100, 0, 0]"
6.3,18.3,71.0,64.4,24.8,33.0,soyabean,soyabean,soyabean,99,"['soyabean', 'redgram', 'bengalgram']","[99, 0, 0]"
6.8,20.5,68.7,67.1,53.3,46.4,small onion,small onion,small onion,86,"['small onion', 'groundnut', 'rice']","[86, 13, 0]"
6.4,21.1,82.4,73.2,53.9,57.0,chowchow,chowchow,chowchow,92,"['chowchow', 'vegetable cowpea', 'bottle gourd']","[92, 2, 2]"
6.9,25.9,80.9,52.5,32.9,23.6,redgram,redgram,redgram,75,"['redgram', 'soyabean', 'pearl millet']","[75, 9, 9]"
6.3,21.5,83.8,109.7,59.0,100.7,onion,onion,onion,74,"['onion', 'brinjal', 'capsicum']","[74, 18, 3]"
6.4,29.5,81.4,23.8,21.8,32.4,gingely,gingely,gingely,100,"['gingely', 'pearl millet', 'soyabean']","[100, 0, 0]"
6.4,27.1,80.0,137.9,40.4,106.8,chillies,chillies,chillies,95,"['chillies', 'tomato', 'onion']","[95, 4, 1]"
6.6,26.0,83.7,70.4,55.0,48.7,tinda,tinda,elephant foot yam,48,"['elephant foot yam', 'tinda', 'jute']","[48, 47, 1]"
8.0,13.3,18.3,30.9,27.6,29.8,ragi,ragi,ragi,100,"['ragi', 'panivaragu', 'blackgram']","[100, 0, 0]"
6.9,28.5,84.4,90.5,55.0,40.4,elephant foot yam,elephant foot yam,tinda,51,"['tinda', 'elephant foot yam', 'annual moringa']","[51, 15, 15]"
6.0,25.4,85.4,71.3,62.0,67.8,snake gourd,snake gourd,snake gourd,91,"['snake gourd', 'bottle gourd', 'bitter gourd']","[91, 7, 2]"
6.2,30.2,69.1,81.0,54.5,80.1,ash gourd,ash gourd,ash gourd,99,"['ash gourd', 'ribbed gourd', 'pumpkin']","[99, 1, 0]"
6.7,26.9,82.8,89.3,48.7,79.2,bitter gourd,bitter gourd,bitter gourd,31,"['bitter gourd', 'watermelon', 'muskmelon']","[31, 31, 19]"
8.7,33.1,18.6,35.7,20.7,26.0,samai,samai,samai,100,"['samai', 'blackgram', 'panivaragu']","[100, 0, 0]"
6.5,25.6,75.7,83.4,63.8,74.0,ribbed gourd,ribbed gourd,bottle gourd,49,"['bottle gourd', 'bitter gourd', 'ribbed gourd']","[49, 22, 17]"
6.2,25.4,95.5,118.0,71.1,91.1,bhendi,bhendi,bhendi,87,"['bhendi', 'cabbage', 'capsicum']","[87, 10, 2]"
5.8,20.8,77.2,60.6,56.9,44.1,vegetable cowpea,vegetable cowpea,chowchow,45,"['chowchow', 'vegetable cowpea', 'french bean']","[45, 29, 25]"
6.8,46.1,65.0,70.7,48.9,53.4,groundnut,groundnut,groundnut,98,"['groundnut', 'cucumber', 'rice']","[98, 2, 0]"
5.5,22.3,80.8,88.1,42.8,40.9,french bean,french bean,french bean,44,"['french bean', 'vegetable cowpea', 'chowchow']","[44, 27, 16]"
6.8,21.4,76.6,50.4,24.3,24.5,redgram,redgram,redgram,94,"['redgram', 'soyabean', 'sunflower']","[94, 4, 2]"
6.2,13.6,98.4,94.0,55.6,46.0,radish,radish,radish,96,"['radish', 'cauliflower', 'beetroot']","[96, 3, 1]"
6.9,43.9,65.0,59.8,40.6,55.2,groundnut,groundnut,groundnut,99,"['groundnut', 'cucumber', 'horsegram']","[99, 1, 0]"
7.5,23.1,78.0,71.9,46.0,52.4,cluster bean,cluster bean,cluster bean,99,"['cluster bean', 'cotton', 'tinda']","[99, 1, 0]"
6.2,23.3,76.3,90.7,58.6,91.4,bottle gourd,bottle gourd,bottle gourd,79,"['bottle gourd', 'watermelon', 'onion']","[79, 13, 3]"
6.3,28.6,56.0,41.2,23.4,25.9,horsegram,horsegram,cowpea,69,"['cowpea', 'horsegram', 'bengalgram']","[69, 19, 10]"
6.4,33.0,82.5,95.4,42.9,51.9,elephant foot yam,elephant foot yam,elephant foot yam,84,"['elephant foot yam', 'annual moringa', 'jute']","[84, 7, 7]"
7.3,26.3,61.7,68.2,55.1,43.3,cucumber,cucumber,cucumber,96,"['cucumber', 'tapoica', 'groundnut']","[96, 1, 1]"
6.7,25.6,76.8,67.3,72.2,66.9,ribbed gourd,ribbed gourd,ribbed gourd,38,"['ribbed gourd', 'bitter gourd', 'bottle gourd']","[38, 36, 23]"
5.7,22.7,54.7,35.8,31.9,33.9,cowpea,cowpea,cowpea,99,"['cowpea', 'thinai', 'bengalgram']","[99, 1, 0]"
7.0,26.7,54.9,51.8,39.0,28.3,horsegram,horsegram,horsegram,85,"['horsegram', 'cowpea', 'bengalgram']","[85, 8, 6]"
5.6,18.0,99.2,82.0,47.9,51.1,radish,radish,radish,89,"['radish', 'beetroot', 'sorghum']","[89, 10, 0]"
6.7,15.0,65.0,61.7,49.9,56.0,groundnut,groundnut,groundnut,98,"['groundnut', 'small onion', 'peas']","[98, 2, 0]"
5.9,20.0,16.0,43.1,25.9,22.0,kudiraivali,kudiraivali,kudiraivali,98,"['kudiraivali', 'ragi', 'thinai']","[98, 1, 1]"
6.5,25.9,94.2,68.1,31.8,36.5,castor,castor,castor,51,"['castor', 'soyabean', 'sunflower']","[51, 38, 5]"
7.4,22.7,97.5,50.0,33.5,23.2,sunflower,sunflower,sunflower,73,"['sunflower', 'castor', 'pearl millet']","[73, 25, 2]"
6.8,32.3,77.8,97.9,61.5,73.5,ribbed gourd,ribbed gourd,ribbed gourd,75,"['ribbed gourd', 'muskmelon', 'bitter gourd']","[75, 21, 3]"
6.8,27.1,60.0,40.2,39.7,35.0,bengalgram,bengalgram,bengalgram,57,"['bengalgram', 'greengram', 'horsegram']","[57, 32, 8]"
6.3,18.4,17.5,33.3,26.5,27.4,ragi,ragi,ragi,55,"['ragi', 'panivaragu', 'thinai']","[55, 35, 8]"
6.7,20.7,69.0,95.8,79.5,88.7,pumpkin,pumpkin,pumpkin,78,"['pumpkin', 'carrot', 'tomato']","[78, 15, 4]"
6.5,29.7,84.1,61.4,52.0,66.6,bitter gourd,bitter gourd,bitter gourd,56,"['bitter gourd', 'ribbed gourd', 'elephant foot yam']","[56, 36, 3]"
7.2,25.0,90.0,140.9,42.1,82.9,brinjal,brinjal,brinjal,90,"['brinjal', 'capsicum', 'tomato']","[90, 9, 1]"
6.4,25.4,19.4,36.5,20.6,21.9,thinai,thinai,varagu,70,"['varagu', 'thinai', 'panivaragu']","[70, 17, 7]"
7.0,27.7,88.7,114.2,40.5,49.5,peas,peas,peas,59,"['peas', 'cotton', 'sweet potato']","[59, 31, 6]"
6.4,20.7,98.7,63.3,54.1,40.6,beetroot,beetroot,beetroot,91,"['beetroot', 'sorghum', 'radish']","[91, 9, 0]"
6.8,29.1,90.0,120.7,64.4,119.4,brinjal,brinjal,brinjal,83,"['brinjal', 'capsicum', 'chillies']","[83, 12, 3]"
7.0,23.6,77.6,160.5,84.8,124.2,sugarcane,sugarcane,sugarcane,99,"['sugarcane', 'tomato', 'maize']","[99, 0, 0]"
6.7,27.1,75.5,120.8,46.3,113.6,chillies,chillies,chillies,64,"['chillies', 'tomato', 'muskmelon']","[64, 32, 2]"
6.8,26.8,68.2,84.1,46.6,93.7,pumpkin,pumpkin,pumpkin,63,"['pumpkin', 'ash gourd', 'watermelon']","[63, 34, 1]"
6.6,19.6,97.6,113.6,53.9,45.6,cauliflower,cauliflower,cauliflower,98,"['cauliflower', 'beetroot', 'radish']","[98, 1, 0]"
5.9,25.3,19.0,31.3,27.5,24.3,ragi,ragi,varagu,74,"['varagu', 'thinai', 'ragi']","[74, 14, 7]"
6.4,21.6,16.5,30.5,21.6,28.9,thinai,thinai,thinai,52,"['thinai', 'ragi', 'panivaragu']","[52, 18, 16]"
6.9,24.8,85.6,63.3,39.9,30.4,soyabean,soyabean,sunflower,46,"['sunflower', 'castor', 'soyabean']","[46, 23, 17]"
5.3,29.8,73.5,92.8,47.5,45.4,rice,rice,rice,97,"['rice', 'vegetable cowpea', 'elephant foot yam']","[97, 2, 1]"
6.1,27.8,60.0,52.6,22.4,21.1,bengalgram,bengalgram,bengalgram,93,"['bengalgram', 'horsegram', 'cowpea']","[93, 5, 2]"
6.6,21.8,66.2,92.7,42.4,45.3,small onion,small onion,small onion,79,"['small onion', 'rice', 'peas']","[79, 14, 3]"
5.7,23.0,61.5,162.9,83.8,85.6,maize,maize,maize,99,"['maize', 'sugarcane', 'sugarbeet']","[99, 1, 0]"
8.8,39.3,15.5,36.7,22.0,27.3,samai,samai,samai,100,"['samai', 'blackgram', 'panivaragu']","[100, 0, 0]"
6.4,26.8,18.4,38.9,27.8,24.1,varagu,varagu,varagu,72,"['varagu', 'thinai', 'panivaragu']","[72, 16, 6]"
5.9,27.7,77.3,77.5,58.8,56.5,vegetable cowpea,vegetable cowpea,vegetable cowpea,84,"['vegetable cowpea', 'elephant foot yam', 'french bean']","[84, 10, 3]"
8.2,22.1,75.1,74.2,59.0,43.7,cluster bean,cluster bean,cluster bean,99,"['cluster bean', 'cotton', 'rice']","[99, 1, 0]"
6.0,31.1,93.6,39.5,37.6,31.8,gingely,gingely,gingely,84,"['gingely', 'pearl millet', 'soyabean']","[84, 15, 0]"
6.0,21.0,76.1,104.6,79.5,96.3,onion,onion,onion,95,"['onion', 'chillies', 'maize']","[95, 2, 1]"
6.6,20.0,18.3,48.0,37.0,28.4,kudiraivali,kudiraivali,kudiraivali,99,"['kudiraivali', 'thinai', 'ragi']","[99, 0, 0]"
6.5,25.2,73.8,73.5,36.0,34.3,jute,jute,soyabean,54,"['soyabean', 'jute', 'horsegram']","[54, 44, 2]"
5.8,20.8,78.7,99.9,42.0,56.8,vegetable cowpea,vegetable cowpea,chowchow,44,"['chowchow', 'vegetable cowpea', 'french bean']","[44, 29, 21]"
6.7,27.5,62.7,88.9,40.0,47.2,cucumber,cucumber,cucumber,77,"['cucumber', 'rice', 'tapoica']","[77, 14, 5]"
7.4,20.3,90.8,78.6,30.0,30.6,sunflower,sunflower,sunflower,94,"['sunflower', 'soyabean', 'castor']","[94, 3, 2]"
7.0,35.0,61.9,39.8,34.2,30.7,greengram,greengram,greengram,66,"['greengram', 'horsegram', 'bengalgram']","[66, 33, 0]"
7.4,26.0,17.0,39.7,29.1,31.5,blackgram,blackgram,blackgram,70,"['blackgram', 'ragi', 'thinai']","[70, 22, 3]"
5.8,25.9,60.0,49.6,24.7,33.3,bengalgram,bengalgram,bengalgram,96,"['bengalgram', 'cowpea', 'horsegram']","[96, 3, 1]"
5.6,24.3,60.0,43.9,22.5,25.7,bengalgram,bengalgram,bengalgram,96,"['bengalgram', 'cowpea', 'thinai']","[96, 3, 0]"
6.6,22.0,52.6,88.1,54.2,59.9,wheat,wheat,wheat,97,"['wheat', 'rice', 'pumpkin']","[97, 1, 1]"
6.0,20.1,85.8,61.2,51.9,87.3,snake gourd,snake gourd,snake gourd,96,"['snake gourd', 'bottle gourd', 'bitter gourd']","[96, 3, 0]"
9.0,36.1,15.8,35.1,24.3,22.0,samai,samai,samai,100,"['samai', 'blackgram', 'panivaragu']","[100, 0, 0]"
6.4,20.3,98.5,78.0,59.4,58.4,beetroot,beetroot,beetroot,94,"['beetroot', 'sorghum', 'cauliflower']","[94, 5, 1]"
7.5,22.2,69.1,124.7,73.9,73.4,sugarbeet,sugarbeet,sugarbeet,98,"['sugarbeet', 'maize', 'tomato']","[98, 1, 0]"
6.1,26.4,90.0,125.7,68.9,87.7,brinjal,brinjal,brinjal,59,"['brinjal', 'capsicum', 'cabbage']","[59, 30, 6]"
6.6,21.2,88.9,51.1,31.0,24.8,pearl millet,pearl millet,sunflower,61,"['sunflower', 'pearl millet', 'soyabean']","[61, 16, 16]"
6.7,11.5,65.0,51.1,40.6,54.1,groundnut,groundnut,groundnut,100,"['groundnut', 'small onion', 'peas']","[100, 0, 0]"
6.0,26.2,50.5,80.4,56.5,46.8,tapoica,tapoica,tapoica,100,"['tapoica', 'rice', 'ash gourd']","[100, 0, 0]"
5.8,29.5,75.8,80.2,54.0,41.9,vegetable cowpea,vegetable cowpea,vegetable cowpea,81,"['vegetable cowpea', 'elephant foot yam', 'rice']","[81, 8, 8]"
7.6,37.9,17.1,39.4,26.4,35.0,blackgram,blackgram,blackgram,98,"['blackgram', 'samai', 'panivaragu']","[98, 1, 1]"
6.6,22.0,93.7,129.3,58.4,109.5,capsicum,capsicum,capsicum,87,"['capsicum', 'brinjal', 'cabbage']","[87, 5, 5]"
6.4,23.2,58.2,87.6,44.2,55.2,wheat,wheat,wheat,97,"['wheat', 'rice', 'tapoica']","[97, 1, 1]"
6.6,29.2,56.2,75.5,63.3,93.3,ash gourd,ash gourd,ash gourd,99,"['ash gourd', 'pumpkin', 'tapoica']","[99, 0, 0]"
6.6,29.8,81.9,86.2,41.9,60.8,bitter gourd,bitter gourd,muskmelon,32,"['muskmelon', 'bitter gourd', 'ribbed gourd']","[32, 21, 19]"
6.4,15.4,91.2,144.9,63.7,81.1,capsicum,capsicum,cabbage,75,"['cabbage', 'capsicum', 'brinjal']","[75, 24, 0]"
5.8,23.2,18.4,31.0,29.2,20.2,thinai,thinai,thinai,55,"['thinai', 'ragi', 'panivaragu']","[55, 21, 14]"
6.3,23.2,90.9,134.2,65.4,109.7,cabbage,cabbage,capsicum,41,"['capsicum', 'cabbage', 'bhendi']","[41, 41, 13]"
6.7,26.7,56.6,72.5,41.0,41.6,tapoica,tapoica,tapoica,96,"['tapoica', 'cucumber', 'groundnut']","[96, 3, 1]"
6.1,25.0,77.9,99.9,39.3,47.0,jute,jute,jute,61,"['jute', 'vegetable cowpea', 'rice']","[61, 12, 7]"
5.6,25.3,84.0,95.5,58.1,57.7,elephant foot yam,elephant foot yam,vegetable cowpea,42,"['vegetable cowpea', 'elephant foot yam', 'french bean']","[42, 25, 24]"
5.6,26.2,59.4,89.0,49.6,42.7,tapoica,tapoica,tapoica,92,"['tapoica', 'rice', 'cucumber']","[92, 7, 0]"
6.6,23.0,66.4,88.3,55.0,59.0,rice,rice,small onion,73,"['small onion', 'rice', 'pumpkin']","[73, 13, 8]"
5.6,29.5,54.0,56.7,23.9,27.6,cowpea,cowpea,cowpea,94,"['cowpea', 'bengalgram', 'horsegram']","[94, 4, 1]"
6.5,19.3,96.3,118.5,62.3,111.8,cabbage,cabbage,cabbage,77,"['cabbage', 'capsicum', 'brinjal']","[77, 22, 1]"
6.8,17.5,89.9,59.6,24.0,26.7,pearl millet,pearl millet,soyabean,63,"['soyabean', 'pearl millet', 'sunflower']","[63, 36, 1]"
6.2,29.9,81.5,129.8,77.4,82.6,chillies,chillies,chillies,94,"['chillies', 'maize', 'tomato']","[94, 2, 2]"
6.0,10.7,83.1,75.7,47.1,53.3,french bean,french bean,french bean,98,"['french bean', 'chowchow', 'radish']","[98, 1, 0]"
5.6,23.7,76.4,168.5,71.2,67.4,maize,maize,maize,99,"['maize', 'sugarbeet', 'onion']","[99, 0, 0]"
7.3,15.0,88.0,116.7,42.9,49.0,peas,peas,peas,100,"['peas', 'cotton', 'cauliflower']","[100, 0, 0]"
7.0,27.5,63.7,63.6,40.2,42.9,cucumber,cucumber,cucumber,79,"['cucumber', 'groundnut', 'tapoica']","[79, 17, 2]"
6.4,28.8,79.5,67.4,30.4,47.3,jute,jute,jute,86,"['jute', 'soyabean', 'elephant foot yam']","[86, 11, 1]"
7.0,11.7,73.8,105.2,44.0,53.3,peas,peas,peas,100,"['peas', 'small onion', 'cotton']","[100, 0, 0]"
7.3,32.9,77.5,88.2,70.6,60.6,ribbed gourd,ribbed gourd,ribbed gourd,91,"['ribbed gourd', 'muskmelon', 'annual moringa']","[91, 5, 2]"
6.2,31.1,91.5,25.2,30.0,20.0,gingely,gingely,gingely,100,"['gingely', 'pearl millet', 'soyabean']","[100, 0, 0]"
7.4,26.9,71.9,172.6,92.0,134.9,sugarcane,sugarcane,sugarcane,100,"['sugarcane', 'maize', 'tomato']","[100, 0, 0]"
6.9,22.9,95.3,56.6,22.0,39.5,castor,castor,sunflower,70,"['sunflower', 'castor', 'pearl millet']","[70, 25, 3]"
7.4,24.1,82.1,83.8,47.0,47.6,cluster bean,cluster bean,cluster bean,65,"['cluster bean', 'cotton', 'peas']","[65, 24, 7]"
7.4,23.6,76.0,127.6,60.9,108.1,tomato,tomato,tomato,97,"['tomato', 'sugarcane', 'chillies']","[97, 1, 1]"
6.3,21.2,54.5,42.6,30.6,31.7,cowpea,cowpea,cowpea,93,"['cowpea', 'bengalgram', 'kudiraivali']","[93, 5, 1]"
6.4,13.9,96.0,76.0,44.3,51.4,radish,radish,radish,94,"['radish', 'sorghum', 'cauliflower']","[94, 4, 1]"
5.8,27.9,58.7,61.8,43.9,45.0,tapoica,tapoica,tapoica,99,"['tapoica', 'cowpea', 'cucumber']","[99, 0, 0]"
5.7,19.0,73.1,143.3,70.0,86.1,maize,maize,maize,95,"['maize', 'sugarbeet', 'onion']","[95, 3, 2]"
5.9,12.3,82.9,73.5,58.3,55.3,french bean,french bean,french bean,99,"['french bean', 'chowchow', 'vegetable cowpea']","[99, 1, 0]"
6.4,26.2,72.5,75.4,47.2,48.7,jute,jute,jute,42,"['jute', 'small onion', 'tinda']","[42, 13, 10]"
5.1,31.3,76.1,88.4,55.6,55.3,rice,rice,rice,97,"['rice', 'elephant foot yam', 'vegetable cowpea']","[97, 2, 0]"
6.6,23.3,90.0,116.2,59.9,103.4,brinjal,brinjal,brinjal,78,"['brinjal', 'capsicum', 'bhendi']","[78, 19, 1]"
7.2,27.2,83.0,93.9,37.2,38.4,jute,jute,jute,95,"['jute', 'tinda', 'cotton']","[95, 3, 1]"
6.4,23.7,76.7,139.0,69.8,117.3,chillies,chillies,onion,53,"['onion', 'sugarcane', 'chillies']","[53, 26, 18]"
5.7,31.9,81.7,96.9,48.8,43.4,elephant foot yam,elephant foot yam,elephant foot yam,90,"['elephant foot yam', 'vegetable cowpea', 'rice']","[90, 7, 2]"
8.1,25.4,98.3,70.9,26.3,36.6,castor,castor,castor,87,"['castor', 'sunflower', 'soyabean']","[87, 12, 0]"
6.3,21.6,83.0,139.3,40.4,111.6,onion,onion,onion,96,"['onion', 'chillies', 'tomato']","[96, 2, 1]"
6.1,20.6,99.6,86.6,40.6,41.6,beetroot,beetroot,beetroot,98,"['beetroot', 'cauliflower', 'radish']","[98, 1, 0]"
6.0,21.6,60.0,51.0,23.6,35.4,bengalgram,bengalgram,bengalgram,97,"['bengalgram', 'cowpea', 'soyabean']","[97, 2, 0]"
7.2,29.3,83.7,69.1,42.8,51.7,tinda,tinda,tinda,86,"['tinda', 'jute', 'elephant foot yam']","[86, 6, 6]"
6.4,25.3,80.3,70.1,64.4,80.6,bottle gourd,bottle gourd,bottle gourd,75,"['bottle gourd', 'bitter gourd', 'snake gourd']","[75, 16, 4]"
7.4,35.1,92.9,49.5,39.2,20.6,pearl millet,pearl millet,pearl millet,98,"['pearl millet', 'gingely', 'soyabean']","[98, 1, 0]"
6.3,32.6,83.1,79.4,48.5,59.8,elephant foot yam,elephant foot yam,elephant foot yam,96,"['elephant foot yam', 'jute', 'ribbed gourd']","[96, 2, 1]"
7.3,15.3,74.9,94.6,53.5,44.1,peas,peas,peas,98,"['peas', 'small onion', 'cotton']","[98, 2, 0]"
6.0,26.5,50.1,46.8,25.6,35.9,cowpea,cowpea,cowpea,87,"['cowpea', 'horsegram', 'bengalgram']","[87, 6, 3]"
7.9,34.7,83.2,99.1,51.8,56.0,annual moringa,annual moringa,annual moringa,94,"['annual moringa', 'rice', 'cotton']","[94, 3, 1]"
6.7,26.5,97.0,116.8,73.8,87.2,bhendi,bhendi,bhendi,95,"['bhendi', 'cabbage', 'capsicum']","[95, 3, 2]"
6.5,26.9,51.8,94.0,57.0,46.9,tapoica,tapoica,tapoica,99,"['tapoica', 'cucumber', 'rice']","[99, 0, 0]"
7.3,31.8,80.2,75.5,40.3,76.2,ribbed gourd,ribbed gourd,ribbed gourd,92,"['ribbed gourd', 'muskmelon', 'bitter gourd']","[92, 7, 1]"
6.3,21.9,63.6,66.2,70.2,78.1,pumpkin,pumpkin,pumpkin,97,"['pumpkin', 'ash gourd', 'bottle gourd']","[97, 3, 0]"
6.5,19.5,98.8,70.1,44.7,44.2,beetroot,beetroot,beetroot,96,"['beetroot', 'sorghum', 'radish']","[96, 3, 1]"
6.7,21.0,88.2,93.3,48.6,94.0,snake gourd,snake gourd,snake gourd,85,"['snake gourd', 'brinjal', 'capsicum']","[85, 10, 2]"
7.1,26.7,70.4,114.9,52.3,52.9,peas,peas,cotton,63,"['cotton', 'peas', 'annual moringa']","[63, 27, 7]"
5.6,26.6,53.5,66.4,51.8,40.7,tapoica,tapoica,tapoica,100,"['tapoica', 'cowpea', 'french bean']","[100, 0, 0]"
7.2,18.7,72.7,81.0,59.4,53.2,peas,peas,peas,49,"['peas', 'small onion', 'rice']","[49, 39, 4]"
5.9,29.8,79.5,83.6,55.0,55.9,vegetable cowpea,vegetable cowpea,vegetable cowpea,67,"['vegetable cowpea', 'elephant foot yam', 'rice']","[67, 23, 8]"
7.4,21.2,84.9,77.8,42.1,58.3,cluster bean,cluster bean,cluster bean,92,"['cluster bean', 'cotton', 'peas']","[92, 4, 2]"
6.7,18.7,80.7,50.9,38.7,37.8,redgram,redgram,redgram,80,"['redgram', 'soyabean', 'pearl millet']","[80, 10, 8]"
5.9,14.3,75.0,72.3,55.2,51.9,french bean,french bean,french bean,94,"['french bean', 'small onion', 'chowchow']","[94, 4, 1]"
6.6,26.7,63.1,80.7,71.5,69.0,ash gourd,ash gourd,ash gourd,57,"['ash gourd', 'pumpkin', 'cucumber']","[57, 43, 0]"
6.2,24.8,73.7,82.4,52.0,53.8,small onion,small onion,small onion,61,"['small onion', 'rice', 'tinda']","[61, 26, 3]"
6.2,12.8,96.6,71.2,47.6,41.3,radish,radish,radish,96,"['radish', 'sorghum', 'cauliflower']","[96, 3, 1]"
7.3,22.2,72.9,154.4,99.8,122.6,sugarcane,sugarcane,sugarcane,100,"['sugarcane', 'tomato', 'maize']","[100, 0, 0]"
6.2,21.7,85.8,74.7,44.7,64.4,snake gourd,snake gourd,snake gourd,95,"['snake gourd', 'bottle gourd', 'chowchow']","[95, 4, 0]"
6.6,27.0,72.5,90.7,63.7,69.6,ash gourd,ash gourd,ash gourd,61,"['ash gourd', 'ribbed gourd', 'pumpkin']","[61, 24, 6]"
6.6,24.5,67.7,192.6,72.1,133.6,sugarcane,sugarcane,sugarcane,99,"['sugarcane', 'maize', 'sugarbeet']","[99, 0, 0]"
6.9,39.8,95.3,64.9,57.6,57.8,sorghum,sorghum,sorghum,100,"['sorghum', 'jute', 'elephant foot yam']","[100, 0, 0]"
7.2,20.1,81.0,56.7,31.0,27.0,sunflower,sunflower,sunflower,72,"['sunflower', 'pearl millet', 'redgram']","[72, 12, 12]"
5.9,22.3,85.8,105.4,42.5,41.6,sweet potato,sweet potato,sweet potato,100,"['sweet potato', 'vegetable cowpea', 'french bean']","[100, 0, 0]"
6.7,17.2,97.3,99.0,57.3,41.3,cauliflower,cauliflower,cauliflower,75,"['cauliflower', 'radish', 'beetroot']","[75, 21, 4]"
6.5,32.6,83.0,68.4,52.3,50.0,elephant foot yam,elephant foot yam,elephant foot yam,95,"['elephant foot yam', 'jute', 'tinda']","[95, 3, 1]"
7.2,23.5,77.7,101.3,79.9,109.5,tomato,tomato,tomato,95,"['tomato', 'chillies', 'sugarbeet']","[95, 2, 1]"
6.8,20.9,98.8,66.9,56.5,48.1,beetroot,beetroot,beetroot,88,"['beetroot', 'sorghum', 'cauliflower']","[88, 11, 1]"
6.9,23.0,68.6,83.8,57.0,45.7,rice,rice,small onion,71,"['small onion', 'rice', 'peas']","[71, 18, 3]"
7.2,30.2,71.3,44.5,34.2,34.4,horsegram,horsegram,horsegram,97,"['horsegram', 'greengram', 'jute']","[97, 2, 1]"
6.8,22.7,74.0,60.2,48.7,50.8,small onion,small onion,small onion,72,"['small onion', 'cluster bean', 'groundnut']","[72, 22, 2]"
6.2,25.4,16.9,35.1,26.5,28.4,varagu,varagu,varagu,76,"['varagu', 'thinai', 'ragi']","[76, 13, 5]"
5.3,20.0,17.6,31.7,26.4,21.0,ragi,ragi,ragi,79,"['ragi', 'thinai', 'panivaragu']","[79, 12, 8]"
6.2,22.9,57.0,89.8,58.4,49.8,wheat,wheat,wheat,98,"['wheat', 'rice', 'small onion']","[98, 1, 0]"
7.1,30.5,81.4,106.9,54.8,46.2,annual moringa,annual moringa,annual moringa,88,"['annual moringa', 'cotton', 'peas']","[88, 5, 3]"
6.1,24.1,66.2,77.3,59.8,49.9,small onion,small onion,small onion,87,"['small onion', 'rice', 'groundnut']","[87, 8, 1]"
5.4,26.0,83.1,66.8,22.5,25.7,castor,castor,castor,97,"['castor', 'pearl millet', 'soyabean']","[97, 2, 2]"
6.5,21.3,88.9,103.7,50.5,40.7,sweet potato,sweet potato,sweet potato,97,"['sweet potato', 'peas', 'cauliflower']","[97, 2, 1]"
7.3,22.5,77.3,176.7,80.5,144.8,sugarcane,sugarcane,sugarcane,99,"['sugarcane', 'tomato', 'sugarbeet']","[99, 1, 0]"
7.4,22.3,84.4,61.6,54.1,47.2,cluster bean,cluster bean,cluster bean,99,"['cluster bean', 'cotton', 'sorghum']","[99, 0, 0]"
6.1,27.8,81.3,88.7,50.8,46.7,elephant foot yam,elephant foot yam,elephant foot yam,72,"['elephant foot yam', 'vegetable cowpea', 'jute']","[72, 16, 4]"
5.6,15.2,17.6,38.8,29.1,29.6,panivaragu,panivaragu,ragi,68,"['ragi', 'panivaragu', 'thinai']","[68, 31, 0]"
6.8,23.7,68.4,153.8,82.7,128.4,sugarcane,sugarcane,sugarcane,99,"['sugarcane', 'maize', 'sugarbeet']","[99, 0, 0]"
6.2,28.7,75.9,102.8,76.3,90.1,chillies,chillies,chillies,94,"['chillies', 'tomato', 'ash gourd']","[94, 3, 1]"
6.1,22.3,75.5,111.7,51.6,83.8,onion,onion,onion,78,"['onion', 'chillies', 'watermelon']","[78, 11, 6]"
6.0,25.0,58.4,69.9,41.3,50.8,tapoica,tapoica,tapoica,98,"['tapoica', 'ash gourd', 'cucumber']","[98, 0, 0]"
8.8,37.3,15.7,39.3,26.2,29.9,samai,samai,samai,100,"['samai', 'blackgram', 'panivaragu']","[100, 0, 0]"
6.0,25.1,71.6,76.7,29.2,26.5,soyabean,soyabean,soyabean,91,"['soyabean', 'jute', 'horsegram']","[91, 5, 2]"
6.6,30.4,69.0,69.7,40.9,49.1,cucumber,cucumber,cucumber,79,"['cucumber', 'groundnut', 'jute']","[79, 15, 4]"
6.7,17.7,68.6,90.5,52.0,41.9,small onion,small onion,small onion,93,"['small onion', 'peas', 'groundnut']","[93, 6, 1]"
6.5,25.7,96.0,145.8,79.0,82.9,bhendi,bhendi,bhendi,91,"['bhendi', 'cabbage', 'capsicum']","[91, 6, 2]"
5.6,28.5,83.7,22.9,29.2,33.5,gingely,gingely,gingely,100,"['gingely', 'pearl millet', 'castor']","[100, 0, 0]"
6.3,26.6,90.0,150.0,67.8,86.1,brinjal,brinjal,brinjal,58,"['brinjal', 'capsicum', 'cabbage']","[58, 28, 6]"
5.3,18.6,18.7,32.9,30.0,27.5,ragi,ragi,ragi,85,"['ragi', 'panivaragu', 'thinai']","[85, 11, 3]"
6.6,25.6,96.3,121.4,83.1,97.9,bhendi,bhendi,bhendi,96,"['bhendi', 'cabbage', 'capsicum']","[96, 4, 1]"
6.2,26.5,56.2,73.9,52.6,40.4,tapoica,tapoica,tapoica,99,"['tapoica', 'ash gourd', 'cucumber']","[99, 0, 0]"
6.2,25.8,75.2,109.0,56.0,68.4,watermelon,watermelon,watermelon,89,"['watermelon', 'chillies', 'muskmelon']","[89, 4, 3]"
7.4,20.6,81.8,130.9,58.6,104.7,tomato,tomato,tomato,99,"['tomato', 'brinjal', 'onion']","[99, 0, 0]"
5.7,34.4,83.6,68.9,42.6,54.7,elephant foot yam,elephant foot yam,elephant foot yam,96,"['elephant foot yam', 'vegetable cowpea', 'jute']","[96, 3, 1]"
7.4,34.5,84.1,22.0,21.7,28.0,gingely,gingely,gingely,100,"['gingely', 'pearl millet', 'greengram']","[100, 0, 0]"
6.8,10.3,97.6,61.2,58.8,50.1,radish,radish,radish,92,"['radish', 'sorghum', 'cauliflower']","[92, 4, 3]"
7.2,26.7,80.7,84.3,53.4,45.4,tinda,tinda,tinda,55,"['tinda', 'cotton', 'annual moringa']","[55, 17, 17]"
7.2,17.1,88.5,108.8,50.3,49.6,peas,peas,peas,100,"['peas', 'cotton', 'cauliflower']","[100, 0, 0]"
6.5,20.0,62.0,128.0,87.9,77.7,maize,maize,maize,90,"['maize', 'carrot', 'sugarbeet']","[90, 7, 2]"
6.6,25.2,84.2,89.6,57.4,96.3,watermelon,watermelon,watermelon,38,"['watermelon', 'bitter gourd', 'bottle gourd']","[38, 28, 11]"
6.7,25.3,80.1,82.2,57.9,75.0,watermelon,watermelon,watermelon,37,"['watermelon', 'bitter gourd', 'ribbed gourd']","[37, 28, 15]"
7.6,20.3,17.4,35.3,37.9,22.0,blackgram,blackgram,blackgram,89,"['blackgram', 'ragi', 'kudiraivali']","[89, 10, 0]"
6.7,17.2,98.4,82.8,44.1,46.6,radish,radish,cauliflower,44,"['cauliflower', 'radish', 'beetroot']","[44, 43, 10]"
8.1,21.1,76.6,97.8,56.4,52.0,cluster bean,cluster bean,cluster bean,75,"['cluster bean', 'cotton', 'rice']","[75, 21, 3]"
6.7,30.2,65.0,65.3,48.1,56.5,groundnut,groundnut,groundnut,70,"['groundnut', 'cucumber', 'tapoica']","[70, 29, 0]"
6.7,27.7,65.0,58.4,48.9,42.3,groundnut,groundnut,groundnut,86,"['groundnut', 'cucumber', 'tapoica']","[86, 13, 0]"
7.2,23.1,83.1,87.6,41.7,40.2,cotton,cotton,cluster bean,57,"['cluster bean', 'cotton', 'peas']","[57, 28, 12]"
6.1,23.4,80.9,136.9,52.9,97.1,onion,onion,onion,69,"['onion', 'chillies', 'tomato']","[69, 30, 1]"
6.8,22.2,60.6,64.9,78.6,61.9,pumpkin,pumpkin,pumpkin,86,"['pumpkin', 'ash gourd', 'groundnut']","[86, 13, 0]"
7.5,27.4,86.3,40.3,23.5,26.3,pearl millet,pearl millet,gingely,87,"['gingely', 'pearl millet', 'castor']","[87, 11, 1]"
6.2,22.9,57.1,98.0,41.3,50.8,wheat,wheat,wheat,99,"['wheat', 'rice', 'small onion']","[99, 1, 0]"
6.2,24.3,70.9,61.9,66.7,84.9,ash gourd,ash gourd,ash gourd,54,"['ash gourd', 'pumpkin', 'bottle gourd']","[54, 25, 10]"
6.5,16.5,99.5,77.1,55.9,53.6,sorghum,sorghum,radish,77,"['radish', 'sorghum', 'beetroot']","[77, 14, 6]"
6.1,15.0,84.6,40.8,33.6,24.5,pearl millet,pearl millet,pearl millet,94,"['pearl millet', 'soyabean', 'castor']","[94, 6, 0]"
5.8,20.9,78.4,65.7,53.3,43.9,chowchow,chowchow,chowchow,46,"['chowchow', 'vegetable cowpea', 'french bean']","[46, 32, 22]"
6.1,19.7,98.8,72.7,49.2,40.2,sorghum,sorghum,beetroot,95,"['beetroot', 'sorghum', 'radish']","[95, 4, 1]"
8.9,32.4,16.0,33.9,25.1,26.5,samai,samai,samai,100,"['samai', 'blackgram', 'panivaragu']","[100, 0, 0]"
5.9,10.1,80.6,75.2,43.2,46.3,french bean,french bean,french bean,99,"['french bean', 'chowchow', 'peas']","[99, 0, 0]"
6.7,21.3,90.8,142.4,71.5,96.0,capsicum,capsicum,capsicum,74,"['capsicum', 'brinjal', 'cabbage']","[74, 17, 6]"
5.8,15.6,83.4,96.5,44.0,50.8,french bean,french bean,french bean,98,"['french bean', 'chowchow', 'vegetable cowpea']","[98, 1, 0]"
6.4,18.3,75.8,141.5,60.1,63.2,sugarbeet,sugarbeet,sugarbeet,76,"['sugarbeet', 'maize', 'onion']","[76, 23, 1]"
6.4,24.9,77.3,85.8,45.5,86.2,bottle gourd,bottle gourd,watermelon,71,"['watermelon', 'bottle gourd', 'bitter gourd']","[71, 20, 3]"
6.4,21.8,90.0,100.8,74.7,100.7,brinjal,brinjal,brinjal,57,"['brinjal', 'cabbage', 'bhendi']","[57, 17, 11]"
6.5,19.5,65.8,100.4,79.4,99.6,carrot,carrot,carrot,87,"['carrot', 'pumpkin', 'sugarbeet']","[87, 11, 1]"
6.8,16.7,70.3,85.7,51.3,59.4,small onion,small onion,small onion,86,"['small onion', 'peas', 'groundnut']","[86, 12, 2]"
6.5,26.1,83.0,66.5,64.4,69.8,bitter gourd,bitter gourd,bottle gourd,50,"['bottle gourd', 'bitter gourd', 'ribbed gourd']","[50, 32, 10]"
5.9,21.1,60.0,54.0,24.4,30.3,bengalgram,bengalgram,bengalgram,97,"['bengalgram', 'cowpea', 'kudiraivali']","[97, 3, 0]"
7.0,28.5,77.1,90.9,40.2,43.9,tinda,tinda,tinda,49,"['tinda', 'jute', 'annual moringa']","[49, 20, 15]"
6.3,23.9,59.0,81.3,41.4,47.9,wheat,wheat,wheat,82,"['wheat', 'tapoica', 'rice']","[82, 11, 3]"
6.6,18.1,99.2,75.9,51.6,50.6,beetroot,beetroot,beetroot,86,"['beetroot', 'sorghum', 'radish']","[86, 7, 6]"
6.5,19.3,85.5,116.5,40.8,40.5,peas,peas,peas,65,"['peas', 'sweet potato', 'chowchow']","[65, 33, 1]"
6.3,27.1,81.8,111.3,54.6,84.0,chillies,chillies,chillies,73,"['chillies', 'watermelon', 'muskmelon']","[73, 15, 4]"
7.9,21.1,76.2,86.7,56.8,45.4,cluster bean,cluster bean,cluster bean,64,"['cluster bean', 'cotton', 'rice']","[64, 29, 6]"
6.6,29.6,69.6,63.7,42.4,49.2,cucumber,cucumber,cucumber,75,"['cucumber', 'groundnut', 'jute']","[75, 17, 4]"
6.8,16.7,63.5,104.1,74.4,93.6,carrot,carrot,carrot,99,"['carrot', 'sugarbeet', 'pumpkin']","[99, 0, 0]"
6.4,34.5,84.9,77.3,44.6,48.2,jute,jute,elephant foot yam,78,"['elephant foot yam', 'jute', 'annual moringa']","[78, 21, 1]"
7.1,12.8,18.6,39.1,23.7,22.8,ragi,ragi,ragi,94,"['ragi', 'panivaragu', 'blackgram']","[94, 6, 0]"
7.3,34.3,17.3,30.4,33.3,29.2,blackgram,blackgram,blackgram,99,"['blackgram', 'panivaragu', 'samai']","[99, 0, 0]"
6.3,23.1,69.9,142.4,68.3,72.3,sugarbeet,sugarbeet,sugarbeet,50,"['sugarbeet', 'maize', 'pumpkin']","[50, 50, 0]"
6.9,26.4,73.0,91.7,35.2,41.7,jute,jute,jute,94,"['jute', 'tinda', 'rice']","[94, 1, 1]"
7.2,27.3,81.0,124.7,69.6,107.7,tomato,tomato,tomato,95,"['tomato', 'chillies', 'muskmelon']","[95, 4, 0]"
6.9,25.4,75.3,96.6,46.9,99.6,ribbed gourd,ribbed gourd,watermelon,49,"['watermelon', 'muskmelon', 'tomato']","[49, 18, 13]"
6.3,29.7,85.8,73.9,30.5,34.2,soyabean,soyabean,soyabean,65,"['soyabean', 'jute', 'pearl millet']","[65, 33, 2]"
6.8,24.3,83.9,54.0,30.9,33.2,sunflower,sunflower,redgram,30,"['redgram', 'sunflower', 'castor']","[30, 28, 15]"
5.4,37.1,76.6,91.5,52.4,57.7,rice,rice,rice,99,"['rice', 'elephant foot yam', 'jute']","[99, 0, 0]"
6.7,19.2,91.7,72.7,40.7,55.2,sorghum,sorghum,sorghum,89,"['sorghum', 'beetroot', 'radish']","[89, 9, 1]"
6.5,17.7,91.3,128.5,76.5,83.0,capsicum,capsicum,cabbage,54,"['cabbage', 'capsicum', 'brinjal']","[54, 45, 1]"
6.2,21.7,75.1,108.8,57.9,111.4,onion,onion,onion,91,"['onion', 'chillies', 'tomato']","[91, 7, 2]"
6.4,27.7,15.5,31.0,24.1,26.4,panivaragu,panivaragu,thinai,47,"['thinai', 'panivaragu', 'varagu']","[47, 25, 22]"
7.2,18.4,82.0,54.1,37.9,31.0,pearl millet,pearl millet,pearl millet,62,"['pearl millet', 'sunflower', 'redgram']","[62, 16, 13]"
6.0,21.8,88.7,94.5,42.9,58.8,sweet potato,sweet potato,sweet potato,97,"['sweet potato', 'snake gourd', 'chowchow']","[97, 1, 1]"
6.6,26.3,85.7,86.5,44.8,87.2,bitter gourd,bitter gourd,bitter gourd,57,"['bitter gourd', 'snake gourd', 'watermelon']","[57, 23, 11]"
5.9,24.5,78.2,107.8,73.8,112.4,onion,onion,onion,78,"['onion', 'chillies', 'maize']","[78, 21, 0]"
5.2,33.6,73.6,95.7,46.4,52.7,rice,rice,rice,100,"['rice', 'elephant foot yam', 'jute']","[100, 0, 0]"
8.5,29.3,17.9,38.5,22.9,24.5,samai,samai,samai,99,"['samai', 'blackgram', 'ragi']","[99, 1, 0]"
7.0,34.3,84.3,63.4,53.3,92.5,ribbed gourd,ribbed gourd,ribbed gourd,97,"['ribbed gourd', 'bitter gourd', 'muskmelon']","[97, 2, 1]"
6.7,26.2,99.9,144.2,82.6,86.2,bhendi,bhendi,bhendi,97,"['bhendi', 'cabbage', 'capsicum']","[97, 3, 0]"
7.0,31.7,63.4,29.9,36.0,30.2,greengram,greengram,greengram,100,"['greengram', 'horsegram', 'blackgram']","[100, 0, 0]"
6.1,30.6,64.4,99.6,41.3,67.4,ash gourd,ash gourd,ash gourd,97,"['ash gourd', 'rice', 'pumpkin']","[97, 2, 0]"
6.9,20.2,94.8,78.6,50.1,52.5,sorghum,sorghum,sorghum,72,"['sorghum', 'beetroot', 'cauliflower']","[72, 25, 2]"
6.1,17.3,64.0,85.2,90.2,79.1,carrot,carrot,carrot,100,"['carrot', 'pumpkin', 'sugarbeet']","[100, 0, 0]"
6.3,21.9,92.7,124.9,67.6,83.6,capsicum,capsicum,cabbage,43,"['cabbage', 'capsicum', 'bhendi']","[43, 36, 18]"
6.3,20.8,79.3,69.7,63.6,86.1,bottle gourd,bottle gourd,bottle gourd,96,"['bottle gourd', 'snake gourd', 'pumpkin']","[96, 4, 0]"
6.6,22.8,78.6,50.2,31.9,25.0,redgram,redgram,redgram,92,"['redgram', 'soyabean', 'sunflower']","[92, 4, 2]"
7.3,21.1,17.1,22.6,36.5,22.1,blackgram,blackgram,blackgram,99,"['blackgram', 'ragi', 'thinai']","[99, 1, 0]"
6.5,18.5,83.5,124.4,45.5,118.2,tomato,tomato,tomato,59,"['tomato', 'onion', 'brinjal']","[59, 29, 8]"
6.9,27.5,60.4,86.2,52.4,46.0,rice,rice,cucumber,72,"['cucumber', 'tapoica', 'rice']","[72, 17, 11]"
6.5,24.1,80.2,102.9,55.1,62.9,watermelon,watermelon,watermelon,85,"['watermelon', 'chillies', 'bottle gourd']","[85, 3, 3]"
6.2,43.2,15.9,35.1,21.7,28.5,panivaragu,panivaragu,panivaragu,99,"['panivaragu', 'blackgram', 'thinai']","[99, 1, 0]"
7.4,27.2,84.7,91.5,53.0,56.9,cotton,cotton,tinda,43,"['tinda', 'cotton', 'annual moringa']","[43, 24, 20]"
6.0,19.8,83.8,96.2,43.5,47.4,chowchow,chowchow,chowchow,74,"['chowchow', 'sweet potato', 'french bean']","[74, 11, 11]"
6.6,26.6,97.8,106.5,65.4,119.0,bhendi,bhendi,bhendi,90,"['bhendi', 'capsicum', 'cabbage']","[90, 5, 4]"
6.8,33.8,17.7,36.7,34.0,26.3,blackgram,blackgram,blackgram,87,"['blackgram', 'panivaragu', 'thinai']","[87, 12, 0]"
6.0,23.7,55.9,85.1,54.1,56.6,wheat,wheat,wheat,87,"['wheat', 'tapoica', 'rice']","[87, 9, 2]"
5.7,27.4,53.5,59.4,33.2,24.4,cowpea,cowpea,cowpea,94,"['cowpea', 'bengalgram', 'horsegram']","[94, 4, 2]"
6.7,28.2,80.8,56.3,31.7,23.5,redgram,redgram,redgram,74,"['redgram', 'soyabean', 'pearl millet']","[74, 15, 8]"
6.0,20.0,19.8,55.5,26.2,36.6,kudiraivali,kudiraivali,kudiraivali,98,"['kudiraivali', 'cowpea', 'bengalgram']","[98, 2, 0]"
7.0,24.2,71.3,63.2,47.4,51.6,small onion,small onion,small onion,73,"['small onion', 'groundnut', 'cluster bean']","[73, 9, 7]"
6.6,28.5,99.3,90.2,53.2,46.5,cauliflower,cauliflower,cauliflower,99,"['cauliflower', 'sorghum', 'peas']","[99, 1, 0]"
6.7,20.3,96.7,101.4,53.1,53.2,cauliflower,cauliflower,cauliflower,89,"['cauliflower', 'beetroot', 'radish']","[89, 11, 0]"
6.6,28.3,60.7,97.6,59.8,77.6,ash gourd,ash gourd,ash gourd,95,"['ash gourd', 'pumpkin', 'cucumber']","[95, 4, 1]"
5.7,15.7,97.9,77.0,40.6,58.3,radish,radish,radish,99,"['radish', 'sorghum', 'beetroot']","[99, 1, 0]"
7.2,24.6,71.3,60.2,40.3,38.8,jute,jute,jute,78,"['jute', 'cluster bean', 'soyabean']","[78, 6, 4]"
6.0,24.2,85.9,80.1,47.8,45.0,sweet potato,sweet potato,sweet potato,86,"['sweet potato', 'vegetable cowpea', 'jute']","[86, 6, 3]"
7.0,20.4,90.0,56.9,23.4,20.7,pearl millet,pearl millet,sunflower,80,"['sunflower', 'pearl millet', 'soyabean']","[80, 10, 8]"
6.7,39.2,52.6,48.5,31.7,35.7,horsegram,horsegram,horsegram,99,"['horsegram', 'panivaragu', 'blackgram']","[99, 0, 0]"
6.4,23.3,87.1,85.7,44.0,49.3,sweet potato,sweet potato,sweet potato,98,"['sweet potato', 'snake gourd', 'peas']","[98, 1, 0]"
6.4,9.6,91.9,120.5,71.8,117.8,cabbage,cabbage,cabbage,98,"['cabbage', 'capsicum', 'brinjal']","[98, 1, 0]"
7.7,33.9,63.9,88.9,59.0,49.7,rice,rice,rice,63,"['rice', 'cucumber', 'annual moringa']","[63, 36, 0]"
5.8,25.7,81.1,90.7,52.6,44.4,french bean,french bean,vegetable cowpea,59,"['vegetable cowpea', 'french bean', 'elephant foot yam']","[59, 21, 17]"
6.2,23.8,94.7,129.2,83.9,113.9,cabbage,cabbage,cabbage,67,"['cabbage', 'bhendi', 'capsicum']","[67, 28, 4]"
5.9,29.1,81.2,94.7,51.5,54.2,elephant foot yam,elephant foot yam,vegetable cowpea,55,"['vegetable cowpea', 'elephant foot yam', 'rice']","[55, 42, 2]"
6.5,23.3,68.3,92.1,57.3,43.2,small onion,small onion,small onion,79,"['small onion', 'rice', 'peas']","[79, 16, 2]"
7.5,26.6,80.3,106.9,56.5,43.0,annual moringa,annual moringa,annual moringa,51,"['annual moringa', 'cotton', 'peas']","[51, 38, 8]"
6.3,25.1,51.3,81.7,59.2,54.7,tapoica,tapoica,tapoica,97,"['tapoica', 'wheat', 'ash gourd']","[97, 1, 1]"
5.8,20.6,15.6,34.3,25.9,27.9,thinai,thinai,thinai,55,"['thinai', 'ragi', 'panivaragu']","[55, 25, 17]"
6.7,28.7,80.3,42.5,33.8,30.7,redgram,redgram,redgram,86,"['redgram', 'horsegram', 'pearl millet']","[86, 5, 5]"
5.7,19.5,79.1,71.2,55.5,41.5,chowchow,chowchow,chowchow,61,"['chowchow', 'french bean', 'vegetable cowpea']","[61, 32, 7]"
6.6,20.0,16.8,57.4,37.5,36.3,kudiraivali,kudiraivali,kudiraivali,100,"['kudiraivali', 'blackgram', 'thinai']","[100, 0, 0]"
6.8,22.2,86.0,82.0,50.6,42.7,peas,peas,sweet potato,55,"['sweet potato', 'peas', 'cotton']","[55, 30, 10]"
5.9,16.6,97.4,60.2,44.1,42.3,radish,radish,radish,94,"['radish', 'sorghum', 'beetroot']","[94, 4, 1]"
7.8,22.8,88.0,57.4,25.7,30.1,castor,castor,sunflower,66,"['sunflower', 'castor', 'pearl millet']","[66, 34, 1]"
6.6,12.8,95.8,86.4,47.2,40.9,radish,radish,cauliflower,50,"['cauliflower', 'radish', 'beetroot']","[50, 49, 0]"
6.9,26.8,76.9,115.2,52.1,80.0,muskmelon,muskmelon,watermelon,53,"['watermelon', 'muskmelon', 'tomato']","[53, 37, 5]"
6.6,26.2,96.9,149.1,80.2,97.8,bhendi,bhendi,bhendi,94,"['bhendi', 'cabbage', 'capsicum']","[94, 4, 1]"
6.6,35.8,73.1,68.5,44.6,36.0,jute,jute,jute,98,"['jute', 'horsegram', 'soyabean']","[98, 1, 0]"
5.6,27.7,68.1,84.2,40.8,57.4,rice,rice,rice,96,"['rice', 'tapoica', 'vegetable cowpea']","[96, 2, 1]"
6.9,34.3,65.0,52.5,46.7,40.2,groundnut,groundnut,groundnut,94,"['groundnut', 'horsegram', 'cucumber']","[94, 3, 2]"
6.7,16.8,69.5,75.3,40.5,48.3,small onion,small onion,small onion,87,"['small onion', 'groundnut', 'peas']","[87, 12, 1]"
6.5,18.2,93.5,102.8,73.2,103.3,cabbage,cabbage,cabbage,51,"['cabbage', 'capsicum', 'brinjal']","[51, 46, 2]"
6.0,15.7,95.9,118.0,99.3,82.3,cabbage,cabbage,cabbage,99,"['cabbage', 'capsicum', 'bhendi']","[99, 1, 0]"
6.1,24.9,80.5,80.1,45.6,77.7,bottle gourd,bottle gourd,bottle gourd,51,"['bottle gourd', 'watermelon', 'snake gourd']","[51, 39, 4]"
6.9,16.4,72.6,91.2,46.6,42.3,small onion,small onion,small onion,52,"['small onion', 'peas', 'groundnut']","[52, 47, 0]"
7.1,27.3,82.6,63.2,42.0,56.9,tinda,tinda,tinda,87,"['tinda', 'elephant foot yam', 'jute']","[87, 6, 3]"
6.2,19.5,99.4,62.3,57.2,46.9,beetroot,beetroot,beetroot,95,"['beetroot', 'sorghum', 'radish']","[95, 4, 1]"
6.8,15.5,62.8,112.2,96.3,99.4,carrot,carrot,carrot,100,"['carrot', 'sugarcane', 'sugarbeet']","[100, 0, 0]"
6.4,25.1,16.0,38.2,21.7,22.5,varagu,varagu,varagu,67,"['varagu', 'thinai', 'panivaragu']","[67, 20, 7]"
7.3,33.8,96.8,69.1,43.4,54.7,sorghum,sorghum,sorghum,100,"['sorghum', 'jute', 'elephant foot yam']","[100, 0, 0]"
6.5,24.4,89.8,76.1,79.9,99.7,snake gourd,snake gourd,snake gourd,94,"['snake gourd', 'bitter gourd', 'bottle gourd']","[94, 5, 1]"
5.8,16.4,81.4,79.2,53.5,55.7,french bean,french bean,french bean,97,"['french bean', 'chowchow', 'vegetable cowpea']","[97, 2, 0]"
6.3,18.6,100.0,88.3,44.5,57.6,beetroot,beetroot,beetroot,94,"['beetroot', 'radish', 'cauliflower']","[94, 4, 1]"
5.2,23.2,54.6,50.5,38.7,38.9,cowpea,cowpea,cowpea,99,"['cowpea', 'bengalgram', 'ragi']","[99, 1, 0]"
6.8,20.1,78.8,58.9,36.2,22.7,redgram,redgram,redgram,81,"['redgram', 'soyabean', 'sunflower']","[81, 10, 8]"
6.3,26.4,62.4,84.4,55.7,73.9,pumpkin,pumpkin,ash gourd,68,"['ash gourd', 'pumpkin', 'rice']","[68, 32, 0]"
6.5,31.2,67.8,32.1,32.5,24.1,greengram,greengram,greengram,98,"['greengram', 'horsegram', 'soyabean']","[98, 1, 0]"
7.4,26.6,76.0,84.3,59.8,75.1,watermelon,watermelon,ribbed gourd,49,"['ribbed gourd', 'watermelon', 'muskmelon']","[49, 27, 20]"
7.1,28.7,66.2,22.1,27.4,36.2,greengram,greengram,greengram,100,"['greengram', 'horsegram', 'gingely']","[100, 0, 0]"
5.8,29.1,77.8,88.5,47.3,53.4,vegetable cowpea,vegetable cowpea,vegetable cowpea,78,"['vegetable cowpea', 'elephant foot yam', 'rice']","[78, 11, 9]"
6.4,16.6,61.5,109.9,92.9,76.7,carrot,carrot,carrot,100,"['carrot', 'sugarbeet', 'maize']","[100, 0, 0]"
6.5,22.5,97.4,90.7,52.6,54.2,cauliflower,cauliflower,cauliflower,91,"['cauliflower', 'beetroot', 'sweet potato']","[91, 6, 1]"
6.1,23.4,85.6,97.9,44.3,58.3,sweet potato,sweet potato,sweet potato,96,"['sweet potato', 'snake gourd', 'vegetable cowpea']","[96, 1, 1]"
7.2,24.0,83.3,109.8,50.8,58.8,peas,peas,cotton,60,"['cotton', 'peas', 'cluster bean']","[60, 31, 4]"
6.5,21.9,58.4,119.3,54.6,43.2,wheat,wheat,wheat,100,"['wheat', 'rice', 'peas']","[100, 0, 0]"
6.7,21.7,77.7,48.5,27.4,33.9,redgram,redgram,redgram,96,"['redgram', 'soyabean', 'sunflower']","[96, 2, 2]"
6.4,22.6,78.0,136.9,45.5,96.4,onion,onion,onion,79,"['onion', 'chillies', 'tomato']","[79, 15, 5]"
7.0,29.2,69.8,86.5,44.3,44.5,cucumber,cucumber,cucumber,65,"['cucumber', 'rice', 'jute']","[65, 18, 8]"
6.9,28.2,82.5,31.0,22.4,29.7,gingely,gingely,gingely,98,"['gingely', 'redgram', 'pearl millet']","[98, 1, 1]"
7.4,25.5,71.6,172.6,84.7,131.2,sugarcane,sugarcane,sugarcane,100,"['sugarcane', 'maize', 'tomato']","[100, 0, 0]"
6.6,28.7,67.9,51.6,27.8,30.4,horsegram,horsegram,horsegram,82,"['horsegram', 'bengalgram', 'soyabean']","[82, 8, 5]"
5.7,29.3,87.1,38.9,29.7,35.1,gingely,gingely,gingely,93,"['gingely', 'pearl millet', 'castor']","[93, 6, 0]"
7.4,29.5,80.9,94.4,60.0,71.5,ribbed gourd,ribbed gourd,ribbed gourd,68,"['ribbed gourd', 'muskmelon', 'bitter gourd']","[68, 24, 5]"
5.8,28.1,60.0,44.5,36.1,31.2,bengalgram,bengalgram,bengalgram,94,"['bengalgram', 'cowpea', 'horsegram']","[94, 4, 2]"
7.4,25.7,76.0,98.6,58.7,40.1,annual moringa,annual moringa,cotton,28,"['cotton', 'annual moringa', 'tinda']","[28, 25, 24]"
6.7,19.5,69.4,117.5,94.6,82.4,carrot,carrot,carrot,95,"['carrot', 'maize', 'sugarbeet']","[95, 3, 2]"
8.6,33.9,15.5,38.9,24.7,22.1,samai,samai,samai,100,"['samai', 'blackgram', 'panivaragu']","[100, 0, 0]"
6.5,27.1,81.4,125.9,70.1,101.6,chillies,chillies,chillies,84,"['chillies', 'tomato', 'brinjal']","[84, 14, 1]"
7.2,26.8,74.2,112.2,41.4,52.6,cotton,cotton,cotton,53,"['cotton', 'peas', 'annual moringa']","[53, 23, 22]"
7.2,25.3,78.5,116.1,53.6,56.3,annual moringa,annual moringa,cotton,42,"['cotton', 'annual moringa', 'peas']","[42, 36, 17]"
6.6,20.0,95.9,80.5,46.0,45.1,cauliflower,cauliflower,beetroot,48,"['beetroot', 'cauliflower', 'sorghum']","[48, 47, 3]"
7.3,24.5,90.0,108.4,75.9,103.2,brinjal,brinjal,brinjal,94,"['brinjal', 'capsicum', 'tomato']","[94, 5, 1]"
5.7,43.3,88.1,55.2,35.9,29.9,pearl millet,pearl millet,pearl millet,100,"['pearl millet', 'jute', 'soyabean']","[100, 0, 0]"
7.8,22.4,74.6,82.8,43.7,50.0,cotton,cotton,cotton,45,"['cotton', 'cluster bean', 'rice']","[45, 37, 16]"
7.5,29.3,78.1,43.0,29.8,35.4,horsegram,horsegram,horsegram,76,"['horsegram', 'redgram', 'pearl millet']","[76, 16, 3]"
5.7,25.2,18.3,36.9,24.5,22.1,thinai,thinai,varagu,74,"['varagu', 'thinai', 'ragi']","[74, 14, 7]"
8.5,24.5,78.3,67.0,51.8,56.3,cluster bean,cluster bean,cluster bean,100,"['cluster bean', 'cotton', 'rice']","[100, 0, 0]"
7.2,25.8,78.1,103.6,58.5,44.0,cotton,cotton,annual moringa,42,"['annual moringa', 'cotton', 'peas']","[42, 36, 15]"
6.8,33.4,84.3,93.9,51.1,54.6,elephant foot yam,elephant foot yam,elephant foot yam,63,"['elephant foot yam', 'annual moringa', 'jute']","[63, 29, 3]"
7.1,24.1,81.7,92.4,42.2,80.9,watermelon,watermelon,watermelon,94,"['watermelon', 'muskmelon', 'ribbed gourd']","[94, 2, 1]"
5.9,27.7,83.5,84.9,47.2,57.1,vegetable cowpea,vegetable cowpea,vegetable cowpea,55,"['vegetable cowpea', 'elephant foot yam', 'french bean']","[55, 41, 3]"
5.7,26.0,80.5,99.1,50.4,51.8,elephant foot yam,elephant foot yam,vegetable cowpea,58,"['vegetable cowpea', 'french bean', 'elephant foot yam']","[58, 22, 16]"
5.8,19.6,74.4,140.2,71.0,61.5,maize,maize,maize,82,"['maize', 'sugarbeet', 'carrot']","[82, 18, 0]"
6.3,29.3,51.2,96.5,59.3,66.2,ash gourd,ash gourd,ash gourd,99,"['ash gourd', 'tapoica', 'pumpkin']","[99, 1, 0]"
5.6,25.9,50.4,79.6,56.2,56.3,tapoica,tapoica,tapoica,99,"['tapoica', 'ash gourd', 'rice']","[99, 0, 0]"
6.5,24.1,65.0,72.7,41.8,53.9,groundnut,groundnut,groundnut,72,"['groundnut', 'small onion', 'cucumber']","[72, 19, 8]"
7.0,26.0,95.8,62.4,44.4,49.4,sorghum,sorghum,sorghum,99,"['sorghum', 'cauliflower', 'castor']","[99, 0, 0]"
6.1,24.2,77.1,86.4,45.0,86.7,watermelon,watermelon,watermelon,55,"['watermelon', 'bottle gourd', 'bitter gourd']","[55, 39, 1]"
6.5,18.6,68.9,116.5,79.1,75.7,carrot,carrot,carrot,57,"['carrot', 'sugarbeet', 'maize']","[57, 38, 4]"
7.0,20.5,98.0,81.5,53.0,43.2,beetroot,beetroot,beetroot,87,"['beetroot', 'cauliflower', 'sorghum']","[87, 10, 2]"
5.7,20.0,18.0,44.6,31.8,20.7,kudiraivali,kudiraivali,kudiraivali,99,"['kudiraivali', 'ragi', 'thinai']","[99, 0, 0]"
5.4,29.9,50.4,42.2,39.6,34.7,cowpea,cowpea,cowpea,99,"['cowpea', 'bengalgram', 'horsegram']","[99, 1, 0]"
6.6,24.7,65.0,79.9,54.7,58.4,groundnut,groundnut,groundnut,45,"['groundnut', 'cucumber', 'small onion']","[45, 22, 21]"
6.2,20.1,70.8,104.7,62.1,69.0,sugarbeet,sugarbeet,sugarbeet,89,"['sugarbeet', 'carrot', 'maize']","[89, 5, 5]"
5.6,23.2,77.6,162.8,60.6,78.0,maize,maize,maize,99,"['maize', 'onion', 'sugarbeet']","[99, 1, 0]"
6.4,21.5,80.2,154.0,69.3,60.0,maize,maize,maize,89,"['maize', 'sugarbeet', 'onion']","[89, 10, 1]"
6.7,13.8,98.6,85.1,46.1,48.6,cauliflower,cauliflower,radish,55,"['radish', 'cauliflower', 'beetroot']","[55, 44, 1]"
6.1,19.4,61.3,82.7,70.1,72.6,carrot,carrot,pumpkin,57,"['pumpkin', 'carrot', 'ash gourd']","[57, 43, 0]"
7.1,31.9,67.4,62.4,57.5,43.4,cucumber,cucumber,cucumber,86,"['cucumber', 'groundnut', 'jute']","[86, 12, 1]"
8.7,31.5,17.9,33.6,25.3,29.2,samai,samai,samai,99,"['samai', 'blackgram', 'ragi']","[99, 1, 0]"
7.4,24.8,83.5,87.7,45.5,33.8,jute,jute,jute,62,"['jute', 'cotton', 'cluster bean']","[62, 14, 14]"
7.0,17.3,15.5,38.3,27.8,22.4,ragi,ragi,ragi,76,"['ragi', 'panivaragu', 'thinai']","[76, 23, 0]"
6.6,23.7,65.0,59.0,40.3,50.4,groundnut,groundnut,groundnut,95,"['groundnut', 'small onion', 'cucumber']","[95, 4, 1]"
6.2,23.4,84.2,96.7,76.3,71.2,bottle gourd,bottle gourd,bottle gourd,71,"['bottle gourd', 'snake gourd', 'bitter gourd']","[71, 24, 3]"
6.4,23.6,58.5,84.1,53.0,50.7,wheat,wheat,wheat,95,"['wheat', 'tapoica', 'rice']","[95, 2, 2]"
7.0,22.7,60.0,50.3,34.1,39.0,bengalgram,bengalgram,bengalgram,99,"['bengalgram', 'cowpea', 'horsegram']","[99, 0, 0]"
6.8,31.2,62.0,94.2,45.0,43.0,rice,rice,cucumber,82,"['cucumber', 'rice', 'tapoica']","[82, 15, 3]"
6.7,24.2,81.2,116.4,55.3,87.9,watermelon,watermelon,watermelon,43,"['watermelon', 'chillies', 'tomato']","[43, 26, 21]"
6.2,16.0,96.8,66.7,59.3,40.7,radish,radish,radish,85,"['radish', 'sorghum', 'beetroot']","[85, 13, 2]"
6.8,33.4,63.8,27.4,24.9,35.2,greengram,greengram,greengram,100,"['greengram', 'horsegram', 'panivaragu']","[100, 0, 0]"
6.0,20.4,80.9,71.9,50.6,44.1,vegetable cowpea,vegetable cowpea,chowchow,78,"['chowchow', 'french bean', 'vegetable cowpea']","[78, 11, 10]"
6.3,30.6,77.2,71.1,37.8,30.0,soyabean,soyabean,soyabean,56,"['soyabean', 'jute', 'horsegram']","[56, 41, 2]"
7.2,31.7,77.0,94.3,69.0,99.3,ribbed gourd,ribbed gourd,ribbed gourd,87,"['ribbed gourd', 'muskmelon', 'ash gourd']","[87, 9, 2]"
7.0,25.5,86.6,65.4,29.4,39.9,soyabean,soyabean,jute,39,"['jute', 'castor', 'soyabean']","[39, 20, 20]"
7.3,27.5,99.2,20.9,26.7,36.6,gingely,gingely,gingely,100,"['gingely', 'castor', 'pearl millet']","[100, 0, 0]"
6.8,27.1,79.8,99.6,37.0,34.4,jute,jute,jute,96,"['jute', 'soyabean', 'tinda']","[96, 1, 1]"
7.1,20.1,97.9,68.6,27.6,37.6,sunflower,sunflower,sunflower,93,"['sunflower', 'castor', 'soyabean']","[93, 5, 1]"
5.9,13.7,98.3,86.2,56.2,58.8,radish,radish,radish,100,"['radish', 'cauliflower', 'beetroot']","[100, 0, 0]"
5.7,33.3,72.8,83.3,53.0,41.4,rice,rice,rice,96,"['rice', 'jute', 'vegetable cowpea']","[96, 1, 1]"
6.2,30.0,75.1,71.0,31.3,24.2,soyabean,soyabean,soyabean,92,"['soyabean', 'jute', 'horsegram']","[92, 5, 3]"
6.4,25.5,60.0,45.7,27.0,23.2,bengalgram,bengalgram,bengalgram,92,"['bengalgram', 'horsegram', 'cowpea']","[92, 5, 2]"
6.1,24.3,79.6,140.3,61.6,101.2,onion,onion,onion,59,"['onion', 'chillies', 'maize']","[59, 39, 1]"
6.8,46.0,65.0,56.5,50.3,43.0,groundnut,groundnut,groundnut,100,"['groundnut', 'cucumber', 'horsegram']","[100, 0, 0]"
6.1,24.5,96.2,120.4,60.2,119.1,bhendi,bhendi,bhendi,67,"['bhendi', 'capsicum', 'cabbage']","[67, 17, 15]"
7.2,33.5,82.9,103.8,50.7,58.0,annual moringa,annual moringa,annual moringa,91,"['annual moringa', 'elephant foot yam', 'muskmelon']","[91, 2, 2]"
6.6,29.6,86.9,93.7,66.8,100.0,bitter gourd,bitter gourd,bitter gourd,84,"['bitter gourd', 'ribbed gourd', 'brinjal']","[84, 7, 4]"
6.6,25.8,85.6,93.6,54.5,56.8,sweet potato,sweet potato,sweet potato,57,"['sweet potato', 'peas', 'elephant foot yam']","[57, 17, 5]"
6.2,19.2,79.2,93.7,57.5,50.3,chowchow,chowchow,chowchow,94,"['chowchow', 'french bean', 'small onion']","[94, 2, 1]"
6.2,20.0,17.8,45.0,35.0,24.2,kudiraivali,kudiraivali,kudiraivali,99,"['kudiraivali', 'thinai', 'ragi']","[99, 0, 0]"
7.7,36.7,69.3,98.0,47.2,52.9,rice,rice,rice,81,"['rice', 'cucumber', 'jute']","[81, 17, 1]"
6.9,18.3,98.4,74.9,44.7,45.2,beetroot,beetroot,beetroot,90,"['beetroot', 'sorghum', 'radish']","[90, 6, 3]"
7.0,24.2,82.5,85.0,51.7,42.3,cotton,cotton,cluster bean,34,"['cluster bean', 'peas', 'cotton']","[34, 27, 27]"
7.1,28.0,63.7,36.4,21.3,26.7,greengram,greengram,greengram,99,"['greengram', 'horsegram', 'bengalgram']","[99, 1, 0]"
5.9,29.3,83.8,99.7,47.3,58.6,elephant foot yam,elephant foot yam,elephant foot yam,52,"['elephant foot yam', 'vegetable cowpea', 'french bean']","[52, 46, 1]"
5.8,10.0,96.4,77.9,46.2,53.6,radish,radish,radish,100,"['radish', 'cauliflower', 'sorghum']","[100, 0, 0]"
7.0,27.4,81.9,95.8,77.2,99.8,bitter gourd,bitter gourd,bitter gourd,44,"['bitter gourd', 'ribbed gourd', 'tomato']","[44, 44, 6]"
7.2,26.9,55.7,54.3,20.6,33.4,horsegram,horsegram,horsegram,96,"['horsegram', 'bengalgram', 'cowpea']","[96, 2, 1]"
5.9,25.8,19.1,38.7,20.5,29.7,thinai,thinai,varagu,78,"['varagu', 'thinai', 'ragi']","[78, 12, 5]"
7.6,23.3,73.5,154.4,70.7,146.2,sugarcane,sugarcane,sugarcane,100,"['sugarcane', 'sugarbeet', 'tomato']","[100, 0, 0]"
7.1,10.2,78.8,85.5,48.5,58.4,peas,peas,peas,100,"['peas', 'cluster bean', 'cotton']","[100, 0, 0]"
6.6,33.2,65.0,58.3,55.8,48.6,groundnut,groundnut,groundnut,91,"['groundnut', 'cucumber', 'tapoica']","[91, 9, 0]"
7.1,42.0,17.5,23.4,33.2,32.7,blackgram,blackgram,blackgram,100,"['blackgram', 'panivaragu', 'samai']","[100, 0, 0]"
6.6,26.9,51.5,46.8,20.2,35.7,horsegram,horsegram,horsegram,46,"['horsegram', 'cowpea', 'bengalgram']","[46, 43, 7]"
6.9,21.5,83.2,111.4,52.1,104.1,tomato,tomato,tomato,85,"['tomato', 'brinjal', 'onion']","[85, 10, 2]"
6.2,28.5,16.7,36.9,29.7,22.2,thinai,thinai,thinai,54,"['thinai', 'varagu', 'panivaragu']","[54, 24, 18]"
5.6,23.6,80.5,86.2,42.0,42.2,vegetable cowpea,vegetable cowpea,vegetable cowpea,60,"['vegetable cowpea', 'french bean', 'chowchow']","[60, 31, 4]"
6.9,33.3,83.0,63.6,52.8,51.3,elephant foot yam,elephant foot yam,elephant foot yam,90,"['elephant foot yam', 'jute', 'tinda']","[90, 4, 4]"
6.3,26.4,66.4,125.4,68.2,60.0,maize,maize,maize,77,"['maize', 'sugarbeet', 'ash gourd']","[77, 19, 1]"
6.2,21.4,89.8,86.8,57.8,53.8,sweet potato,sweet potato,sweet potato,95,"['sweet potato', 'snake gourd', 'cauliflower']","[95, 1, 1]"
6.4,21.9,82.1,90.0,71.2,78.0,bottle gourd,bottle gourd,bottle gourd,83,"['bottle gourd', 'snake gourd', 'bitter gourd']","[83, 14, 1]"
7.2,26.8,90.0,23.5,31.1,22.4,gingely,gingely,gingely,100,"['gingely', 'castor', 'pearl millet']","[100, 0, 0]"
7.5,28.8,61.8,74.8,43.0,58.8,cucumber,cucumber,cucumber,96,"['cucumber', 'rice', 'tapoica']","[96, 2, 1]"
6.7,33.0,94.0,68.8,58.1,46.9,sorghum,sorghum,sorghum,99,"['sorghum', 'elephant foot yam', 'jute']","[99, 0, 0]"
5.9,21.5,77.8,139.5,45.8,90.3,onion,onion,onion,98,"['onion', 'chillies', 'maize']","[98, 2, 0]"
6.6,34.5,17.7,26.7,35.9,24.1,blackgram,blackgram,blackgram,99,"['blackgram', 'panivaragu', 'thinai']","[99, 1, 0]"
6.8,30.7,81.4,95.1,52.7,51.9,elephant foot yam,elephant foot yam,elephant foot yam,41,"['elephant foot yam', 'annual moringa', 'tinda']","[41, 38, 12]"
6.9,22.9,75.5,106.6,49.6,112.0,tomato,tomato,tomato,85,"['tomato', 'chillies', 'onion']","[85, 11, 2]"
6.5,21.5,88.3,78.9,77.4,77.9,snake gourd,snake gourd,snake gourd,98,"['snake gourd', 'bottle gourd', 'bitter gourd']","[98, 1, 0]"
6.8,33.5,84.9,92.7,47.8,53.3,elephant foot yam,elephant foot yam,elephant foot yam,59,"['elephant foot yam', 'annual moringa', 'jute']","[59, 30, 6]"
6.2,21.4,58.9,110.3,52.8,43.9,wheat,wheat,wheat,100,"['wheat', 'rice', 'small onion']","[100, 0, 0]"
5.8,19.8,88.8,59.0,23.8,36.4,pearl millet,pearl millet,pearl millet,66,"['pearl millet', 'soyabean', 'castor']","[66, 28, 4]"
6.6,12.0,99.3,98.1,55.3,51.9,cauliflower,cauliflower,cauliflower,56,"['cauliflower', 'radish', 'beetroot']","[56, 43, 0]"
5.9,28.7,75.7,69.2,55.0,55.1,vegetable cowpea,vegetable cowpea,vegetable cowpea,86,"['vegetable cowpea', 'elephant foot yam', 'french bean']","[86, 10, 2]"
6.8,29.5,79.3,75.2,55.2,55.5,tinda,tinda,tinda,86,"['tinda', 'elephant foot yam', 'annual moringa']","[86, 6, 2]"
7.4,22.1,77.6,159.0,67.1,147.4,sugarcane,sugarcane,sugarcane,98,"['sugarcane', 'tomato', 'sugarbeet']","[98, 2, 0]"
6.9,24.9,69.1,76.9,46.9,52.9,small onion,small onion,small onion,48,"['small onion', 'cucumber', 'groundnut']","[48, 26, 17]"
6.5,31.4,61.8,26.9,39.1,23.9,greengram,greengram,greengram,99,"['greengram', 'horsegram', 'panivaragu']","[99, 0, 0]"
6.1,18.8,99.3,72.7,53.5,51.4,beetroot,beetroot,beetroot,93,"['beetroot', 'sorghum', 'radish']","[93, 5, 2]"
6.3,29.3,83.6,115.7,52.8,87.8,chillies,chillies,chillies,82,"['chillies', 'muskmelon', 'tomato']","[82, 7, 3]"
6.8,16.3,65.8,62.7,47.2,52.3,small onion,small onion,groundnut,52,"['groundnut', 'small onion', 'peas']","[52, 48, 0]"
7.8,21.0,83.3,90.9,40.7,50.1,cluster bean,cluster bean,cluster bean,72,"['cluster bean', 'cotton', 'peas']","[72, 26, 2]"
6.1,36.9,76.1,56.2,28.4,38.7,horsegram,horsegram,horsegram,93,"['horsegram', 'soyabean', 'pearl millet']","[93, 3, 2]"
8.1,23.0,93.4,59.4,33.8,39.6,castor,castor,castor,67,"['castor', 'sunflower', 'pearl millet']","[67, 32, 1]"
6.8,27.1,80.4,81.7,63.9,61.1,bitter gourd,bitter gourd,bitter gourd,59,"['bitter gourd', 'ribbed gourd', 'tinda']","[59, 34, 2]"
7.3,21.4,17.5,22.5,25.6,22.4,blackgram,blackgram,blackgram,95,"['blackgram', 'ragi', 'thinai']","[95, 4, 1]"
7.1,21.7,86.4,42.4,38.1,32.7,sunflower,sunflower,sunflower,78,"['sunflower', 'pearl millet', 'castor']","[78, 13, 8]"
6.9,27.4,83.6,86.1,52.9,45.1,annual moringa,annual moringa,tinda,56,"['tinda', 'elephant foot yam', 'annual moringa']","[56, 15, 14]"
8.0,25.5,85.5,68.1,35.8,38.2,castor,castor,castor,83,"['castor', 'sunflower', 'jute']","[83, 12, 4]"
6.3,19.0,60.6,103.9,70.1,95.1,carrot,carrot,carrot,93,"['carrot', 'pumpkin', 'maize']","[93, 5, 1]"
7.7,22.9,71.8,106.7,40.4,54.3,cotton,cotton,cotton,93,"['cotton', 'peas', 'rice']","[93, 3, 2]"
6.9,23.3,59.2,117.0,48.0,49.0,wheat,wheat,wheat,100,"['wheat', 'peas', 'rice']","[100, 0, 0]"
6.4,34.4,93.7,31.1,20.4,22.7,gingely,gingely,gingely,99,"['gingely', 'pearl millet', 'soyabean']","[99, 1, 0]"
5.8,25.2,74.8,82.0,40.5,57.9,rice,rice,vegetable cowpea,39,"['vegetable cowpea', 'rice', 'french bean']","[39, 26, 20]"
5.9,25.9,15.7,39.8,22.2,27.2,varagu,varagu,varagu,76,"['varagu', 'thinai', 'ragi']","[76, 13, 6]"
7.9,32.0,81.3,88.5,55.6,55.2,annual moringa,annual moringa,annual moringa,88,"['annual moringa', 'cotton', 'rice']","[88, 6, 3]"
6.4,25.8,83.5,82.0,49.1,64.2,bottle gourd,bottle gourd,watermelon,50,"['watermelon', 'bottle gourd', 'bitter gourd']","[50, 26, 13]"
6.5,14.2,65.0,53.5,46.4,59.0,groundnut,groundnut,groundnut,100,"['groundnut', 'small onion', 'pumpkin']","[100, 0, 0]"
7.4,23.6,81.4,68.4,41.0,45.4,cluster bean,cluster bean,cluster bean,98,"['cluster bean', 'jute', 'cotton']","[98, 1, 0]"
6.2,23.3,57.9,103.2,44.6,48.2,wheat,wheat,wheat,100,"['wheat', 'rice', 'tapoica']","[100, 0, 0]"
6.3,21.9,89.3,96.6,56.4,57.5,sweet potato,sweet potato,sweet potato,98,"['sweet potato', 'snake gourd', 'chowchow']","[98, 1, 0]"
7.0,26.0,76.2,94.5,47.8,54.8,tinda,tinda,tinda,52,"['tinda', 'annual moringa', 'cotton']","[52, 18, 9]"
6.6,18.9,66.4,96.1,47.9,52.2,small onion,small onion,small onion,92,"['small onion', 'peas', 'rice']","[92, 5, 2]"
6.2,23.6,91.0,63.9,26.0,20.6,soyabean,soyabean,castor,63,"['castor', 'soyabean', 'sunflower']","[63, 26, 8]"
5.9,12.8,78.1,75.4,59.0,57.6,french bean,french bean,french bean,99,"['french bean', 'chowchow', 'peas']","[99, 1, 0]"
6.6,27.5,65.0,68.1,41.5,53.1,groundnut,groundnut,groundnut,68,"['groundnut', 'cucumber', 'tapoica']","[68, 30, 1]"
8.3,23.4,77.4,62.5,58.3,43.3,cluster bean,cluster bean,cluster bean,100,"['cluster bean', 'cotton', 'rice']","[100, 0, 0]"
6.1,25.2,98.7,105.3,65.2,88.4,bhendi,bhendi,bhendi,93,"['bhendi', 'cabbage', 'capsicum']","[93, 7, 0]"
6.3,20.9,98.4,72.8,42.9,48.5,beetroot,beetroot,beetroot,85,"['beetroot', 'sorghum', 'radish']","[85, 14, 0]"
5.7,12.0,82.6,93.0,55.4,57.9,french bean,french bean,french bean,99,"['french bean', 'chowchow', 'peas']","[99, 0, 0]"
6.4,28.8,82.5,136.9,53.0,97.0,chillies,chillies,chillies,96,"['chillies', 'tomato', 'brinjal']","[96, 3, 0]"
6.9,27.4,60.0,45.1,26.1,25.8,bengalgram,bengalgram,bengalgram,85,"['bengalgram', 'horsegram', 'greengram']","[85, 12, 2]"
7.4,24.3,75.9,116.7,45.3,94.6,watermelon,watermelon,watermelon,58,"['watermelon', 'tomato', 'muskmelon']","[58, 39, 1]"
6.9,26.4,54.1,62.4,52.5,42.3,tapoica,tapoica,tapoica,98,"['tapoica', 'cucumber', 'groundnut']","[98, 1, 0]"
6.3,26.0,88.8,68.3,58.7,98.2,snake gourd,snake gourd,snake gourd,92,"['snake gourd', 'bitter gourd', 'bottle gourd']","[92, 6, 1]"
7.2,23.5,76.3,164.0,81.9,127.8,sugarcane,sugarcane,sugarcane,100,"['sugarcane', 'tomato', 'sugarbeet']","[100, 0, 0]"
6.2,21.8,83.2,85.2,49.9,55.8,chowchow,chowchow,chowchow,72,"['chowchow', 'sweet potato', 'vegetable cowpea']","[72, 17, 4]"
6.1,25.9,82.5,64.1,78.5,60.6,bottle gourd,bottle gourd,bottle gourd,78,"['bottle gourd', 'snake gourd', 'bitter gourd']","[78, 11, 6]"
6.6,11.5,86.0,95.5,57.0,52.4,peas,peas,peas,98,"['peas', 'cauliflower', 'radish']","[98, 1, 0]"
5.6,18.9,77.5,70.7,48.5,40.2,french bean,french bean,chowchow,59,"['chowchow', 'french bean', 'vegetable cowpea']","[59, 37, 4]"
7.0,24.4,79.5,77.7,50.6,59.4,cluster bean,cluster bean,cluster bean,64,"['cluster bean', 'watermelon', 'tinda']","[64, 9, 8]"
6.3,23.9,84.3,121.3,47.1,119.2,chillies,chillies,onion,68,"['onion', 'chillies', 'tomato']","[68, 30, 1]"
7.1,27.4,79.1,88.9,64.6,90.9,ribbed gourd,ribbed gourd,ribbed gourd,84,"['ribbed gourd', 'bitter gourd', 'muskmelon']","[84, 9, 5]"
6.0,28.0,15.3,37.3,29.4,25.2,thinai,thinai,thinai,50,"['thinai', 'varagu', 'panivaragu']","[50, 28, 18]"
6.9,32.2,83.9,99.1,46.5,45.7,annual moringa,annual moringa,annual moringa,51,"['annual moringa', 'elephant foot yam', 'jute']","[51, 32, 10]"
6.5,21.7,63.2,70.2,77.6,83.8,pumpkin,pumpkin,pumpkin,97,"['pumpkin', 'ash gourd', 'bottle gourd']","[97, 2, 0]"
5.9,23.5,82.4,67.6,44.2,52.4,french bean,french bean,vegetable cowpea,62,"['vegetable cowpea', 'french bean', 'chowchow']","[62, 29, 7]"
5.5,26.6,19.7,36.4,23.0,21.9,varagu,varagu,varagu,75,"['varagu', 'thinai', 'ragi']","[75, 10, 9]"
6.9,27.5,93.4,27.7,37.6,28.9,gingely,gingely,gingely,100,"['gingely', 'pearl millet', 'soyabean']","[100, 0, 0]"
5.7,23.4,19.8,34.8,21.8,28.4,thinai,thinai,thinai,53,"['thinai', 'ragi', 'panivaragu']","[53, 21, 16]"
6.5,21.7,54.5,53.0,25.4,24.7,cowpea,cowpea,cowpea,84,"['cowpea', 'bengalgram', 'kudiraivali']","[84, 12, 1]"
6.6,28.4,87.5,72.3,24.2,28.3,soyabean,soyabean,soyabean,94,"['soyabean', 'castor', 'pearl millet']","[94, 2, 2]"
6.6,22.4,79.0,64.5,47.8,80.6,bottle gourd,bottle gourd,bottle gourd,96,"['bottle gourd', 'ribbed gourd', 'snake gourd']","[96, 2, 1]"
6.9,37.2,70.8,53.8,24.5,24.6,horsegram,horsegram,horsegram,99,"['horsegram', 'soyabean', 'greengram']","[99, 1, 0]"
5.5,29.7,80.9,30.5,39.8,21.0,gingely,gingely,gingely,99,"['gingely', 'pearl millet', 'castor']","[99, 1, 0]"
7.2,25.8,80.4,99.3,48.5,59.8,annual moringa,annual moringa,tinda,24,"['tinda', 'cotton', 'annual moringa']","[24, 20, 19]"
6.6,27.3,77.5,42.2,30.6,23.7,redgram,redgram,redgram,89,"['redgram', 'horsegram', 'soyabean']","[89, 8, 2]"
6.0,16.3,97.1,80.0,56.7,58.2,radish,radish,radish,97,"['radish', 'sorghum', 'beetroot']","[97, 1, 1]"
5.8,25.7,76.3,96.7,40.3,51.2,french bean,french bean,vegetable cowpea,59,"['vegetable cowpea', 'french bean', 'rice']","[59, 27, 8]"
6.8,25.7,84.4,89.9,47.6,44.5,tinda,tinda,tinda,40,"['tinda', 'elephant foot yam', 'peas']","[40, 16, 15]"
6.7,22.5,89.0,73.0,58.7,60.7,snake gourd,snake gourd,snake gourd,91,"['snake gourd', 'sorghum', 'bottle gourd']","[91, 2, 2]"
6.2,19.3,99.4,70.6,50.5,44.8,beetroot,beetroot,beetroot,95,"['beetroot', 'sorghum', 'radish']","[95, 4, 1]"
6.3,41.8,15.8,35.4,27.0,21.3,panivaragu,panivaragu,panivaragu,98,"['panivaragu', 'blackgram', 'thinai']","[98, 1, 0]"
5.6,27.1,54.0,40.8,26.2,34.6,cowpea,cowpea,cowpea,95,"['cowpea', 'bengalgram', 'horsegram']","[95, 3, 1]"
6.2,18.5,90.0,142.3,57.8,101.4,brinjal,brinjal,brinjal,65,"['brinjal', 'capsicum', 'cabbage']","[65, 29, 6]"
7.3,22.1,88.5,89.0,58.6,56.8,peas,peas,cotton,59,"['cotton', 'peas', 'cluster bean']","[59, 31, 6]"
6.3,22.8,58.4,80.4,43.2,55.6,wheat,wheat,wheat,96,"['wheat', 'rice', 'tapoica']","[96, 2, 1]"
6.1,20.0,16.8,45.7,38.9,21.4,kudiraivali,kudiraivali,kudiraivali,100,"['kudiraivali', 'thinai', 'cowpea']","[100, 0, 0]"
6.5,29.7,78.5,109.3,45.6,56.8,annual moringa,annual moringa,annual moringa,82,"['annual moringa', 'peas', 'muskmelon']","[82, 10, 3]"
6.9,22.6,96.6,74.5,21.7,25.3,castor,castor,sunflower,76,"['sunflower', 'castor', 'soyabean']","[76, 22, 2]"
6.5,16.0,71.2,92.7,51.9,59.7,small onion,small onion,small onion,85,"['small onion', 'peas', 'groundnut']","[85, 14, 0]"
6.2,28.6,78.8,100.5,62.3,81.8,chillies,chillies,chillies,84,"['chillies', 'muskmelon', 'tomato']","[84, 4, 3]"
7.8,20.5,97.7,77.5,31.5,32.9,sunflower,sunflower,sunflower,94,"['sunflower', 'castor', 'soyabean']","[94, 5, 0]"
6.2,24.0,71.0,83.8,43.0,46.1,small onion,small onion,small onion,77,"['small onion', 'rice', 'jute']","[77, 17, 3]"
5.6,23.3,15.8,34.6,25.2,28.0,ragi,ragi,thinai,52,"['thinai', 'ragi', 'panivaragu']","[52, 25, 14]"
6.5,24.8,75.2,107.4,64.6,120.0,chillies,chillies,chillies,63,"['chillies', 'onion', 'tomato']","[63, 23, 11]"
6.8,30.3,82.5,93.0,42.2,41.8,elephant foot yam,elephant foot yam,elephant foot yam,32,"['elephant foot yam', 'annual moringa', 'jute']","[32, 27, 19]"
5.6,26.7,82.3,67.7,59.1,51.8,vegetable cowpea,vegetable cowpea,vegetable cowpea,49,"['vegetable cowpea', 'elephant foot yam', 'french bean']","[49, 26, 25]"
5.9,29.6,51.8,32.4,25.8,34.3,cowpea,cowpea,cowpea,96,"['cowpea', 'panivaragu', 'thinai']","[96, 1, 1]"
5.5,33.4,81.7,39.0,23.8,25.3,gingely,gingely,gingely,60,"['gingely', 'pearl millet', 'horsegram']","[60, 39, 0]"
6.0,25.9,80.4,70.0,47.0,53.9,french bean,french bean,vegetable cowpea,44,"['vegetable cowpea', 'elephant foot yam', 'french bean']","[44, 38, 16]"
6.6,27.4,84.6,130.4,40.7,118.7,tomato,tomato,chillies,66,"['chillies', 'tomato', 'onion']","[66, 31, 1]"
5.8,32.5,80.1,92.6,58.8,54.4,elephant foot yam,elephant foot yam,elephant foot yam,79,"['elephant foot yam', 'rice', 'vegetable cowpea']","[79, 12, 8]"
6.4,20.6,99.5,62.8,40.6,51.8,beetroot,beetroot,beetroot,89,"['beetroot', 'sorghum', 'radish']","[89, 10, 0]"
6.6,26.1,96.3,120.2,69.5,84.6,bhendi,bhendi,bhendi,94,"['bhendi', 'cabbage', 'capsicum']","[94, 3, 2]"
6.7,37.8,75.3,85.3,35.6,46.1,jute,jute,jute,97,"['jute', 'rice', 'annual moringa']","[97, 2, 0]"
6.4,25.0,90.0,100.3,68.7,93.4,brinjal,brinjal,brinjal,44,"['brinjal', 'capsicum', 'snake gourd']","[44, 17, 17]"
6.6,27.1,91.6,68.8,63.1,69.0,bitter gourd,bitter gourd,bitter gourd,85,"['bitter gourd', 'snake gourd', 'bottle gourd']","[85, 15, 0]"
5.6,27.9,50.9,54.6,38.4,27.1,cowpea,cowpea,cowpea,96,"['cowpea', 'bengalgram', 'horsegram']","[96, 3, 1]"
6.4,22.4,89.2,116.3,53.1,59.5,sweet potato,sweet potato,sweet potato,99,"['sweet potato', 'peas', 'snake gourd']","[99, 0, 0]"
6.4,30.4,81.5,81.4,43.2,35.9,jute,jute,jute,92,"['jute', 'elephant foot yam', 'annual moringa']","[92, 6, 1]"
6.5,36.5,77.9,75.8,31.6,32.7,jute,jute,jute,88,"['jute', 'soyabean', 'horsegram']","[88, 8, 3]"
7.2,35.9,17.4,33.6,34.6,36.2,blackgram,blackgram,blackgram,100,"['blackgram', 'panivaragu', 'samai']","[100, 0, 0]"
6.6,14.6,65.0,67.4,56.8,49.5,groundnut,groundnut,groundnut,98,"['groundnut', 'small onion', 'peas']","[98, 2, 0]"
6.1,24.5,75.9,133.9,60.6,99.8,onion,onion,onion,51,"['onion', 'chillies', 'maize']","[51, 46, 1]"
6.6,6.2,99.8,102.0,56.4,54.9,cauliflower,cauliflower,cauliflower,99,"['cauliflower', 'radish', 'peas']","[99, 1, 0]"
6.0,23.2,86.6,112.8,55.5,53.2,sweet potato,sweet potato,sweet potato,100,"['sweet potato', 'vegetable cowpea', 'snake gourd']","[100, 0, 0]"
7.4,22.9,17.6,37.4,32.2,38.9,blackgram,blackgram,blackgram,99,"['blackgram', 'ragi', 'thinai']","[99, 1, 0]"
6.8,32.4,74.5,99.8,56.8,48.2,rice,rice,annual moringa,42,"['annual moringa', 'rice', 'cucumber']","[42, 35, 9]"
7.8,30.7,77.7,105.2,46.8,59.0,annual moringa,annual moringa,annual moringa,89,"['annual moringa', 'cotton', 'rice']","[89, 6, 3]"
7.2,34.6,69.1,35.0,27.9,34.1,greengram,greengram,greengram,99,"['greengram', 'horsegram', 'gingely']","[99, 1, 0]"
6.3,25.9,84.3,119.7,46.4,71.1,watermelon,watermelon,watermelon,87,"['watermelon', 'chillies', 'muskmelon']","[87, 5, 4]"
6.5,28.2,77.2,48.6,28.8,30.7,redgram,redgram,redgram,74,"['redgram', 'horsegram', 'soyabean']","[74, 19, 6]"
6.6,24.2,89.7,95.2,47.3,43.6,sweet potato,sweet potato,sweet potato,89,"['sweet potato', 'peas', 'cauliflower']","[89, 7, 2]"
6.4,20.7,82.9,92.4,46.3,48.6,chowchow,chowchow,chowchow,81,"['chowchow', 'sweet potato', 'peas']","[81, 11, 3]"
6.7,22.9,86.5,74.8,65.3,81.0,snake gourd,snake gourd,snake gourd,92,"['snake gourd', 'bottle gourd', 'bitter gourd']","[92, 5, 3]"
6.9,27.8,77.8,41.4,24.6,34.5,redgram,redgram,redgram,83,"['redgram', 'horsegram', 'soyabean']","[83, 14, 1]"
6.2,21.1,79.4,140.5,76.6,87.8,onion,onion,onion,80,"['onion', 'maize', 'chillies']","[80, 12, 3]"
6.7,34.4,64.5,26.1,20.2,29.1,greengram,greengram,greengram,100,"['greengram', 'horsegram', 'panivaragu']","[100, 0, 0]"
7.5,23.6,75.4,96.2,46.4,53.1,rice,rice,cluster bean,58,"['cluster bean', 'cotton', 'peas']","[58, 28, 6]"
6.5,18.6,65.5,80.4,86.3,74.9,carrot,carrot,carrot,92,"['carrot', 'pumpkin', 'sugarbeet']","[92, 8, 0]"
6.8,37.5,17.3,22.8,31.1,38.5,blackgram,blackgram,blackgram,100,"['blackgram', 'panivaragu', 'greengram']","[100, 0, 0]"
6.4,29.4,79.3,73.8,46.2,32.5,jute,jute,jute,94,"['jute', 'soyabean', 'elephant foot yam']","[94, 4, 1]"
7.4,24.2,87.3,116.4,59.6,57.3,peas,peas,cotton,69,"['cotton', 'peas', 'sweet potato']","[69, 29, 1]"
7.2,23.3,75.8,111.3,52.5,56.7,cotton,cotton,cotton,63,"['cotton', 'peas', 'cluster bean']","[63, 31, 2]"
7.0,27.9,71.3,112.3,54.7,41.5,cotton,cotton,peas,43,"['peas', 'cotton', 'annual moringa']","[43, 33, 17]"
6.1,22.9,81.8,134.5,87.9,69.5,maize,maize,maize,92,"['maize', 'onion', 'sugarbeet']","[92, 5, 2]"
6.5,23.7,95.5,89.1,57.6,53.7,cauliflower,cauliflower,cauliflower,95,"['cauliflower', 'sweet potato', 'beetroot']","[95, 2, 2]"
5.6,20.7,60.0,56.7,38.9,33.0,bengalgram,bengalgram,bengalgram,96,"['bengalgram', 'cowpea', 'kudiraivali']","[96, 3, 0]"
6.1,25.1,89.5,75.2,50.3,75.0,snake gourd,snake gourd,snake gourd,98,"['snake gourd', 'bitter gourd', 'bottle gourd']","[98, 2, 0]"
6.6,21.2,91.5,56.4,27.8,23.5,soyabean,soyabean,sunflower,74,"['sunflower', 'pearl millet', 'soyabean']","[74, 10, 9]"
6.3,25.7,83.9,80.5,40.8,42.4,elephant foot yam,elephant foot yam,elephant foot yam,54,"['elephant foot yam', 'jute', 'vegetable cowpea']","[54, 25, 6]"
7.6,20.2,95.3,67.7,37.0,26.1,sunflower,sunflower,sunflower,96,"['sunflower', 'castor', 'soyabean']","[96, 3, 0]"
6.5,34.2,71.7,92.1,59.0,52.1,rice,rice,rice,80,"['rice', 'cucumber', 'jute']","[80, 11, 4]"
6.5,17.8,64.4,113.9,77.2,72.8,carrot,carrot,carrot,89,"['carrot', 'sugarbeet', 'maize']","[89, 10, 1]"
6.1,21.1,92.0,129.6,89.2,105.6,cabbage,cabbage,cabbage,78,"['cabbage', 'bhendi', 'capsicum']","[78, 12, 8]"
6.2,16.0,93.2,107.1,79.3,96.3,capsicum,capsicum,cabbage,87,"['cabbage', 'capsicum', 'brinjal']","[87, 13, 0]"
6.0,23.0,71.3,90.7,47.8,51.8,small onion,small onion,small onion,68,"['small onion', 'rice', 'vegetable cowpea']","[68, 26, 2]"
6.5,22.8,64.3,70.1,70.7,69.0,pumpkin,pumpkin,pumpkin,95,"['pumpkin', 'ash gourd', 'bottle gourd']","[95, 4, 0]"
7.3,18.2,79.3,130.2,50.8,85.2,tomato,tomato,tomato,93,"['tomato', 'sugarbeet', 'brinjal']","[93, 6, 0]"
6.9,19.0,94.1,137.4,67.9,86.5,capsicum,capsicum,capsicum,83,"['capsicum', 'cabbage', 'brinjal']","[83, 9, 7]"
6.9,27.3,79.3,89.6,45.7,67.4,bitter gourd,bitter gourd,muskmelon,39,"['muskmelon', 'ribbed gourd', 'bitter gourd']","[39, 22, 21]"
7.2,28.4,83.6,102.3,70.5,98.9,tomato,tomato,tomato,76,"['tomato', 'ribbed gourd', 'muskmelon']","[76, 8, 6]"
6.2,27.0,77.9,98.5,51.8,86.1,bottle gourd,bottle gourd,watermelon,60,"['watermelon', 'bottle gourd', 'chillies']","[60, 16, 10]"
5.5,21.5,78.6,90.8,55.2,57.7,french bean,french bean,chowchow,38,"['chowchow', 'french bean', 'vegetable cowpea']","[38, 32, 21]"
6.9,28.5,84.6,70.4,51.5,46.4,tinda,tinda,tinda,64,"['tinda', 'elephant foot yam', 'jute']","[64, 31, 3]"
6.0,27.4,16.2,35.9,23.2,25.6,thinai,thinai,thinai,46,"['thinai', 'varagu', 'panivaragu']","[46, 35, 16]"
6.8,29.1,84.8,141.5,49.0,80.4,chillies,chillies,chillies,47,"['chillies', 'tomato', 'muskmelon']","[47, 35, 12]"
7.0,33.2,77.4,97.8,53.0,44.9,annual moringa,annual moringa,annual moringa,64,"['annual moringa', 'rice', 'jute']","[64, 13, 13]"
6.3,25.3,98.8,133.7,82.9,80.5,cabbage,cabbage,bhendi,91,"['bhendi', 'cabbage', 'capsicum']","[91, 9, 0]"
6.0,36.8,86.6,77.7,35.2,38.8,jute,jute,jute,90,"['jute', 'pearl millet', 'soyabean']","[90, 4, 4]"
6.6,21.5,53.2,114.8,42.9,42.9,wheat,wheat,wheat,100,"['wheat', 'peas', 'rice']","[100, 0, 0]"
6.3,25.7,72.2,78.7,40.0,30.3,soyabean,soyabean,jute,77,"['jute', 'soyabean', 'horsegram']","[77, 20, 1]"
5.6,20.6,78.7,143.8,64.6,77.6,maize,maize,maize,95,"['maize', 'onion', 'sugarbeet']","[95, 3, 2]"
7.2,26.2,63.0,44.0,26.7,22.9,horsegram,horsegram,horsegram,71,"['horsegram', 'bengalgram', 'greengram']","[71, 20, 8]"
6.6,26.7,67.7,63.9,63.3,84.0,pumpkin,pumpkin,ash gourd,59,"['ash gourd', 'pumpkin', 'ribbed gourd']","[59, 41, 0]"
6.7,15.8,98.6,107.6,55.1,59.4,cauliflower,cauliflower,cauliflower,93,"['cauliflower', 'radish', 'beetroot']","[93, 7, 0]"
7.9,23.5,70.1,150.1,71.4,123.8,sugarcane,sugarcane,sugarcane,100,"['sugarcane', 'sugarbeet', 'tomato']","[100, 0, 0]"
7.0,27.0,77.1,115.5,46.2,66.0,watermelon,watermelon,muskmelon,61,"['muskmelon', 'watermelon', 'tomato']","[61, 33, 2]"
7.5,30.5,87.5,25.2,24.5,28.1,gingely,gingely,gingely,100,"['gingely', 'pearl millet', 'soyabean']","[100, 0, 0]"
5.6,16.4,88.9,48.1,39.9,24.1,pearl millet,pearl millet,pearl millet,98,"['pearl millet', 'soyabean', 'castor']","[98, 1, 0]"
6.8,12.8,95.9,112.7,41.9,50.6,cauliflower,cauliflower,cauliflower,99,"['cauliflower', 'radish', 'peas']","[99, 1, 0]"
6.7,13.7,17.4,34.4,24.9,28.0,ragi,ragi,ragi,68,"['ragi', 'panivaragu', 'thinai']","[68, 31, 0]"
6.7,21.9,80.0,57.0,25.3,27.5,redgram,redgram,redgram,80,"['redgram', 'sunflower', 'soyabean']","[80, 10, 8]"
5.5,26.9,18.0,38.4,26.5,28.1,varagu,varagu,varagu,69,"['varagu', 'thinai', 'ragi']","[69, 13, 12]"
6.7,13.6,97.8,82.6,48.6,54.0,cauliflower,cauliflower,radish,60,"['radish', 'cauliflower', 'beetroot']","[60, 39, 0]"
8.7,38.7,18.1,36.1,22.6,25.8,samai,samai,samai,100,"['samai', 'blackgram', 'panivaragu']","[100, 0, 0]"
7.4,28.6,80.0,111.3,43.0,89.1,muskmelon,muskmelon,muskmelon,75,"['muskmelon', 'tomato', 'watermelon']","[75, 16, 7]"
6.6,27.7,58.7,88.8,62.1,77.8,ash gourd,ash gourd,ash gourd,98,"['ash gourd', 'pumpkin', 'tapoica']","[98, 1, 0]"
6.4,27.2,57.7,80.3,59.7,55.4,tapoica,tapoica,tapoica,99,"['tapoica', 'ash gourd', 'rice']","[99, 1, 0]"
6.7,28.0,79.9,90.3,32.3,35.6,jute,jute,jute,96,"['jute', 'soyabean', 'tinda']","[96, 3, 0]"
6.8,16.0,60.3,103.6,74.7,99.7,carrot,carrot,carrot,99,"['carrot', 'pumpkin', 'sugarbeet']","[99, 0, 0]"
5.6,25.5,83.3,93.6,49.8,41.8,elephant foot yam,elephant foot yam,vegetable cowpea,38,"['vegetable cowpea', 'french bean', 'elephant foot yam']","[38, 24, 20]"
6.1,25.6,99.2,111.3,62.7,91.9,bhendi,bhendi,bhendi,92,"['bhendi', 'cabbage', 'capsicum']","[92, 7, 1]"
6.1,25.5,81.6,100.0,59.4,73.8,watermelon,watermelon,watermelon,74,"['watermelon', 'bottle gourd', 'chillies']","[74, 15, 3]"
5.9,24.3,83.7,110.8,69.6,99.1,onion,onion,onion,65,"['onion', 'capsicum', 'brinjal']","[65, 14, 12]"
6.7,19.3,97.7,88.1,47.9,56.3,cauliflower,cauliflower,cauliflower,49,"['cauliflower', 'beetroot', 'radish']","[49, 47, 2]"
8.7,32.1,18.1,31.2,20.3,24.4,samai,samai,samai,100,"['samai', 'blackgram', 'ragi']","[100, 0, 0]"
6.1,14.4,99.0,143.6,93.7,119.8,cabbage,cabbage,cabbage,100,"['cabbage', 'capsicum', 'bhendi']","[100, 0, 0]"
7.4,30.3,99.9,73.1,57.6,56.8,sorghum,sorghum,sorghum,100,"['sorghum', 'cauliflower', 'jute']","[100, 0, 0]"
6.5,20.9,75.7,97.8,61.9,61.5,bottle gourd,bottle gourd,bottle gourd,61,"['bottle gourd', 'sugarbeet', 'pumpkin']","[61, 32, 1]"
6.2,26.4,98.6,29.7,24.6,27.8,gingely,gingely,gingely,100,"['gingely', 'castor', 'pearl millet']","[100, 0, 0]"
7.6,27.1,76.1,99.1,55.0,44.3,annual moringa,annual moringa,annual moringa,41,"['annual moringa', 'cotton', 'tinda']","[41, 39, 9]"
6.5,26.5,15.3,30.2,22.4,27.1,varagu,varagu,varagu,53,"['varagu', 'thinai', 'ragi']","[53, 19, 11]"
6.8,14.3,96.6,109.6,55.2,59.8,cauliflower,cauliflower,cauliflower,98,"['cauliflower', 'radish', 'peas']","[98, 2, 0]"
6.4,25.8,66.2,88.6,44.5,92.9,ash gourd,ash gourd,ash gourd,51,"['ash gourd', 'pumpkin', 'watermelon']","[51, 48, 1]"
7.0,31.7,81.9,101.5,41.4,45.1,annual moringa,annual moringa,annual moringa,79,"['annual moringa', 'jute', 'elephant foot yam']","[79, 11, 4]"
7.1,26.5,87.0,95.8,47.5,42.9,peas,peas,cotton,55,"['cotton', 'peas', 'jute']","[55, 29, 6]"
6.6,27.1,81.2,87.7,48.8,75.8,bitter gourd,bitter gourd,bitter gourd,44,"['bitter gourd', 'muskmelon', 'ribbed gourd']","[44, 23, 16]"
5.6,10.7,78.0,80.3,43.2,41.5,french bean,french bean,french bean,99,"['french bean', 'chowchow', 'peas']","[99, 0, 0]"
6.7,23.4,65.0,61.1,52.1,42.8,groundnut,groundnut,groundnut,87,"['groundnut', 'small onion', 'cucumber']","[87, 11, 2]"
6.7,26.0,80.8,44.2,33.4,38.7,redgram,redgram,redgram,82,"['redgram', 'pearl millet', 'soyabean']","[82, 7, 4]"
7.4,18.7,90.0,121.0,40.1,81.9,brinjal,brinjal,brinjal,92,"['brinjal', 'capsicum', 'tomato']","[92, 7, 1]"
6.7,15.5,65.1,89.0,95.2,82.3,carrot,carrot,carrot,100,"['carrot', 'pumpkin', 'sugarbeet']","[100, 0, 0]"
6.4,40.8,85.7,59.4,30.2,37.2,pearl millet,pearl millet,pearl millet,91,"['pearl millet', 'jute', 'soyabean']","[91, 5, 4]"
6.4,25.3,20.0,34.1,21.9,24.9,varagu,varagu,varagu,52,"['varagu', 'cowpea', 'thinai']","[52, 22, 14]"
6.8,27.5,84.6,123.8,62.3,117.3,tomato,tomato,tomato,50,"['tomato', 'chillies', 'brinjal']","[50, 49, 0]"
6.9,23.0,84.1,110.3,59.6,50.8,peas,peas,peas,67,"['peas', 'cotton', 'sweet potato']","[67, 24, 7]"
7.4,16.8,80.6,87.6,43.2,43.7,peas,peas,peas,99,"['peas', 'cluster bean', 'cotton']","[99, 1, 0]"
6.2,21.2,81.8,126.6,71.4,110.7,onion,onion,onion,95,"['onion', 'chillies', 'tomato']","[95, 3, 1]"
5.9,24.6,82.1,61.8,49.0,49.1,french bean,french bean,vegetable cowpea,66,"['vegetable cowpea', 'french bean', 'elephant foot yam']","[66, 24, 7]"
5.6,20.8,71.7,160.3,71.3,86.0,maize,maize,maize,100,"['maize', 'sugarbeet', 'onion']","[100, 0, 0]"
5.6,16.8,84.8,89.0,50.9,53.1,french bean,french bean,french bean,97,"['french bean', 'chowchow', 'vegetable cowpea']","[97, 2, 0]"
6.1,19.3,93.2,126.7,47.2,104.8,capsicum,capsicum,capsicum,95,"['capsicum', 'cabbage', 'brinjal']","[95, 3, 2]"
6.6,28.5,61.5,81.7,75.2,97.7,ash gourd,ash gourd,ash gourd,96,"['ash gourd', 'pumpkin', 'ribbed gourd']","[96, 4, 0]"
7.0,28.8,17.2,31.5,33.6,39.8,blackgram,blackgram,blackgram,99,"['blackgram', 'thinai', 'panivaragu']","[99, 0, 0]"
6.4,16.0,66.8,136.1,74.3,70.4,sugarbeet,sugarbeet,sugarbeet,83,"['sugarbeet', 'carrot', 'maize']","[83, 14, 4]"
6.2,20.3,86.4,83.8,41.1,63.9,snake gourd,snake gourd,snake gourd,96,"['snake gourd', 'bottle gourd', 'chowchow']","[96, 3, 0]"
6.8,25.3,79.6,97.3,41.1,67.2,bitter gourd,bitter gourd,watermelon,63,"['watermelon', 'muskmelon', 'bitter gourd']","[63, 16, 10]"
6.6,29.0,91.8,98.3,71.6,94.4,bitter gourd,bitter gourd,bitter gourd,73,"['bitter gourd', 'capsicum', 'brinjal']","[73, 18, 7]"
7.4,25.6,79.8,80.5,55.3,76.0,ribbed gourd,ribbed gourd,watermelon,51,"['watermelon', 'ribbed gourd', 'muskmelon']","[51, 29, 16]"
5.7,20.0,19.3,51.9,33.2,23.8,kudiraivali,kudiraivali,kudiraivali,99,"['kudiraivali', 'cowpea', 'ragi']","[99, 1, 0]"
6.8,13.5,99.6,109.3,40.6,58.7,cauliflower,cauliflower,cauliflower,95,"['cauliflower', 'radish', 'peas']","[95, 4, 0]"
7.8,24.8,90.0,56.1,38.1,29.4,sunflower,sunflower,sunflower,50,"['sunflower', 'castor', 'pearl millet']","[50, 48, 2]"
7.0,34.5,66.0,85.5,46.0,55.3,cucumber,cucumber,cucumber,77,"['cucumber', 'rice', 'groundnut']","[77, 20, 2]"
5.8,19.9,78.1,83.5,58.3,48.1,chowchow,chowchow,chowchow,64,"['chowchow', 'french bean', 'vegetable cowpea']","[64, 24, 10]"
6.8,31.6,84.1,87.2,43.2,73.1,ribbed gourd,ribbed gourd,muskmelon,62,"['muskmelon', 'ribbed gourd', 'bitter gourd']","[62, 32, 4]"
6.0,23.7,86.6,107.7,55.2,43.7,sweet potato,sweet potato,sweet potato,100,"['sweet potato', 'vegetable cowpea', 'cauliflower']","[100, 0, 0]"
7.0,24.7,15.8,39.3,22.3,20.9,ragi,ragi,thinai,47,"['thinai', 'ragi', 'panivaragu']","[47, 28, 20]"
7.9,15.7,74.5,116.2,71.2,60.0,sugarbeet,sugarbeet,sugarbeet,98,"['sugarbeet', 'peas', 'carrot']","[98, 1, 0]"
6.5,29.8,90.0,142.3,72.0,112.3,brinjal,brinjal,brinjal,74,"['brinjal', 'capsicum', 'chillies']","[74, 24, 1]"
6.5,25.1,73.8,88.2,45.4,77.6,ash gourd,ash gourd,watermelon,40,"['watermelon', 'ash gourd', 'bottle gourd']","[40, 31, 8]"
5.9,26.4,83.3,79.9,57.6,41.2,french bean,french bean,vegetable cowpea,55,"['vegetable cowpea', 'elephant foot yam', 'french bean']","[55, 25, 19]"
6.5,10.2,95.5,86.2,56.1,46.3,radish,radish,cauliflower,55,"['cauliflower', 'radish', 'beetroot']","[55, 45, 0]"
6.7,26.7,79.3,143.7,44.2,85.4,tomato,tomato,chillies,63,"['chillies', 'tomato', 'watermelon']","[63, 26, 5]"
7.1,27.4,79.3,92.7,42.1,70.5,muskmelon,muskmelon,muskmelon,49,"['muskmelon', 'ribbed gourd', 'watermelon']","[49, 26, 19]"
7.0,11.9,19.0,32.7,26.0,29.9,ragi,ragi,ragi,81,"['ragi', 'panivaragu', 'thinai']","[81, 19, 0]"
7.6,22.5,84.6,72.3,58.9,57.9,cluster bean,cluster bean,cluster bean,99,"['cluster bean', 'cotton', 'peas']","[99, 1, 0]"
8.8,28.1,18.9,35.8,25.5,24.8,samai,samai,samai,100,"['samai', 'ragi', 'blackgram']","[100, 0, 0]"
5.7,20.4,84.4,60.0,31.2,24.4,pearl millet,pearl millet,pearl millet,58,"['pearl millet', 'soyabean', 'castor']","[58, 28, 11]"
6.6,13.4,95.4,109.1,58.7,52.3,cauliflower,cauliflower,cauliflower,98,"['cauliflower', 'radish', 'peas']","[98, 2, 0]"
7.6,24.9,88.2,60.5,36.6,26.6,castor,castor,sunflower,55,"['sunflower', 'castor', 'pearl millet']","[55, 43, 1]"
6.5,21.5,93.0,139.0,61.8,118.0,cabbage,cabbage,capsicum,78,"['capsicum', 'cabbage', 'brinjal']","[78, 14, 7]"
6.7,29.1,75.9,142.9,71.4,110.8,chillies,chillies,chillies,61,"['chillies', 'tomato', 'sugarcane']","[61, 35, 4]"
6.0,24.3,85.6,83.4,51.7,59.7,sweet potato,sweet potato,sweet potato,74,"['sweet potato', 'snake gourd', 'vegetable cowpea']","[74, 18, 4]"
6.7,11.3,97.1,119.1,47.1,41.0,cauliflower,cauliflower,cauliflower,99,"['cauliflower', 'radish', 'peas']","[99, 1, 0]"
6.2,24.9,79.8,102.1,62.9,62.2,sugarbeet,sugarbeet,watermelon,29,"['watermelon', 'sugarbeet', 'bottle gourd']","[29, 29, 18]"
7.0,26.6,76.1,131.0,43.6,108.0,tomato,tomato,tomato,83,"['tomato', 'chillies', 'watermelon']","[83, 13, 1]"
6.4,26.3,77.9,66.0,32.5,35.1,jute,jute,soyabean,73,"['soyabean', 'jute', 'redgram']","[73, 23, 2]"
6.7,20.4,16.4,31.5,29.8,20.6,thinai,thinai,thinai,44,"['thinai', 'ragi', 'panivaragu']","[44, 23, 16]"
6.3,23.8,50.4,103.5,51.8,59.6,wheat,wheat,wheat,100,"['wheat', 'rice', 'ash gourd']","[100, 0, 0]"
7.5,25.5,15.5,30.1,21.7,26.3,ragi,ragi,ragi,67,"['ragi', 'blackgram', 'thinai']","[67, 29, 2]"
6.8,23.6,64.2,91.2,73.3,76.1,pumpkin,pumpkin,pumpkin,96,"['pumpkin', 'ash gourd', 'carrot']","[96, 3, 0]"
6.0,21.7,60.0,47.9,27.5,33.6,bengalgram,bengalgram,bengalgram,98,"['bengalgram', 'cowpea', 'soyabean']","[98, 2, 0]"
6.6,27.2,66.1,57.0,25.3,24.2,horsegram,horsegram,horsegram,67,"['horsegram', 'bengalgram', 'soyabean']","[67, 21, 7]"
6.7,24.2,96.8,115.4,64.2,108.5,bhendi,bhendi,bhendi,91,"['bhendi', 'cabbage', 'capsicum']","[91, 5, 4]"
7.0,19.2,17.2,33.8,21.6,21.9,panivaragu,panivaragu,ragi,72,"['ragi', 'panivaragu', 'thinai']","[72, 15, 6]"
6.6,30.3,76.3,113.6,40.7,46.6,annual moringa,annual moringa,annual moringa,92,"['annual moringa', 'peas', 'cotton']","[92, 4, 2]"
7.0,25.1,79.8,98.9,47.5,55.7,peas,peas,tinda,30,"['tinda', 'annual moringa', 'peas']","[30, 19, 18]"
6.2,25.0,18.5,35.6,23.9,23.3,varagu,varagu,varagu,63,"['varagu', 'thinai', 'panivaragu']","[63, 22, 7]"
7.2,34.7,84.7,117.0,57.0,46.5,annual moringa,annual moringa,annual moringa,97,"['annual moringa', 'cotton', 'peas']","[97, 1, 1]"
5.1,29.9,74.3,83.8,44.4,45.8,rice,rice,rice,97,"['rice', 'elephant foot yam', 'vegetable cowpea']","[97, 2, 1]"
6.5,38.2,53.7,52.0,23.1,24.5,horsegram,horsegram,horsegram,99,"['horsegram', 'cowpea', 'panivaragu']","[99, 1, 1]"
8.0,31.0,76.1,93.7,46.9,58.8,annual moringa,annual moringa,annual moringa,63,"['annual moringa', 'rice', 'cotton']","[63, 26, 8]"
6.5,21.5,69.8,92.3,72.1,60.5,pumpkin,pumpkin,pumpkin,50,"['pumpkin', 'sugarbeet', 'carrot']","[50, 25, 14]"
6.6,25.0,99.6,118.1,55.9,45.3,cauliflower,cauliflower,cauliflower,100,"['cauliflower', 'sweet potato', 'peas']","[100, 0, 0]"
7.9,24.7,89.5,46.6,30.5,34.1,sunflower,sunflower,castor,55,"['castor', 'sunflower', 'pearl millet']","[55, 43, 2]"
6.5,38.8,82.4,47.9,28.1,36.9,pearl millet,pearl millet,pearl millet,93,"['pearl millet', 'horsegram', 'soyabean']","[93, 4, 1]"
6.9,36.5,65.0,74.0,49.7,42.9,groundnut,groundnut,groundnut,87,"['groundnut', 'cucumber', 'rice']","[87, 11, 1]"
5.8,31.4,60.4,82.9,57.1,58.8,rice,rice,rice,93,"['rice', 'tapoica', 'cucumber']","[93, 4, 2]"
7.0,25.6,90.4,38.6,30.6,33.8,gingely,gingely,gingely,96,"['gingely', 'castor', 'pearl millet']","[96, 2, 2]"
6.9,24.5,82.5,64.2,23.8,31.5,sunflower,sunflower,sunflower,35,"['sunflower', 'soyabean', 'castor']","[35, 27, 21]"
5.7,29.2,82.2,85.1,51.0,50.1,vegetable cowpea,vegetable cowpea,vegetable cowpea,59,"['vegetable cowpea', 'elephant foot yam', 'french bean']","[59, 38, 2]"
7.2,22.6,86.6,84.8,47.3,46.4,cotton,cotton,cotton,59,"['cotton', 'peas', 'cluster bean']","[59, 29, 9]"
7.0,26.8,81.8,88.9,53.2,49.4,tinda,tinda,tinda,57,"['tinda', 'annual moringa', 'elephant foot yam']","[57, 15, 9]"
8.1,21.2,78.4,93.0,58.5,44.7,cluster bean,cluster bean,cluster bean,85,"['cluster bean', 'cotton', 'rice']","[85, 12, 2]"
5.7,23.3,15.3,39.5,24.8,24.0,panivaragu,panivaragu,thinai,54,"['thinai', 'ragi', 'panivaragu']","[54, 23, 15]"
7.6,23.5,67.4,157.5,93.2,124.0,sugarcane,sugarcane,sugarcane,100,"['sugarcane', 'sugarbeet', 'maize']","[100, 0, 0]"
7.4,24.5,92.8,73.0,36.4,29.7,sunflower,sunflower,sunflower,60,"['sunflower', 'castor', 'soyabean']","[60, 39, 1]"
7.1,29.9,80.6,85.9,40.5,47.3,annual moringa,annual moringa,tinda,45,"['tinda', 'annual moringa', 'jute']","[45, 25, 12]"
6.1,21.8,83.7,99.3,53.1,53.7,chowchow,chowchow,chowchow,54,"['chowchow', 'sweet potato', 'vegetable cowpea']","[54, 33, 6]"
6.5,26.4,67.6,53.9,31.5,21.1,horsegram,horsegram,horsegram,76,"['horsegram', 'bengalgram', 'soyabean']","[76, 12, 8]"
6.0,37.6,16.1,36.3,27.8,26.2,panivaragu,panivaragu,panivaragu,99,"['panivaragu', 'blackgram', 'thinai']","[99, 1, 0]"
6.3,25.2,50.5,87.9,55.4,41.6,tapoica,tapoica,tapoica,94,"['tapoica', 'wheat', 'rice']","[94, 5, 1]"
6.8,11.9,18.8,40.0,24.9,28.8,ragi,ragi,ragi,59,"['ragi', 'panivaragu', 'kudiraivali']","[59, 40, 0]"
6.8,24.2,60.9,157.6,77.1,83.2,maize,maize,maize,90,"['maize', 'sugarcane', 'sugarbeet']","[90, 9, 0]"
6.4,26.3,15.5,37.2,21.7,24.2,varagu,varagu,varagu,79,"['varagu', 'thinai', 'panivaragu']","[79, 12, 5]"
7.0,21.3,78.2,156.5,88.1,74.9,maize,maize,maize,94,"['maize', 'sugarbeet', 'tomato']","[94, 5, 1]"
6.0,18.5,75.4,106.8,62.1,73.5,sugarbeet,sugarbeet,sugarbeet,78,"['sugarbeet', 'maize', 'onion']","[78, 9, 7]"
5.9,19.2,19.2,33.9,21.3,27.5,ragi,ragi,ragi,50,"['ragi', 'panivaragu', 'thinai']","[50, 37, 11]"
6.8,31.3,81.1,91.0,59.5,77.0,muskmelon,muskmelon,muskmelon,48,"['muskmelon', 'ribbed gourd', 'bitter gourd']","[48, 48, 3]"
7.7,24.3,66.7,99.4,51.2,50.1,rice,rice,rice,67,"['rice', 'cotton', 'cucumber']","[67, 28, 1]"
6.5,29.5,66.1,24.8,31.8,39.6,greengram,greengram,greengram,99,"['greengram', 'cowpea', 'horsegram']","[99, 0, 0]"
5.2,36.7,76.7,98.4,53.6,58.5,rice,rice,rice,100,"['rice', 'elephant foot yam', 'jute']","[100, 0, 0]"
6.4,22.9,17.9,38.7,29.9,23.7,panivaragu,panivaragu,thinai,59,"['thinai', 'ragi', 'panivaragu']","[59, 18, 18]"
7.3,33.5,82.6,96.7,48.3,91.1,muskmelon,muskmelon,muskmelon,65,"['muskmelon', 'ribbed gourd', 'bitter gourd']","[65, 34, 0]"
6.4,20.0,16.7,31.1,21.3,29.5,ragi,ragi,thinai,38,"['thinai', 'ragi', 'panivaragu']","[38, 28, 21]"
6.0,12.0,99.3,84.7,47.7,43.9,radish,radish,radish,99,"['radish', 'cauliflower', 'beetroot']","[99, 1, 0]"
5.9,28.8,18.5,35.7,21.2,24.1,thinai,thinai,thinai,50,"['thinai', 'panivaragu', 'varagu']","[50, 24, 23]"
6.9,29.2,81.3,115.8,43.5,56.5,peas,peas,annual moringa,69,"['annual moringa', 'peas', 'cotton']","[69, 19, 7]"
6.5,38.9,17.8,28.5,22.9,32.4,blackgram,blackgram,blackgram,93,"['blackgram', 'panivaragu', 'thinai']","[93, 7, 0]"
7.5,31.7,97.5,73.8,44.2,45.1,sorghum,sorghum,sorghum,99,"['sorghum', 'jute', 'pearl millet']","[99, 1, 0]"
7.3,28.4,90.0,137.7,66.3,114.5,brinjal,brinjal,brinjal,93,"['brinjal', 'capsicum', 'tomato']","[93, 4, 2]"
7.8,25.3,99.1,43.9,35.6,38.6,castor,castor,castor,87,"['castor', 'sunflower', 'gingely']","[87, 9, 2]"
7.0,19.4,99.9,78.3,59.4,59.9,beetroot,beetroot,beetroot,92,"['beetroot', 'sorghum', 'cauliflower']","[92, 7, 1]"
5.8,19.1,82.7,76.3,56.2,52.3,chowchow,chowchow,chowchow,60,"['chowchow', 'french bean', 'vegetable cowpea']","[60, 35, 4]"
6.3,22.1,63.9,91.4,53.5,54.9,rice,rice,rice,49,"['rice', 'small onion', 'wheat']","[49, 30, 18]"
7.4,26.5,86.6,90.6,54.9,44.1,peas,peas,cotton,64,"['cotton', 'peas', 'tinda']","[64, 20, 7]"
6.8,20.4,80.5,142.8,80.9,89.0,maize,maize,tomato,60,"['tomato', 'maize', 'onion']","[60, 30, 4]"
6.3,26.7,97.1,119.4,65.0,86.6,cabbage,cabbage,bhendi,88,"['bhendi', 'cabbage', 'capsicum']","[88, 10, 2]"
5.6,35.2,82.0,45.8,21.5,36.1,pearl millet,pearl millet,pearl millet,99,"['pearl millet', 'horsegram', 'gingely']","[99, 1, 0]"
6.5,32.5,66.6,54.6,22.9,35.7,horsegram,horsegram,horsegram,93,"['horsegram', 'bengalgram', 'soyabean']","[93, 4, 2]"
6.0,19.2,66.6,84.8,54.6,41.7,small onion,small onion,small onion,91,"['small onion', 'rice', 'chowchow']","[91, 5, 2]"
7.0,21.3,58.4,116.8,40.6,58.2,wheat,wheat,wheat,96,"['wheat', 'sugarbeet', 'maize']","[96, 4, 0]"
6.0,27.5,84.6,77.1,44.6,51.1,elephant foot yam,elephant foot yam,elephant foot yam,59,"['elephant foot yam', 'vegetable cowpea', 'french bean']","[59, 35, 3]"
6.0,26.0,16.6,33.6,25.6,21.5,thinai,thinai,varagu,79,"['varagu', 'thinai', 'ragi']","[79, 12, 4]"
6.6,23.4,96.0,90.6,41.3,47.5,cauliflower,cauliflower,cauliflower,97,"['cauliflower', 'beetroot', 'sweet potato']","[97, 1, 1]"
7.2,39.1,85.8,51.8,36.1,21.9,pearl millet,pearl millet,pearl millet,97,"['pearl millet', 'horsegram', 'gingely']","[97, 2, 0]"
7.0,33.4,60.1,30.7,28.0,36.0,greengram,greengram,greengram,100,"['greengram', 'horsegram', 'panivaragu']","[100, 0, 0]"
6.9,22.8,66.8,169.1,95.5,147.8,sugarcane,sugarcane,sugarcane,99,"['sugarcane', 'maize', 'sugarbeet']","[99, 1, 0]"
6.8,23.6,76.7,47.4,24.0,33.1,redgram,redgram,redgram,95,"['redgram', 'soyabean', 'sunflower']","[95, 2, 1]"
7.8,15.4,69.2,142.4,72.1,70.1,sugarbeet,sugarbeet,sugarbeet,100,"['sugarbeet', 'maize', 'carrot']","[100, 0, 0]"
7.7,24.5,73.3,184.8,60.4,135.2,sugarcane,sugarcane,sugarcane,100,"['sugarcane', 'sugarbeet', 'tomato']","[100, 0, 0]"
6.6,26.6,61.9,62.3,58.4,73.5,pumpkin,pumpkin,ash gourd,62,"['ash gourd', 'pumpkin', 'cucumber']","[62, 37, 0]"
6.0,20.9,69.5,85.4,41.2,54.2,rice,rice,small onion,72,"['small onion', 'rice', 'chowchow']","[72, 23, 3]"
6.5,27.4,84.2,36.2,33.4,31.3,gingely,gingely,gingely,97,"['gingely', 'redgram', 'pearl millet']","[97, 1, 1]"
7.5,37.3,61.2,85.2,45.4,45.4,rice,rice,rice,59,"['rice', 'cucumber', 'jute']","[59, 39, 1]"
7.4,27.6,95.1,22.9,30.1,25.7,gingely,gingely,gingely,100,"['gingely', 'pearl millet', 'castor']","[100, 0, 0]"
6.7,11.9,97.7,66.3,48.3,55.6,radish,radish,radish,91,"['radish', 'sorghum', 'cauliflower']","[91, 6, 2]"
7.0,25.5,75.5,88.8,51.0,88.5,muskmelon,muskmelon,watermelon,61,"['watermelon', 'muskmelon', 'ribbed gourd']","[61, 21, 12]"
6.5,21.5,61.8,91.7,43.8,43.9,rice,rice,wheat,41,"['wheat', 'rice', 'small onion']","[41, 32, 23]"
6.2,21.4,77.5,146.6,69.8,100.4,onion,onion,onion,92,"['onion', 'chillies', 'maize']","[92, 3, 2]"
5.9,24.6,84.1,148.7,46.3,101.1,onion,onion,onion,78,"['onion', 'chillies', 'brinjal']","[78, 11, 6]"
6.0,18.4,74.8,111.5,62.0,69.1,sugarbeet,sugarbeet,sugarbeet,85,"['sugarbeet', 'maize', 'carrot']","[85, 9, 4]"
7.7,29.2,17.2,39.7,28.7,37.2,blackgram,blackgram,blackgram,96,"['blackgram', 'samai', 'ragi']","[96, 3, 1]"
6.6,18.2,84.0,178.2,67.9,68.1,maize,maize,maize,97,"['maize', 'sugarbeet', 'tomato']","[97, 2, 1]"
6.6,30.2,87.6,59.3,33.9,29.1,soyabean,soyabean,soyabean,54,"['soyabean', 'pearl millet', 'jute']","[54, 42, 3]"
6.8,16.5,17.8,35.6,24.2,29.9,panivaragu,panivaragu,ragi,66,"['ragi', 'panivaragu', 'thinai']","[66, 33, 1]"
6.6,21.5,90.0,147.6,64.2,106.2,brinjal,brinjal,brinjal,81,"['brinjal', 'capsicum', 'cabbage']","[81, 17, 1]"
7.0,29.2,87.7,94.9,41.7,71.6,bitter gourd,bitter gourd,bitter gourd,88,"['bitter gourd', 'muskmelon', 'ribbed gourd']","[88, 5, 4]"
6.3,19.0,66.1,99.2,63.1,98.5,carrot,carrot,carrot,58,"['carrot', 'pumpkin', 'sugarbeet']","[58, 40, 0]"
7.4,31.3,62.6,22.1,23.1,37.0,greengram,greengram,greengram,100,"['greengram', 'horsegram', 'blackgram']","[100, 0, 0]"
6.8,22.2,58.1,106.6,55.4,59.2,wheat,wheat,wheat,98,"['wheat', 'sugarbeet', 'maize']","[98, 2, 0]"
6.3,24.4,72.7,63.8,46.8,52.9,small onion,small onion,small onion,88,"['small onion', 'tinda', 'jute']","[88, 5, 3]"
7.3,10.2,80.0,95.4,51.3,57.1,peas,peas,peas,100,"['peas', 'cotton', 'cluster bean']","[100, 0, 0]"
7.2,26.5,76.2,64.8,42.4,52.4,tinda,tinda,tinda,91,"['tinda', 'cluster bean', 'jute']","[91, 3, 3]"
6.7,27.6,99.3,86.3,58.0,49.2,cauliflower,cauliflower,cauliflower,98,"['cauliflower', 'sorghum', 'peas']","[98, 2, 0]"
6.6,14.0,95.1,91.0,55.8,56.5,cauliflower,cauliflower,radish,50,"['radish', 'cauliflower', 'peas']","[50, 49, 1]"
7.6,16.8,19.2,37.5,21.8,25.6,ragi,ragi,ragi,99,"['ragi', 'panivaragu', 'blackgram']","[99, 1, 0]"
6.6,20.8,65.0,76.9,43.6,40.4,groundnut,groundnut,groundnut,73,"['groundnut', 'small onion', 'rice']","[73, 23, 2]"
5.9,25.9,19.8,32.3,22.3,28.0,varagu,varagu,varagu,79,"['varagu', 'thinai', 'ragi']","[79, 11, 5]"
5.9,18.0,93.4,52.1,33.4,31.7,pearl millet,pearl millet,pearl millet,96,"['pearl millet', 'soyabean', 'castor']","[96, 4, 0]"
6.6,26.5,80.5,73.7,29.1,23.9,soyabean,soyabean,soyabean,81,"['soyabean', 'redgram', 'castor']","[81, 9, 6]"
5.9,25.6,52.6,73.9,53.5,56.4,tapoica,tapoica,tapoica,100,"['tapoica', 'ash gourd', 'cowpea']","[100, 0, 0]"
6.0,22.4,79.4,98.0,69.5,72.9,bottle gourd,bottle gourd,bottle gourd,85,"['bottle gourd', 'onion', 'snake gourd']","[85, 6, 4]"
6.5,16.6,91.2,124.5,66.6,111.9,capsicum,capsicum,capsicum,51,"['capsicum', 'cabbage', 'brinjal']","[51, 49, 0]"
6.6,26.1,83.2,92.6,46.3,82.5,bitter gourd,bitter gourd,watermelon,43,"['watermelon', 'bitter gourd', 'muskmelon']","[43, 24, 15]"
6.1,19.9,98.1,88.4,42.1,52.6,beetroot,beetroot,beetroot,98,"['beetroot', 'radish', 'cauliflower']","[98, 1, 0]"
7.2,26.0,83.6,60.6,56.2,54.6,tinda,tinda,tinda,83,"['tinda', 'cluster bean', 'elephant foot yam']","[83, 6, 5]"
6.6,32.8,94.9,62.5,57.5,41.4,sorghum,sorghum,sorghum,99,"['sorghum', 'elephant foot yam', 'jute']","[99, 0, 0]"
6.2,27.4,17.8,32.2,27.3,21.8,thinai,thinai,thinai,43,"['thinai', 'varagu', 'panivaragu']","[43, 31, 21]"
5.9,43.6,18.3,39.0,23.9,21.8,panivaragu,panivaragu,panivaragu,99,"['panivaragu', 'thinai', 'blackgram']","[99, 0, 0]"
7.1,25.0,84.0,118.7,59.1,88.3,watermelon,watermelon,watermelon,48,"['watermelon', 'tomato', 'brinjal']","[48, 30, 8]"
5.7,26.7,77.6,76.6,59.8,45.1,vegetable cowpea,vegetable cowpea,vegetable cowpea,75,"['vegetable cowpea', 'french bean', 'elephant foot yam']","[75, 21, 4]"
6.6,24.5,99.0,132.7,99.3,89.1,bhendi,bhendi,bhendi,96,"['bhendi', 'cabbage', 'capsicum']","[96, 4, 0]"
6.1,24.3,97.0,74.9,52.6,41.5,sorghum,sorghum,sorghum,92,"['sorghum', 'cauliflower', 'beetroot']","[92, 6, 1]"
6.3,17.0,66.5,97.3,73.1,72.7,carrot,carrot,carrot,97,"['carrot', 'sugarbeet', 'pumpkin']","[97, 2, 1]"
6.9,28.5,79.7,91.8,45.1,40.5,annual moringa,annual moringa,tinda,59,"['tinda', 'annual moringa', 'jute']","[59, 16, 9]"
6.1,25.2,69.1,74.7,67.8,71.0,pumpkin,pumpkin,ash gourd,72,"['ash gourd', 'pumpkin', 'bottle gourd']","[72, 27, 0]"
6.5,22.8,74.5,120.7,86.1,73.5,maize,maize,maize,63,"['maize', 'sugarbeet', 'onion']","[63, 35, 1]"
7.3,29.5,87.4,29.1,23.9,27.9,gingely,gingely,gingely,100,"['gingely', 'pearl millet', 'castor']","[100, 0, 0]"
7.3,25.4,15.1,35.1,20.2,20.3,ragi,ragi,ragi,78,"['ragi', 'panivaragu', 'thinai']","[78, 8, 7]"
6.2,25.5,81.2,83.0,56.7,66.5,bottle gourd,bottle gourd,watermelon,51,"['watermelon', 'bottle gourd', 'bitter gourd']","[51, 34, 6]"
7.0,25.9,61.0,38.6,25.8,29.0,greengram,greengram,greengram,96,"['greengram', 'horsegram', 'bengalgram']","[96, 2, 1]"
7.7,40.2,17.6,40.0,24.5,27.3,blackgram,blackgram,blackgram,75,"['blackgram', 'samai', 'panivaragu']","[75, 14, 10]"
6.3,15.7,94.5,64.1,58.9,41.7,sorghum,sorghum,sorghum,59,"['sorghum', 'radish', 'beetroot']","[59, 39, 1]"
6.3,23.2,75.3,106.4,48.3,112.7,onion,onion,onion,63,"['onion', 'chillies', 'tomato']","[63, 33, 3]"
6.9,20.1,17.9,29.7,36.3,34.1,blackgram,blackgram,blackgram,99,"['blackgram', 'thinai', 'ragi']","[99, 0, 0]"
6.7,20.5,100.0,119.5,46.4,43.2,cauliflower,cauliflower,cauliflower,97,"['cauliflower', 'beetroot', 'sweet potato']","[97, 3, 0]"
7.4,25.6,78.8,108.3,44.7,70.4,watermelon,watermelon,watermelon,72,"['watermelon', 'muskmelon', 'tomato']","[72, 25, 1]"
6.5,27.5,65.0,53.4,53.3,59.9,groundnut,groundnut,groundnut,91,"['groundnut', 'ash gourd', 'cucumber']","[91, 4, 3]"
6.9,26.4,77.6,56.4,30.0,25.7,redgram,redgram,redgram,83,"['redgram', 'soyabean', 'horsegram']","[83, 9, 7]"
6.0,26.8,82.3,125.5,67.7,83.3,chillies,chillies,chillies,54,"['chillies', 'maize', 'brinjal']","[54, 32, 6]"
7.4,28.5,85.6,89.8,42.1,44.3,cotton,cotton,cotton,43,"['cotton', 'peas', 'tinda']","[43, 18, 16]"
6.8,33.2,99.8,21.0,29.4,26.4,gingely,gingely,gingely,100,"['gingely', 'pearl millet', 'castor']","[100, 0, 0]"
6.3,25.5,79.5,132.0,53.9,118.7,chillies,chillies,chillies,88,"['chillies', 'onion', 'tomato']","[88, 10, 2]"
5.2,38.3,60.1,97.6,47.1,58.3,rice,rice,rice,100,"['rice', 'cucumber', 'tapoica']","[100, 0, 0]"
5.5,28.5,60.0,51.0,27.9,30.7,bengalgram,bengalgram,bengalgram,94,"['bengalgram', 'cowpea', 'horsegram']","[94, 5, 1]"
6.5,25.2,76.3,57.7,26.0,24.4,redgram,redgram,redgram,62,"['redgram', 'soyabean', 'horsegram']","[62, 29, 7]"
5.9,25.7,19.0,33.3,22.9,21.8,varagu,varagu,varagu,78,"['varagu', 'thinai', 'ragi']","[78, 12, 6]"
7.3,27.8,82.6,94.9,52.0,48.3,tinda,tinda,tinda,49,"['tinda', 'annual moringa', 'cotton']","[49, 23, 17]"
5.9,24.5,80.5,145.8,58.2,102.5,onion,onion,onion,81,"['onion', 'chillies', 'maize']","[81, 18, 0]"
6.7,21.6,59.0,93.4,42.6,42.6,wheat,wheat,wheat,98,"['wheat', 'rice', 'small onion']","[98, 1, 0]"
7.3,28.2,90.0,102.7,50.0,111.7,brinjal,brinjal,brinjal,94,"['brinjal', 'capsicum', 'tomato']","[94, 5, 1]"
6.2,20.0,16.6,51.0,35.0,25.8,kudiraivali,kudiraivali,kudiraivali,100,"['kudiraivali', 'thinai', 'ragi']","[100, 0, 0]"
6.1,24.3,98.0,106.7,84.2,99.5,bhendi,bhendi,bhendi,85,"['bhendi', 'cabbage', 'capsicum']","[85, 15, 0]"
6.3,29.3,60.0,42.4,21.8,33.0,bengalgram,bengalgram,bengalgram,88,"['bengalgram', 'horsegram', 'cowpea']","[88, 8, 3]"
7.6,22.0,82.7,117.8,52.3,46.0,cotton,cotton,cotton,84,"['cotton', 'peas', 'cluster bean']","[84, 12, 3]"
6.9,18.9,99.3,68.3,54.7,48.9,beetroot,beetroot,beetroot,95,"['beetroot', 'sorghum', 'radish']","[95, 5, 1]"
6.7,12.5,65.0,77.3,52.1,56.9,groundnut,groundnut,groundnut,98,"['groundnut', 'small onion', 'peas']","[98, 2, 0]"
5.9,22.8,83.1,107.3,66.8,91.2,onion,onion,onion,81,"['onion', 'brinjal', 'capsicum']","[81, 8, 4]"
5.9,26.9,60.0,60.0,23.1,31.6,bengalgram,bengalgram,bengalgram,95,"['bengalgram', 'cowpea', 'horsegram']","[95, 3, 1]"
6.8,21.7,17.3,38.2,22.5,24.8,blackgram,blackgram,thinai,50,"['thinai', 'ragi', 'panivaragu']","[50, 20, 17]"
6.0,24.7,68.4,99.0,72.3,78.3,pumpkin,pumpkin,ash gourd,50,"['ash gourd', 'pumpkin', 'chillies']","[50, 32, 10]"
6.3,10.3,93.6,107.9,78.6,97.3,cabbage,cabbage,cabbage,98,"['cabbage', 'capsicum', 'brinjal']","[98, 2, 0]"
6.8,33.5,65.0,78.3,48.2,42.2,groundnut,groundnut,groundnut,61,"['groundnut', 'cucumber', 'rice']","[61, 36, 2]"
5.1,20.1,53.0,44.7,29.8,34.2,cowpea,cowpea,cowpea,95,"['cowpea', 'kudiraivali', 'bengalgram']","[95, 4, 1]"
5.7,25.1,65.8,149.6,71.7,67.0,maize,maize,maize,99,"['maize', 'sugarbeet', 'ash gourd']","[99, 1, 0]"
7.4,25.0,80.6,106.8,46.7,52.9,peas,peas,cotton,53,"['cotton', 'annual moringa', 'peas']","[53, 25, 17]"
6.9,25.2,81.7,105.5,43.6,87.8,muskmelon,muskmelon,watermelon,68,"['watermelon', 'muskmelon', 'tomato']","[68, 16, 10]"
6.4,41.8,15.1,39.9,28.4,29.0,panivaragu,panivaragu,panivaragu,97,"['panivaragu', 'blackgram', 'horsegram']","[97, 2, 0]"
6.4,35.0,74.1,97.3,35.4,41.0,jute,jute,jute,98,"['jute', 'rice', 'annual moringa']","[98, 1, 0]"
7.2,27.1,81.9,116.0,48.6,87.7,muskmelon,muskmelon,muskmelon,52,"['muskmelon', 'tomato', 'watermelon']","[52, 23, 22]"
5.6,27.0,55.4,75.1,53.8,52.4,tapoica,tapoica,tapoica,100,"['tapoica', 'rice', 'ash gourd']","[100, 0, 0]"
7.2,33.5,65.2,30.5,27.7,38.9,greengram,greengram,greengram,100,"['greengram', 'horsegram', 'gingely']","[100, 0, 0]"
5.8,24.5,53.4,56.7,37.4,25.4,cowpea,cowpea,cowpea,96,"['cowpea', 'bengalgram', 'horsegram']","[96, 3, 0]"
6.3,18.5,99.3,62.9,43.1,57.7,beetroot,beetroot,beetroot,92,"['beetroot', 'sorghum', 'radish']","[92, 6, 2]"
6.5,29.9,88.4,67.7,77.5,94.2,bitter gourd,bitter gourd,bitter gourd,84,"['bitter gourd', 'snake gourd', 'ribbed gourd']","[84, 11, 4]"
6.7,23.8,17.4,31.3,21.1,26.6,thinai,thinai,thinai,49,"['thinai', 'blackgram', 'ragi']","[49, 19, 19]"
6.7,20.2,71.6,101.9,78.7,76.0,sugarbeet,sugarbeet,sugarbeet,84,"['sugarbeet', 'carrot', 'tomato']","[84, 6, 5]"
6.5,26.2,58.0,83.8,49.6,91.1,ash gourd,ash gourd,ash gourd,93,"['ash gourd', 'pumpkin', 'tapoica']","[93, 7, 0]"
7.9,34.2,83.6,29.0,35.3,24.8,gingely,gingely,gingely,100,"['gingely', 'pearl millet', 'greengram']","[100, 0, 0]"
5.8,27.2,82.9,97.7,48.8,52.4,elephant foot yam,elephant foot yam,vegetable cowpea,60,"['vegetable cowpea', 'elephant foot yam', 'french bean']","[60, 34, 3]"
6.7,22.2,89.3,99.0,66.2,61.8,snake gourd,snake gourd,snake gourd,82,"['snake gourd', 'sweet potato', 'brinjal']","[82, 8, 3]"
6.5,28.1,94.0,122.6,71.3,88.8,capsicum,capsicum,capsicum,87,"['capsicum', 'bhendi', 'brinjal']","[87, 5, 5]"
6.4,21.9,66.3,178.2,80.6,65.5,maize,maize,maize,98,"['maize', 'sugarbeet', 'carrot']","[98, 2, 0]"
6.5,34.8,83.3,117.6,42.1,41.6,annual moringa,annual moringa,annual moringa,90,"['annual moringa', 'elephant foot yam', 'jute']","[90, 5, 4]"
7.5,34.3,83.6,109.3,57.7,68.9,muskmelon,muskmelon,muskmelon,96,"['muskmelon', 'ribbed gourd', 'annual moringa']","[96, 3, 1]"
5.8,20.7,80.8,116.4,59.9,94.0,onion,onion,onion,97,"['onion', 'maize', 'brinjal']","[97, 1, 1]"
6.7,32.1,65.0,74.9,52.8,42.7,groundnut,groundnut,groundnut,66,"['groundnut', 'cucumber', 'rice']","[66, 33, 1]"
6.9,23.7,78.1,44.7,23.3,32.3,redgram,redgram,redgram,95,"['redgram', 'sunflower', 'soyabean']","[95, 2, 2]"
6.5,22.7,98.8,90.6,59.5,56.2,cauliflower,cauliflower,cauliflower,85,"['cauliflower', 'beetroot', 'sorghum']","[85, 13, 1]"
6.8,17.3,84.5,95.9,50.6,55.4,peas,peas,peas,98,"['peas', 'small onion', 'chowchow']","[98, 0, 0]"
6.0,20.6,70.6,141.9,72.7,78.8,sugarbeet,sugarbeet,maize,68,"['maize', 'sugarbeet', 'onion']","[68, 31, 0]"
5.9,22.4,84.7,61.8,43.0,51.3,vegetable cowpea,vegetable cowpea,vegetable cowpea,52,"['vegetable cowpea', 'french bean', 'chowchow']","[52, 28, 18]"
6.5,24.8,67.4,93.2,43.7,69.7,ash gourd,ash gourd,ash gourd,52,"['ash gourd', 'pumpkin', 'small onion']","[52, 45, 1]"
7.0,30.1,61.4,89.1,59.5,41.0,cucumber,cucumber,cucumber,76,"['cucumber', 'rice', 'tapoica']","[76, 13, 10]"
5.9,26.5,16.4,34.5,27.4,25.9,thinai,thinai,varagu,80,"['varagu', 'thinai', 'ragi']","[80, 11, 5]"
6.8,31.6,75.3,81.4,56.3,82.8,muskmelon,muskmelon,muskmelon,49,"['muskmelon', 'ribbed gourd', 'ash gourd']","[49, 47, 1]"
7.9,22.7,19.4,39.5,28.4,20.2,ragi,ragi,ragi,95,"['ragi', 'blackgram', 'thinai']","[95, 3, 1]"
7.4,28.5,82.7,96.0,43.7,47.3,tinda,tinda,tinda,46,"['tinda', 'annual moringa', 'cotton']","[46, 24, 17]"
6.6,23.9,94.1,46.1,25.0,26.8,castor,castor,sunflower,49,"['sunflower', 'castor', 'pearl millet']","[49, 38, 11]"
7.2,28.0,80.2,121.9,79.2,97.4,tomato,tomato,tomato,94,"['tomato', 'chillies', 'muskmelon']","[94, 4, 1]"
8.0,24.9,83.1,55.8,26.2,25.2,sunflower,sunflower,castor,62,"['castor', 'sunflower', 'pearl millet']","[62, 35, 2]"
5.6,20.4,82.5,78.0,45.9,58.0,chowchow,chowchow,chowchow,51,"['chowchow', 'french bean', 'vegetable cowpea']","[51, 30, 17]"
6.1,16.0,64.5,116.3,64.6,67.2,carrot,carrot,carrot,83,"['carrot', 'sugarbeet', 'maize']","[83, 17, 0]"
5.5,25.4,15.6,30.9,21.5,22.2,ragi,ragi,varagu,76,"['varagu', 'thinai', 'ragi']","[76, 13, 8]"
6.7,22.6,68.3,138.5,67.3,83.1,maize,maize,maize,56,"['maize', 'sugarbeet', 'sugarcane']","[56, 39, 3]"
6.7,24.8,89.1,97.5,42.1,74.4,snake gourd,snake gourd,snake gourd,71,"['snake gourd', 'bitter gourd', 'watermelon']","[71, 16, 4]"
6.2,24.8,84.6,113.0,76.1,107.2,onion,onion,onion,43,"['onion', 'chillies', 'brinjal']","[43, 33, 15]"
6.9,25.2,53.9,78.7,55.2,54.4,tapoica,tapoica,tapoica,97,"['tapoica', 'cucumber', 'wheat']","[97, 1, 1]"
6.8,25.1,84.5,94.4,67.7,94.7,bitter gourd,bitter gourd,bitter gourd,56,"['bitter gourd', 'ribbed gourd', 'bottle gourd']","[56, 17, 10]"
6.6,33.6,73.4,75.6,47.5,35.8,jute,jute,jute,97,"['jute', 'soyabean', 'cucumber']","[97, 1, 1]"
6.6,26.1,80.4,94.0,52.9,95.2,watermelon,watermelon,watermelon,44,"['watermelon', 'bitter gourd', 'muskmelon']","[44, 19, 17]"
6.4,33.6,80.5,91.3,57.9,41.0,elephant foot yam,elephant foot yam,elephant foot yam,80,"['elephant foot yam', 'annual moringa', 'jute']","[80, 8, 7]"
5.9,25.0,83.2,89.0,47.4,56.6,vegetable cowpea,vegetable cowpea,vegetable cowpea,55,"['vegetable cowpea', 'french bean', 'elephant foot yam']","[55, 22, 14]"
7.9,24.6,83.6,43.0,34.6,35.0,sunflower,sunflower,castor,59,"['castor', 'sunflower', 'pearl millet']","[59, 36, 3]"
5.7,33.4,82.4,87.8,42.6,52.9,elephant foot yam,elephant foot yam,elephant foot yam,93,"['elephant foot yam', 'vegetable cowpea', 'rice']","[93, 3, 2]"
6.5,22.7,87.0,101.4,59.6,56.5,sweet potato,sweet potato,sweet potato,98,"['sweet potato', 'peas', 'cauliflower']","[98, 1, 0]"
6.0,21.3,67.4,129.7,74.2,66.1,sugarbeet,sugarbeet,maize,56,"['maize', 'sugarbeet', 'carrot']","[56, 43, 0]"
6.7,16.7,60.1,87.4,63.2,93.0,carrot,carrot,carrot,92,"['carrot', 'pumpkin', 'sugarbeet']","[92, 8, 0]"
7.0,25.3,71.1,162.6,94.1,132.9,sugarcane,sugarcane,sugarcane,100,"['sugarcane', 'maize', 'tomato']","[100, 0, 0]"
6.7,37.7,17.9,29.6,36.5,36.9,blackgram,blackgram,blackgram,100,"['blackgram', 'panivaragu', 'greengram']","[100, 0, 0]"
7.9,22.7,71.4,81.2,59.6,41.5,rice,rice,rice,44,"['rice', 'cotton', 'cluster bean']","[44, 40, 13]"
6.2,8.8,95.0,129.7,83.7,104.5,cabbage,cabbage,cabbage,100,"['cabbage', 'capsicum', 'brinjal']","[100, 0, 0]"
5.6,16.1,96.1,69.8,45.9,47.9,radish,radish,radish,99,"['radish', 'sorghum', 'beetroot']","[99, 1, 0]"
6.3,25.5,99.2,131.5,89.5,92.9,bhendi,bhendi,bhendi,91,"['bhendi', 'cabbage', 'capsicum']","[91, 9, 0]"
6.7,23.7,93.7,77.8,30.7,35.4,castor,castor,sunflower,57,"['sunflower', 'castor', 'soyabean']","[57, 31, 12]"
6.6,21.0,76.3,56.3,38.5,28.6,redgram,redgram,redgram,85,"['redgram', 'soyabean', 'sunflower']","[85, 13, 2]"
6.7,32.5,63.6,87.4,49.1,43.0,cucumber,cucumber,cucumber,82,"['cucumber', 'rice', 'groundnut']","[82, 16, 1]"
6.9,28.2,80.3,86.0,68.0,68.8,bitter gourd,bitter gourd,bitter gourd,58,"['bitter gourd', 'ribbed gourd', 'muskmelon']","[58, 39, 2]"
6.3,20.2,98.9,86.8,40.5,55.8,beetroot,beetroot,beetroot,98,"['beetroot', 'cauliflower', 'radish']","[98, 1, 1]"
7.5,23.4,84.9,104.1,41.7,85.6,tomato,tomato,tomato,47,"['tomato', 'watermelon', 'brinjal']","[47, 43, 3]"
7.1,32.4,84.0,29.1,23.5,26.7,gingely,gingely,gingely,100,"['gingely', 'pearl millet', 'greengram']","[100, 0, 0]"
6.5,23.6,65.3,78.2,40.9,59.7,small onion,small onion,small onion,65,"['small onion', 'pumpkin', 'groundnut']","[65, 19, 11]"
7.5,35.7,87.2,67.1,45.5,46.9,jute,jute,jute,83,"['jute', 'sorghum', 'elephant foot yam']","[83, 12, 3]"
6.1,20.9,76.9,73.7,62.9,89.5,bottle gourd,bottle gourd,bottle gourd,98,"['bottle gourd', 'snake gourd', 'pumpkin']","[98, 1, 0]"
6.7,32.7,65.0,59.9,41.1,48.8,groundnut,groundnut,groundnut,87,"['groundnut', 'cucumber', 'jute']","[87, 13, 0]"
6.8,27.5,79.2,82.3,58.2,49.0,tinda,tinda,tinda,70,"['tinda', 'annual moringa', 'peas']","[70, 13, 5]"
7.2,20.9,76.5,126.2,76.9,112.5,tomato,tomato,tomato,91,"['tomato', 'sugarcane', 'sugarbeet']","[91, 8, 0]"
6.9,27.9,80.1,96.2,50.5,42.0,tinda,tinda,tinda,57,"['tinda', 'annual moringa', 'peas']","[57, 18, 8]"
7.0,18.6,77.1,40.4,34.6,27.5,redgram,redgram,redgram,95,"['redgram', 'pearl millet', 'sunflower']","[95, 3, 1]"
6.5,24.0,19.7,34.0,29.5,24.8,ragi,ragi,thinai,62,"['thinai', 'panivaragu', 'ragi']","[62, 16, 15]"
6.5,14.3,96.8,100.0,41.8,58.0,cauliflower,cauliflower,cauliflower,69,"['cauliflower', 'radish', 'beetroot']","[69, 31, 0]"
5.7,28.1,78.4,82.5,41.0,44.9,vegetable cowpea,vegetable cowpea,vegetable cowpea,81,"['vegetable cowpea', 'elephant foot yam', 'rice']","[81, 8, 5]"
8.8,30.5,15.5,30.1,29.6,29.6,samai,samai,samai,100,"['samai', 'blackgram', 'ragi']","[100, 0, 0]"
5.5,29.6,97.8,24.0,31.0,22.0,gingely,gingely,gingely,100,"['gingely', 'castor', 'pearl millet']","[100, 0, 0]"
6.8,26.9,98.0,75.7,56.2,40.9,sorghum,sorghum,sorghum,93,"['sorghum', 'cauliflower', 'jute']","[93, 6, 0]"
6.6,24.6,18.4,32.6,20.5,20.5,thinai,thinai,thinai,61,"['thinai', 'panivaragu', 'ragi']","[61, 15, 13]"
6.6,33.0,81.3,68.3,48.5,90.1,ribbed gourd,ribbed gourd,ribbed gourd,93,"['ribbed gourd', 'bitter gourd', 'muskmelon']","[93, 4, 1]"
5.6,26.0,81.4,74.1,56.7,55.1,french bean,french bean,vegetable cowpea,48,"['vegetable cowpea', 'french bean', 'elephant foot yam']","[48, 28, 23]"
7.1,26.3,77.5,83.8,43.5,91.1,watermelon,watermelon,watermelon,57,"['watermelon', 'muskmelon', 'ribbed gourd']","[57, 24, 17]"
6.6,17.4,96.1,99.4,57.6,56.2,radish,radish,cauliflower,68,"['cauliflower', 'radish', 'beetroot']","[68, 24, 8]"
6.3,27.9,19.2,34.1,20.4,29.9,panivaragu,panivaragu,thinai,43,"['thinai', 'varagu', 'panivaragu']","[43, 32, 20]"
6.4,32.8,84.6,92.2,50.1,53.8,elephant foot yam,elephant foot yam,elephant foot yam,92,"['elephant foot yam', 'annual moringa', 'jute']","[92, 4, 3]"
8.5,24.9,96.6,78.2,35.4,31.0,castor,castor,castor,85,"['castor', 'sunflower', 'sorghum']","[85, 15, 0]"
7.4,23.3,82.3,99.3,52.0,45.5,cluster bean,cluster bean,cluster bean,51,"['cluster bean', 'cotton', 'peas']","[51, 34, 13]"
7.1,37.0,72.7,55.6,37.0,37.5,horsegram,horsegram,horsegram,97,"['horsegram', 'jute', 'greengram']","[97, 3, 0]"
6.8,29.9,80.9,46.4,23.5,38.0,redgram,redgram,redgram,67,"['redgram', 'pearl millet', 'horsegram']","[67, 19, 6]"
6.4,21.9,80.2,99.1,58.2,69.1,bottle gourd,bottle gourd,bottle gourd,81,"['bottle gourd', 'watermelon', 'onion']","[81, 8, 4]"
6.3,25.5,99.4,143.6,72.5,82.4,bhendi,bhendi,bhendi,91,"['bhendi', 'cabbage', 'capsicum']","[91, 8, 0]"
8.8,31.5,15.2,36.7,24.7,21.0,samai,samai,samai,100,"['samai', 'blackgram', 'panivaragu']","[100, 0, 0]"
5.8,17.2,80.8,82.6,59.6,48.3,french bean,french bean,french bean,94,"['french bean', 'chowchow', 'vegetable cowpea']","[94, 5, 0]"
7.8,37.5,72.8,92.8,44.5,49.1,rice,rice,rice,86,"['rice', 'cucumber', 'jute']","[86, 7, 5]"
6.7,22.2,69.4,188.0,90.2,149.8,sugarcane,sugarcane,sugarcane,99,"['sugarcane', 'maize', 'sugarbeet']","[99, 0, 0]"
6.9,29.7,90.0,133.5,79.8,115.0,brinjal,brinjal,brinjal,83,"['brinjal', 'capsicum', 'chillies']","[83, 14, 2]"
6.3,25.4,54.3,92.1,41.9,48.7,tapoica,tapoica,tapoica,98,"['tapoica', 'wheat', 'rice']","[98, 2, 0]"
7.8,25.7,76.8,93.4,50.5,51.5,rice,rice,cotton,43,"['cotton', 'annual moringa', 'cluster bean']","[43, 29, 10]"
5.2,17.6,19.4,38.8,25.0,20.6,ragi,ragi,ragi,87,"['ragi', 'panivaragu', 'kudiraivali']","[87, 12, 1]"
6.8,14.3,15.8,33.8,29.8,21.5,panivaragu,panivaragu,ragi,65,"['ragi', 'panivaragu', 'thinai']","[65, 34, 0]"
6.9,19.8,69.2,65.7,63.4,60.9,pumpkin,pumpkin,pumpkin,81,"['pumpkin', 'groundnut', 'small onion']","[81, 8, 7]"
6.2,20.4,92.3,144.1,93.6,82.0,cabbage,cabbage,cabbage,90,"['cabbage', 'bhendi', 'capsicum']","[90, 5, 4]"
6.8,34.7,84.1,81.5,42.3,86.5,muskmelon,muskmelon,muskmelon,52,"['muskmelon', 'ribbed gourd', 'bitter gourd']","[52, 46, 2]"
6.7,25.9,84.6,84.2,66.8,67.3,bottle gourd,bottle gourd,bitter gourd,65,"['bitter gourd', 'ribbed gourd', 'bottle gourd']","[65, 16, 13]"
7.5,27.8,80.1,104.6,49.1,51.4,annual moringa,annual moringa,annual moringa,58,"['annual moringa', 'cotton', 'peas']","[58, 31, 7]"
5.7,24.3,81.2,83.5,42.0,58.4,vegetable cowpea,vegetable cowpea,vegetable cowpea,64,"['vegetable cowpea', 'french bean', 'sweet potato']","[64, 28, 2]"
8.2,21.1,82.6,79.0,56.5,57.3,cluster bean,cluster bean,cluster bean,99,"['cluster bean', 'cotton', 'peas']","[99, 1, 0]"
6.2,19.7,93.4,138.1,88.0,84.9,cabbage,cabbage,cabbage,93,"['cabbage', 'capsicum', 'bhendi']","[93, 5, 1]"
6.3,12.5,90.4,118.7,84.3,82.6,cabbage,cabbage,cabbage,99,"['cabbage', 'capsicum', 'brinjal']","[99, 1, 0]"
5.8,27.5,60.0,56.3,30.2,39.7,bengalgram,bengalgram,bengalgram,96,"['bengalgram', 'cowpea', 'horsegram']","[96, 3, 1]"
7.8,25.2,70.8,174.2,82.0,137.8,sugarcane,sugarcane,sugarcane,100,"['sugarcane', 'maize', 'sugarbeet']","[100, 0, 0]"
6.4,32.9,82.7,68.4,43.2,33.0,jute,jute,jute,90,"['jute', 'elephant foot yam', 'soyabean']","[90, 6, 3]"
6.1,26.7,90.0,118.4,47.1,100.9,brinjal,brinjal,brinjal,64,"['brinjal', 'capsicum', 'snake gourd']","[64, 33, 1]"
6.4,25.0,99.0,138.1,90.1,94.1,bhendi,bhendi,bhendi,91,"['bhendi', 'cabbage', 'capsicum']","[91, 8, 0]"
6.3,22.8,75.6,129.6,71.4,61.4,maize,maize,sugarbeet,68,"['sugarbeet', 'maize', 'onion']","[68, 29, 2]"
8.9,30.1,17.8,32.1,20.8,27.4,samai,samai,samai,99,"['samai', 'blackgram', 'ragi']","[99, 1, 0]"
7.5,27.5,77.2,89.7,59.3,53.2,cotton,cotton,tinda,33,"['tinda', 'annual moringa', 'cotton']","[33, 28, 27]"
7.0,26.1,76.9,62.7,44.0,90.8,ribbed gourd,ribbed gourd,ribbed gourd,78,"['ribbed gourd', 'bitter gourd', 'bottle gourd']","[78, 15, 3]"
7.1,21.3,78.3,90.4,42.2,59.0,cluster bean,cluster bean,cluster bean,62,"['cluster bean', 'cotton', 'peas']","[62, 18, 15]"
6.1,9.4,94.9,144.6,79.5,103.6,cabbage,cabbage,cabbage,100,"['cabbage', 'capsicum', 'brinjal']","[100, 0, 0]"
6.9,17.4,65.0,76.9,42.9,55.5,groundnut,groundnut,groundnut,88,"['groundnut', 'small onion', 'peas']","[88, 12, 0]"
6.9,18.1,99.1,88.9,55.8,45.0,beetroot,beetroot,beetroot,85,"['beetroot', 'cauliflower', 'radish']","[85, 11, 3]"
6.9,34.1,83.3,72.6,47.5,67.1,ribbed gourd,ribbed gourd,ribbed gourd,92,"['ribbed gourd', 'bitter gourd', 'muskmelon']","[92, 3, 2]"
6.3,23.1,16.1,30.2,27.3,25.6,thinai,thinai,thinai,57,"['thinai', 'ragi', 'panivaragu']","[57, 19, 17]"
6.2,20.7,70.0,82.7,49.6,70.3,pumpkin,pumpkin,pumpkin,86,"['pumpkin', 'bottle gourd', 'small onion']","[86, 8, 3]"
6.0,26.5,98.1,143.9,78.9,106.5,bhendi,bhendi,bhendi,90,"['bhendi', 'cabbage', 'capsicum']","[90, 8, 2]"
6.0,23.3,81.9,113.9,73.6,101.8,onion,onion,onion,83,"['onion', 'chillies', 'brinjal']","[83, 13, 2]"
6.7,30.3,54.4,47.2,20.6,39.7,horsegram,horsegram,horsegram,82,"['horsegram', 'cowpea', 'bengalgram']","[82, 15, 2]"
8.0,24.4,76.5,87.8,51.8,57.5,cluster bean,cluster bean,cluster bean,59,"['cluster bean', 'cotton', 'rice']","[59, 31, 8]"
6.4,23.5,60.0,58.3,35.9,28.9,bengalgram,bengalgram,bengalgram,98,"['bengalgram', 'cowpea', 'soyabean']","[98, 2, 0]"
6.7,23.9,85.7,90.1,51.4,55.6,sweet potato,sweet potato,sweet potato,75,"['sweet potato', 'peas', 'cotton']","[75, 16, 4]"
7.3,17.5,84.7,57.7,27.7,32.1,pearl millet,pearl millet,pearl millet,81,"['pearl millet', 'soyabean', 'sunflower']","[81, 15, 3]"
6.9,26.0,19.6,39.7,23.8,22.2,ragi,ragi,thinai,48,"['thinai', 'panivaragu', 'ragi']","[48, 18, 17]"
6.8,16.2,67.6,106.0,75.7,88.0,carrot,carrot,carrot,95,"['carrot', 'sugarbeet', 'tomato']","[95, 4, 0]"
5.6,13.4,95.5,84.0,49.8,44.8,radish,radish,radish,100,"['radish', 'cauliflower', 'french bean']","[100, 0, 0]"
6.5,25.6,82.4,91.8,43.8,71.8,watermelon,watermelon,watermelon,56,"['watermelon', 'bottle gourd', 'bitter gourd']","[56, 15, 14]"
6.1,27.7,63.9,98.2,45.4,98.3,ash gourd,ash gourd,ash gourd,97,"['ash gourd', 'pumpkin', 'chillies']","[97, 3, 0]"
6.6,11.2,65.0,56.2,44.3,45.5,groundnut,groundnut,groundnut,100,"['groundnut', 'small onion', 'peas']","[100, 0, 0]"
6.0,25.5,64.8,136.7,60.8,69.1,maize,maize,maize,96,"['maize', 'sugarbeet', 'ash gourd']","[96, 3, 0]"
6.1,23.4,87.5,79.6,44.4,96.4,snake gourd,snake gourd,snake gourd,98,"['snake gourd', 'bottle gourd', 'bitter gourd']","[98, 1, 0]"
6.2,26.4,87.4,63.8,73.5,73.0,snake gourd,snake gourd,snake gourd,92,"['snake gourd', 'bitter gourd', 'bottle gourd']","[92, 6, 2]"
7.3,27.6,76.4,103.1,46.2,44.6,annual moringa,annual moringa,annual moringa,54,"['annual moringa', 'cotton', 'peas']","[54, 28, 11]"
7.1,26.6,66.5,82.7,53.3,41.6,cucumber,cucumber,cucumber,73,"['cucumber', 'rice', 'cotton']","[73, 19, 4]"
6.9,21.4,82.2,52.6,24.3,32.6,pearl millet,pearl millet,sunflower,42,"['sunflower', 'redgram', 'soyabean']","[42, 38, 9]"
6.2,26.1,75.4,65.7,69.5,67.0,bottle gourd,bottle gourd,bottle gourd,72,"['bottle gourd', 'bitter gourd', 'ribbed gourd']","[72, 12, 7]"
6.4,7.9,99.2,112.6,86.7,95.4,cabbage,cabbage,cabbage,100,"['cabbage', 'capsicum', 'cauliflower']","[100, 0, 0]"
7.4,27.4,78.3,81.1,58.8,57.0,tinda,tinda,tinda,55,"['tinda', 'annual moringa', 'cotton']","[55, 17, 16]"
6.3,28.5,67.7,66.2,44.1,71.2,ash gourd,ash gourd,ash gourd,98,"['ash gourd', 'pumpkin', 'ribbed gourd']","[98, 2, 0]"
6.7,32.8,65.0,54.7,44.7,46.3,groundnut,groundnut,groundnut,94,"['groundnut', 'cucumber', 'jute']","[94, 5, 0]"
6.6,24.9,90.2,128.0,52.8,85.6,capsicum,capsicum,capsicum,72,"['capsicum', 'brinjal', 'bhendi']","[72, 25, 2]"
6.9,27.5,81.6,82.5,52.9,90.8,bitter gourd,bitter gourd,bitter gourd,34,"['bitter gourd', 'muskmelon', 'ribbed gourd']","[34, 30, 26]"
7.2,28.4,63.6,21.4,39.5,26.5,greengram,greengram,greengram,100,"['greengram', 'horsegram', 'blackgram']","[100, 0, 0]"
6.8,29.1,95.7,114.0,49.9,44.8,cauliflower,cauliflower,cauliflower,98,"['cauliflower', 'sweet potato', 'peas']","[98, 2, 0]"
7.4,22.6,17.8,38.6,25.1,32.5,blackgram,blackgram,blackgram,89,"['blackgram', 'ragi', 'thinai']","[89, 10, 1]"
8.7,33.5,18.1,32.8,25.5,29.8,samai,samai,samai,99,"['samai', 'blackgram', 'panivaragu']","[99, 0, 0]"
6.9,29.3,90.4,70.1,59.0,77.6,bitter gourd,bitter gourd,bitter gourd,98,"['bitter gourd', 'snake gourd', 'ribbed gourd']","[98, 1, 1]"
6.7,18.4,79.4,155.0,80.2,76.5,maize,maize,maize,86,"['maize', 'sugarbeet', 'tomato']","[86, 13, 1]"
7.9,21.6,67.8,139.8,66.6,69.4,sugarbeet,sugarbeet,sugarbeet,99,"['sugarbeet', 'maize', 'sugarcane']","[99, 1, 0]"
6.9,24.3,82.9,50.8,23.9,24.4,sunflower,sunflower,sunflower,33,"['sunflower', 'redgram', 'castor']","[33, 32, 16]"
6.7,36.9,61.4,53.1,28.8,35.3,horsegram,horsegram,horsegram,99,"['horsegram', 'greengram', 'bengalgram']","[99, 0, 0]"
6.7,21.2,86.2,92.2,43.3,49.8,peas,peas,sweet potato,69,"['sweet potato', 'peas', 'cotton']","[69, 22, 3]"
5.7,10.2,97.6,94.4,51.4,40.7,radish,radish,radish,99,"['radish', 'cauliflower', 'beetroot']","[99, 1, 0]"
5.9,23.6,85.5,118.6,50.6,49.9,sweet potato,sweet potato,sweet potato,100,"['sweet potato', 'vegetable cowpea', 'french bean']","[100, 0, 0]"
7.3,24.6,76.7,62.0,41.7,34.2,jute,jute,jute,69,"['jute', 'cluster bean', 'soyabean']","[69, 17, 4]"
7.2,24.8,78.2,106.2,56.7,92.4,watermelon,watermelon,watermelon,74,"['watermelon', 'tomato', 'muskmelon']","[74, 21, 4]"
6.5,14.5,99.3,90.1,55.9,52.4,radish,radish,radish,76,"['radish', 'cauliflower', 'beetroot']","[76, 23, 1]"
7.3,30.3,79.0,102.6,43.8,92.9,muskmelon,muskmelon,muskmelon,94,"['muskmelon', 'ribbed gourd', 'tomato']","[94, 3, 2]"
6.0,29.5,50.6,67.3,60.2,96.1,ash gourd,ash gourd,ash gourd,100,"['ash gourd', 'pumpkin', 'tapoica']","[100, 0, 0]"
5.7,26.1,50.5,80.0,44.0,42.5,tapoica,tapoica,tapoica,100,"['tapoica', 'rice', 'cowpea']","[100, 0, 0]"
7.0,11.7,70.6,85.0,42.9,45.7,peas,peas,peas,88,"['peas', 'small onion', 'groundnut']","[88, 11, 0]"
6.4,24.4,62.2,89.7,68.2,73.2,pumpkin,pumpkin,pumpkin,61,"['pumpkin', 'ash gourd', 'sugarbeet']","[61, 38, 0]"
7.4,25.8,82.3,71.9,28.0,26.4,castor,castor,castor,62,"['castor', 'sunflower', 'soyabean']","[62, 21, 10]"
6.6,23.6,60.0,44.9,32.2,20.3,bengalgram,bengalgram,bengalgram,99,"['bengalgram', 'cowpea', 'horsegram']","[99, 0, 0]"
6.7,20.8,81.8,105.0,67.1,85.2,tomato,tomato,tomato,74,"['tomato', 'brinjal', 'onion']","[74, 9, 8]"
6.7,38.7,93.9,50.1,28.8,26.1,pearl millet,pearl millet,pearl millet,99,"['pearl millet', 'soyabean', 'gingely']","[99, 1, 0]"
6.9,21.6,84.1,111.0,60.1,110.2,tomato,tomato,tomato,88,"['tomato', 'brinjal', 'onion']","[88, 6, 3]"
5.8,29.7,60.0,49.2,30.7,25.9,bengalgram,bengalgram,bengalgram,93,"['bengalgram', 'cowpea', 'horsegram']","[93, 3, 3]"
5.9,26.8,19.2,31.5,24.0,26.6,varagu,varagu,varagu,77,"['varagu', 'thinai', 'ragi']","[77, 12, 6]"
6.4,20.3,50.9,42.1,29.5,39.4,cowpea,cowpea,cowpea,85,"['cowpea', 'kudiraivali', 'bengalgram']","[85, 11, 3]"
5.6,12.8,77.7,84.7,43.7,57.2,french bean,french bean,french bean,99,"['french bean', 'chowchow', 'vegetable cowpea']","[99, 1, 0]"
6.4,27.6,70.4,86.2,57.1,72.6,ash gourd,ash gourd,ash gourd,95,"['ash gourd', 'pumpkin', 'ribbed gourd']","[95, 2, 1]"
6.9,25.9,79.4,79.0,21.1,38.5,soyabean,soyabean,soyabean,76,"['soyabean', 'jute', 'redgram']","[76, 12, 7]"
6.6,28.0,70.0,33.4,22.2,30.9,greengram,greengram,greengram,98,"['greengram', 'horsegram', 'soyabean']","[98, 1, 0]"
6.4,18.7,91.3,75.6,49.4,55.2,sorghum,sorghum,sorghum,81,"['sorghum', 'beetroot', 'radish']","[81, 15, 2]"
7.7,23.5,89.2,77.4,24.8,24.4,castor,castor,sunflower,64,"['sunflower', 'castor', 'soyabean']","[64, 36, 0]"
7.0,22.5,88.6,57.2,24.8,25.3,sunflower,sunflower,sunflower,69,"['sunflower', 'castor', 'pearl millet']","[69, 18, 6]"
6.1,18.2,75.7,50.3,33.8,28.3,soyabean,soyabean,soyabean,83,"['soyabean', 'redgram', 'pearl millet']","[83, 14, 3]"
6.4,24.1,96.1,135.3,87.4,111.6,bhendi,bhendi,bhendi,75,"['bhendi', 'cabbage', 'capsicum']","[75, 24, 1]"
5.9,15.5,97.0,85.5,44.8,40.1,radish,radish,radish,99,"['radish', 'cauliflower', 'beetroot']","[99, 0, 0]"
6.4,25.9,92.7,54.8,25.2,32.6,castor,castor,pearl millet,39,"['pearl millet', 'castor', 'soyabean']","[39, 35, 23]"
6.1,25.8,80.0,68.4,53.5,63.7,bottle gourd,bottle gourd,bottle gourd,84,"['bottle gourd', 'bitter gourd', 'snake gourd']","[84, 5, 5]"
6.5,18.5,99.1,80.4,47.2,47.7,beetroot,beetroot,beetroot,92,"['beetroot', 'cauliflower', 'radish']","[92, 4, 3]"
6.3,27.9,19.7,30.4,23.8,22.8,thinai,thinai,thinai,48,"['thinai', 'panivaragu', 'varagu']","[48, 26, 20]"
6.8,28.6,65.0,39.0,29.0,33.1,greengram,greengram,greengram,96,"['greengram', 'horsegram', 'bengalgram']","[96, 2, 1]"
6.9,21.0,79.5,48.2,21.8,25.9,redgram,redgram,redgram,93,"['redgram', 'sunflower', 'soyabean']","[93, 5, 2]"
5.7,20.0,20.0,42.8,21.5,20.3,kudiraivali,kudiraivali,kudiraivali,52,"['kudiraivali', 'cowpea', 'ragi']","[52, 31, 7]"
5.8,20.0,15.7,54.2,26.1,31.2,kudiraivali,kudiraivali,kudiraivali,99,"['kudiraivali', 'thinai', 'ragi']","[99, 0, 0]"
7.4,20.4,17.8,39.2,36.4,27.7,blackgram,blackgram,blackgram,89,"['blackgram', 'ragi', 'kudiraivali']","[89, 7, 3]"
6.7,21.1,80.1,117.5,71.4,82.8,tomato,tomato,tomato,73,"['tomato', 'onion', 'sugarbeet']","[73, 10, 5]"
7.8,21.0,88.8,50.9,31.1,36.8,sunflower,sunflower,sunflower,90,"['sunflower', 'castor', 'pearl millet']","[90, 7, 2]"
7.3,24.5,83.9,72.7,38.2,33.5,jute,jute,sunflower,53,"['sunflower', 'castor', 'jute']","[53, 28, 11]"
6.1,19.5,68.2,174.4,83.3,78.2,maize,maize,maize,98,"['maize', 'sugarbeet', 'carrot']","[98, 1, 1]"
6.2,25.2,82.2,88.5,69.8,68.4,bottle gourd,bottle gourd,bottle gourd,73,"['bottle gourd', 'bitter gourd', 'snake gourd']","[73, 11, 8]"
8.8,34.7,19.7,37.3,25.8,25.7,samai,samai,samai,100,"['samai', 'blackgram', 'panivaragu']","[100, 0, 0]"
6.5,45.2,65.0,73.6,44.3,58.8,groundnut,groundnut,groundnut,98,"['groundnut', 'cucumber', 'rice']","[98, 2, 0]"
6.2,31.0,72.1,62.7,31.7,29.0,soyabean,soyabean,soyabean,67,"['soyabean', 'horsegram', 'jute']","[67, 19, 14]"
6.7,26.7,91.6,102.4,55.9,89.4,capsicum,capsicum,capsicum,76,"['capsicum', 'brinjal', 'bitter gourd']","[76, 16, 3]"
6.3,24.1,75.2,107.8,69.7,119.3,onion,onion,onion,53,"['onion', 'chillies', 'tomato']","[53, 43, 2]"
7.6,37.5,17.3,37.2,35.3,28.4,blackgram,blackgram,blackgram,99,"['blackgram', 'samai', 'panivaragu']","[99, 1, 0]"
6.4,21.2,52.2,116.2,48.4,54.8,wheat,wheat,wheat,99,"['wheat', 'maize', 'sugarbeet']","[99, 1, 0]"
5.7,22.6,15.1,35.7,22.2,20.5,thinai,thinai,thinai,56,"['thinai', 'ragi', 'panivaragu']","[56, 19, 19]"
6.7,21.0,72.6,165.2,78.8,76.7,maize,maize,maize,91,"['maize', 'sugarbeet', 'tomato']","[91, 9, 0]"
5.5,29.7,60.0,51.8,39.4,22.0,bengalgram,bengalgram,bengalgram,92,"['bengalgram', 'cowpea', 'horsegram']","[92, 6, 2]"
7.7,34.7,76.7,109.1,44.3,50.9,annual moringa,annual moringa,annual moringa,95,"['annual moringa', 'rice', 'cotton']","[95, 2, 1]"
6.2,18.2,96.9,145.4,94.7,99.7,cabbage,cabbage,cabbage,99,"['cabbage', 'capsicum', 'bhendi']","[99, 1, 0]"
7.0,25.6,83.5,86.7,48.2,55.7,tinda,tinda,tinda,47,"['tinda', 'cotton', 'annual moringa']","[47, 14, 12]"
6.9,19.9,99.9,77.5,42.5,58.8,beetroot,beetroot,beetroot,94,"['beetroot', 'sorghum', 'cauliflower']","[94, 5, 1]"
7.2,21.8,90.0,122.7,79.8,84.0,brinjal,brinjal,brinjal,94,"['brinjal', 'capsicum', 'tomato']","[94, 5, 1]"
6.6,30.6,59.6,94.9,51.5,75.9,ash gourd,ash gourd,ash gourd,99,"['ash gourd', 'cucumber', 'tapoica']","[99, 0, 0]"
6.8,29.8,81.2,85.3,47.5,50.2,elephant foot yam,elephant foot yam,tinda,46,"['tinda', 'elephant foot yam', 'annual moringa']","[46, 23, 19]"
6.9,26.0,60.0,43.9,28.0,26.7,bengalgram,bengalgram,bengalgram,87,"['bengalgram', 'horsegram', 'greengram']","[87, 11, 1]"
5.6,26.2,60.0,57.7,20.8,37.9,bengalgram,bengalgram,bengalgram,96,"['bengalgram', 'cowpea', 'horsegram']","[96, 3, 0]"
6.6,34.8,17.7,36.7,35.3,25.6,blackgram,blackgram,blackgram,88,"['blackgram', 'panivaragu', 'thinai']","[88, 12, 0]"
6.2,24.5,89.9,93.8,45.0,49.7,sweet potato,sweet potato,sweet potato,97,"['sweet potato', 'jute', 'snake gourd']","[97, 1, 1]"
6.6,19.9,65.0,73.5,55.4,47.4,groundnut,groundnut,groundnut,84,"['groundnut', 'small onion', 'rice']","[84, 16, 0]"
8.1,22.8,17.5,35.7,21.5,25.5,ragi,ragi,ragi,79,"['ragi', 'samai', 'blackgram']","[79, 12, 8]"
6.1,23.7,87.4,60.1,45.4,97.7,snake gourd,snake gourd,snake gourd,95,"['snake gourd', 'bitter gourd', 'bottle gourd']","[95, 3, 2]"
7.7,24.9,75.4,84.7,57.7,46.1,cotton,cotton,cotton,44,"['cotton', 'cluster bean', 'rice']","[44, 35, 13]"
6.7,23.2,86.4,48.1,26.7,23.8,sunflower,sunflower,sunflower,53,"['sunflower', 'castor', 'pearl millet']","[53, 27, 12]"
5.2,26.1,51.5,42.1,28.2,32.3,cowpea,cowpea,cowpea,99,"['cowpea', 'bengalgram', 'varagu']","[99, 1, 0]"
6.6,7.7,96.1,101.3,58.1,46.4,cauliflower,cauliflower,cauliflower,99,"['cauliflower', 'radish', 'peas']","[99, 1, 0]"
7.4,15.6,20.0,39.5,23.2,22.6,ragi,ragi,ragi,93,"['ragi', 'panivaragu', 'kudiraivali']","[93, 6, 0]"
7.5,29.7,60.2,25.4,36.9,36.8,greengram,greengram,greengram,100,"['greengram', 'horsegram', 'blackgram']","[100, 0, 0]"
5.7,24.2,90.2,136.3,41.4,114.9,capsicum,capsicum,capsicum,98,"['capsicum', 'brinjal', 'onion']","[98, 2, 0]"
6.1,17.4,66.0,93.4,77.3,79.0,carrot,carrot,carrot,97,"['carrot', 'pumpkin', 'sugarbeet']","[97, 3, 1]"
7.5,27.7,87.1,82.7,50.4,46.0,cotton,cotton,cotton,64,"['cotton', 'peas', 'tinda']","[64, 13, 12]"
7.4,25.2,81.8,100.3,46.2,83.8,watermelon,watermelon,watermelon,75,"['watermelon', 'muskmelon', 'tomato']","[75, 19, 3]"
6.5,16.4,99.9,108.4,46.6,57.5,cauliflower,cauliflower,cauliflower,88,"['cauliflower', 'radish', 'beetroot']","[88, 12, 0]"
6.7,27.7,74.3,97.5,52.7,52.8,peas,peas,rice,24,"['rice', 'peas', 'tinda']","[24, 21, 18]"
7.3,24.9,75.2,102.4,53.3,47.2,peas,peas,cotton,60,"['cotton', 'peas', 'annual moringa']","[60, 19, 14]"
6.3,22.8,53.0,95.3,59.1,43.0,wheat,wheat,wheat,99,"['wheat', 'rice', 'small onion']","[99, 1, 0]"
6.6,26.4,63.3,85.9,69.6,89.8,pumpkin,pumpkin,pumpkin,53,"['pumpkin', 'ash gourd', 'maize']","[53, 47, 0]"
5.7,29.6,84.0,63.0,44.5,49.2,elephant foot yam,elephant foot yam,vegetable cowpea,51,"['vegetable cowpea', 'elephant foot yam', 'french bean']","[51, 46, 2]"
7.4,23.7,99.9,59.3,33.7,24.9,castor,castor,castor,57,"['castor', 'sunflower', 'pearl millet']","[57, 42, 1]"
6.4,20.5,15.7,36.1,26.1,23.3,panivaragu,panivaragu,thinai,54,"['thinai', 'panivaragu', 'ragi']","[54, 22, 21]"
6.1,22.5,69.6,88.0,74.9,85.8,pumpkin,pumpkin,pumpkin,84,"['pumpkin', 'ash gourd', 'bottle gourd']","[84, 11, 3]"
7.0,24.5,67.5,168.1,94.0,123.5,sugarcane,sugarcane,sugarcane,100,"['sugarcane', 'maize', 'sugarbeet']","[100, 0, 0]"
6.5,25.7,96.6,108.3,89.9,88.1,bhendi,bhendi,bhendi,93,"['bhendi', 'cabbage', 'capsicum']","[93, 7, 0]"
6.8,23.3,84.8,132.4,68.8,106.3,chillies,chillies,tomato,49,"['tomato', 'brinjal', 'chillies']","[49, 21, 21]"
7.1,30.6,84.0,95.6,47.7,86.5,ribbed gourd,ribbed gourd,muskmelon,67,"['muskmelon', 'ribbed gourd', 'bitter gourd']","[67, 31, 1]"
6.9,22.7,90.1,125.1,57.4,106.5,capsicum,capsicum,brinjal,89,"['brinjal', 'capsicum', 'tomato']","[89, 10, 0]"
6.5,29.7,60.0,54.0,37.6,34.5,bengalgram,bengalgram,bengalgram,85,"['bengalgram', 'horsegram', 'cowpea']","[85, 12, 2]"
6.2,26.9,77.0,89.1,49.2,65.7,watermelon,watermelon,watermelon,59,"['watermelon', 'bottle gourd', 'bitter gourd']","[59, 24, 6]"
6.6,25.7,95.5,133.5,79.9,119.5,bhendi,bhendi,bhendi,89,"['bhendi', 'cabbage', 'capsicum']","[89, 5, 5]"
6.7,24.3,79.9,154.7,66.5,137.7,sugarcane,sugarcane,sugarcane,93,"['sugarcane', 'chillies', 'tomato']","[93, 3, 3]"
5.7,15.4,97.9,72.3,46.2,54.4,radish,radish,radish,99,"['radish', 'sorghum', 'beetroot']","[99, 1, 0]"
6.1,18.1,98.9,83.8,41.9,51.0,beetroot,beetroot,beetroot,78,"['beetroot', 'radish', 'cauliflower']","[78, 20, 1]"
7.5,19.1,78.7,139.9,69.4,78.2,sugarbeet,sugarbeet,sugarbeet,93,"['sugarbeet', 'tomato', 'maize']","[93, 6, 1]"
6.2,7.6,91.6,123.6,98.5,93.6,cabbage,cabbage,cabbage,100,"['cabbage', 'capsicum', 'brinjal']","[100, 0, 0]"
6.6,32.8,65.0,69.6,50.5,47.2,groundnut,groundnut,groundnut,71,"['groundnut', 'cucumber', 'rice']","[71, 28, 0]"
6.5,22.3,95.8,106.2,56.0,54.9,cauliflower,cauliflower,cauliflower,98,"['cauliflower', 'sweet potato', 'beetroot']","[98, 1, 0]"
7.6,41.7,17.3,31.7,20.1,30.4,blackgram,blackgram,blackgram,95,"['blackgram', 'samai', 'panivaragu']","[95, 2, 2]"
8.2,24.6,82.7,70.8,56.6,55.2,cluster bean,cluster bean,cluster bean,100,"['cluster bean', 'cotton', 'tinda']","[100, 0, 0]"
5.9,23.8,88.5,80.8,50.3,54.1,sweet potato,sweet potato,sweet potato,96,"['sweet potato', 'vegetable cowpea', 'french bean']","[96, 2, 1]"
6.3,18.5,98.4,90.1,55.5,45.6,beetroot,beetroot,beetroot,94,"['beetroot', 'radish', 'cauliflower']","[94, 4, 2]"
6.3,36.9,76.8,73.4,47.0,34.9,jute,jute,jute,98,"['jute', 'rice', 'elephant foot yam']","[98, 1, 1]"
6.7,26.1,80.3,90.7,48.1,85.7,watermelon,watermelon,watermelon,48,"['watermelon', 'bitter gourd', 'muskmelon']","[48, 18, 16]"
5.9,24.0,18.8,39.2,21.3,27.0,ragi,ragi,thinai,54,"['thinai', 'ragi', 'panivaragu']","[54, 20, 15]"
6.6,28.7,63.3,62.7,53.8,48.8,cucumber,cucumber,cucumber,67,"['cucumber', 'groundnut', 'tapoica']","[67, 27, 5]"
7.4,23.9,72.4,103.3,55.4,55.9,cotton,cotton,cotton,72,"['cotton', 'peas', 'rice']","[72, 21, 3]"
8.0,32.5,76.6,101.0,57.0,40.9,annual moringa,annual moringa,annual moringa,85,"['annual moringa', 'rice', 'cotton']","[85, 7, 3]"
6.7,25.9,77.6,98.4,53.8,87.5,muskmelon,muskmelon,watermelon,60,"['watermelon', 'muskmelon', 'bitter gourd']","[60, 18, 7]"
5.7,11.3,77.2,71.8,48.2,48.1,french bean,french bean,french bean,99,"['french bean', 'chowchow', 'vegetable cowpea']","[99, 0, 0]"
6.6,28.0,87.7,73.3,55.8,76.8,bitter gourd,bitter gourd,bitter gourd,93,"['bitter gourd', 'snake gourd', 'ribbed gourd']","[93, 5, 1]"
5.1,24.5,84.1,58.3,36.6,29.5,castor,castor,castor,94,"['castor', 'pearl millet', 'soyabean']","[94, 6, 0]"
6.7,24.6,95.3,108.5,62.3,117.6,bhendi,bhendi,bhendi,74,"['bhendi', 'capsicum', 'cabbage']","[74, 20, 4]"
6.2,25.3,85.1,113.1,49.7,40.5,sweet potato,sweet potato,sweet potato,98,"['sweet potato', 'peas', 'elephant foot yam']","[98, 1, 1]"
6.0,17.8,94.9,55.2,23.7,35.0,pearl millet,pearl millet,pearl millet,87,"['pearl millet', 'soyabean', 'castor']","[87, 11, 1]"
6.3,24.9,80.1,120.6,48.2,81.4,chillies,chillies,watermelon,39,"['watermelon', 'chillies', 'onion']","[39, 33, 24]"
6.2,25.9,88.4,91.0,58.5,52.3,sweet potato,sweet potato,sweet potato,95,"['sweet potato', 'elephant foot yam', 'snake gourd']","[95, 2, 1]"
6.5,25.4,15.3,36.0,20.1,26.9,varagu,varagu,varagu,59,"['varagu', 'thinai', 'panivaragu']","[59, 21, 10]"
5.5,30.2,85.2,36.9,39.7,29.5,gingely,gingely,gingely,97,"['gingely', 'pearl millet', 'castor']","[97, 2, 0]"
6.1,24.1,90.0,108.8,57.5,86.3,brinjal,brinjal,brinjal,58,"['brinjal', 'capsicum', 'bhendi']","[58, 20, 12]"
6.0,29.0,53.0,59.7,28.1,36.9,cowpea,cowpea,cowpea,87,"['cowpea', 'horsegram', 'bengalgram']","[87, 8, 4]"
6.3,21.7,61.7,86.5,49.6,68.1,pumpkin,pumpkin,pumpkin,97,"['pumpkin', 'ash gourd', 'rice']","[97, 2, 0]"
7.1,22.2,95.8,62.1,32.9,22.4,sunflower,sunflower,sunflower,80,"['sunflower', 'castor', 'soyabean']","[80, 19, 1]"
5.7,26.7,18.0,31.6,24.5,28.6,varagu,varagu,varagu,77,"['varagu', 'thinai', 'ragi']","[77, 11, 7]"
5.9,21.4,80.2,70.2,40.4,55.5,chowchow,chowchow,chowchow,50,"['chowchow', 'vegetable cowpea', 'french bean']","[50, 29, 21]"
6.3,26.2,75.9,88.5,44.3,61.8,bottle gourd,bottle gourd,watermelon,62,"['watermelon', 'bottle gourd', 'bitter gourd']","[62, 19, 4]"
5.7,21.3,79.7,175.2,87.2,83.0,maize,maize,maize,99,"['maize', 'onion', 'sugarbeet']","[99, 1, 0]"
6.2,12.9,88.6,54.4,36.5,21.0,pearl millet,pearl millet,pearl millet,85,"['pearl millet', 'soyabean', 'radish']","[85, 15, 0]"
6.8,17.6,65.0,57.2,49.7,43.2,groundnut,groundnut,groundnut,98,"['groundnut', 'small onion', 'soyabean']","[98, 2, 0]"
8.5,33.4,19.5,36.1,21.5,29.0,samai,samai,samai,100,"['samai', 'blackgram', 'panivaragu']","[100, 0, 0]"
6.1,28.0,59.8,87.0,64.7,89.7,ash gourd,ash gourd,ash gourd,99,"['ash gourd', 'pumpkin', 'tapoica']","[99, 1, 0]"
6.1,28.7,90.0,125.7,56.6,93.2,brinjal,brinjal,brinjal,67,"['brinjal', 'capsicum', 'chillies']","[67, 32, 1]"
6.5,27.9,77.5,114.0,41.3,101.5,chillies,chillies,chillies,78,"['chillies', 'tomato', 'muskmelon']","[78, 14, 7]"
6.1,25.1,18.4,37.9,27.4,21.6,varagu,varagu,varagu,67,"['varagu', 'thinai', 'panivaragu']","[67, 19, 7]"
6.2,25.5,99.2,108.2,76.7,112.2,bhendi,bhendi,bhendi,90,"['bhendi', 'cabbage', 'capsicum']","[90, 9, 1]"
7.5,29.6,64.9,39.6,22.9,28.5,greengram,greengram,greengram,84,"['greengram', 'horsegram', 'bengalgram']","[84, 15, 1]"
5.5,27.0,16.1,39.7,24.0,28.4,varagu,varagu,varagu,55,"['varagu', 'thinai', 'ragi']","[55, 26, 10]"
8.5,27.8,19.8,31.1,23.6,24.4,samai,samai,samai,100,"['samai', 'ragi', 'blackgram']","[100, 0, 0]"
6.4,18.9,67.6,74.1,48.3,56.5,small onion,small onion,small onion,87,"['small onion', 'groundnut', 'pumpkin']","[87, 10, 1]"
5.9,22.5,82.1,64.0,30.1,34.5,castor,castor,castor,60,"['castor', 'soyabean', 'pearl millet']","[60, 32, 4]"
7.4,22.7,82.4,116.2,71.0,80.2,tomato,tomato,tomato,76,"['tomato', 'sugarbeet', 'maize']","[76, 18, 2]"
6.2,24.8,66.5,99.4,55.4,99.4,pumpkin,pumpkin,pumpkin,48,"['pumpkin', 'ash gourd', 'chillies']","[48, 48, 2]"
6.3,24.0,89.9,83.9,64.9,98.9,snake gourd,snake gourd,snake gourd,96,"['snake gourd', 'bitter gourd', 'cabbage']","[96, 1, 1]"
6.5,24.6,79.5,43.9,25.9,23.2,redgram,redgram,redgram,88,"['redgram', 'soyabean', 'pearl millet']","[88, 4, 3]"
6.4,28.2,16.6,38.7,25.9,25.1,thinai,thinai,thinai,50,"['thinai', 'varagu', 'panivaragu']","[50, 28, 19]"
6.1,26.9,65.0,80.4,45.1,65.1,ash gourd,ash gourd,ash gourd,76,"['ash gourd', 'pumpkin', 'rice']","[76, 23, 0]"
7.2,33.6,64.0,36.0,36.3,30.6,greengram,greengram,greengram,99,"['greengram', 'horsegram', 'blackgram']","[99, 1, 0]"
6.6,27.1,78.8,110.1,62.7,81.2,tomato,tomato,chillies,53,"['chillies', 'tomato', 'muskmelon']","[53, 31, 6]"
6.7,24.7,68.8,162.2,66.8,149.5,sugarcane,sugarcane,sugarcane,99,"['sugarcane', 'maize', 'sugarbeet']","[99, 0, 0]"
6.1,21.2,16.3,36.4,21.8,20.6,ragi,ragi,thinai,59,"['thinai', 'panivaragu', 'ragi']","[59, 21, 19]"
7.1,25.0,75.1,116.6,47.6,76.0,watermelon,watermelon,watermelon,82,"['watermelon', 'muskmelon', 'tomato']","[82, 13, 3]"
6.0,21.2,78.9,101.3,45.5,85.7,onion,onion,onion,87,"['onion', 'bottle gourd', 'chillies']","[87, 6, 2]"
6.3,21.3,91.9,105.5,69.1,114.4,cabbage,cabbage,capsicum,48,"['capsicum', 'cabbage', 'bhendi']","[48, 43, 5]"
7.4,26.3,83.4,117.4,60.0,41.0,peas,peas,cotton,45,"['cotton', 'annual moringa', 'peas']","[45, 35, 17]"
7.3,32.4,62.9,95.8,47.7,48.5,cucumber,cucumber,cucumber,85,"['cucumber', 'rice', 'tapoica']","[85, 14, 0]"
7.8,28.5,97.4,38.2,28.6,29.7,gingely,gingely,gingely,100,"['gingely', 'castor', 'pearl millet']","[100, 0, 0]"
6.5,19.7,99.8,73.2,56.8,41.4,beetroot,beetroot,beetroot,96,"['beetroot', 'sorghum', 'radish']","[96, 3, 1]"
7.2,21.1,99.6,76.9,52.7,54.9,sorghum,sorghum,sorghum,62,"['sorghum', 'beetroot', 'cauliflower']","[62, 37, 1]"
6.4,26.5,98.5,134.5,91.3,83.8,cabbage,cabbage,bhendi,89,"['bhendi', 'cabbage', 'capsicum']","[89, 11, 0]"
6.5,29.7,51.8,87.7,56.4,99.7,ash gourd,ash gourd,ash gourd,100,"['ash gourd', 'pumpkin', 'tapoica']","[100, 0, 0]"
5.8,19.0,81.8,73.6,40.1,52.3,chowchow,chowchow,chowchow,65,"['chowchow', 'french bean', 'vegetable cowpea']","[65, 31, 4]"
8.6,35.5,15.8,38.6,28.9,21.9,samai,samai,samai,100,"['samai', 'blackgram', 'panivaragu']","[100, 0, 0]"
7.7,26.2,65.6,182.0,99.8,143.2,sugarcane,sugarcane,sugarcane,100,"['sugarcane', 'maize', 'sugarbeet']","[100, 0, 0]"
6.0,26.5,54.6,50.8,32.6,31.4,cowpea,cowpea,cowpea,88,"['cowpea', 'horsegram', 'bengalgram']","[88, 7, 5]"
5.9,29.6,82.2,93.9,48.6,51.3,elephant foot yam,elephant foot yam,vegetable cowpea,48,"['vegetable cowpea', 'elephant foot yam', 'rice']","[48, 48, 1]"
6.5,25.7,75.2,134.5,58.4,97.7,chillies,chillies,chillies,80,"['chillies', 'tomato', 'watermelon']","[80, 14, 3]"
7.3,32.2,75.4,101.8,49.0,94.8,muskmelon,muskmelon,muskmelon,94,"['muskmelon', 'ribbed gourd', 'tomato']","[94, 4, 1]"
6.8,12.8,18.2,38.1,21.7,25.8,ragi,ragi,ragi,61,"['ragi', 'panivaragu', 'thinai']","[61, 39, 0]"
6.5,24.5,60.0,44.9,32.9,32.8,bengalgram,bengalgram,bengalgram,97,"['bengalgram', 'cowpea', 'horsegram']","[97, 1, 1]"
6.0,26.9,82.5,109.8,50.5,89.5,watermelon,watermelon,chillies,49,"['chillies', 'watermelon', 'onion']","[49, 41, 3]"
6.8,15.1,93.1,121.7,74.6,102.8,capsicum,capsicum,capsicum,64,"['capsicum', 'cabbage', 'brinjal']","[64, 35, 0]"
6.7,20.5,79.9,42.0,27.3,27.6,redgram,redgram,redgram,91,"['redgram', 'sunflower', 'pearl millet']","[91, 6, 2]"
6.9,29.0,78.7,102.0,49.2,58.8,annual moringa,annual moringa,annual moringa,59,"['annual moringa', 'peas', 'tinda']","[59, 17, 8]"
6.3,13.0,97.8,142.3,66.9,118.6,cabbage,cabbage,cabbage,98,"['cabbage', 'capsicum', 'brinjal']","[98, 2, 0]"
7.8,29.7,72.8,107.5,55.8,56.1,cotton,cotton,cotton,68,"['cotton', 'annual moringa', 'rice']","[68, 14, 11]"
7.7,25.3,95.0,31.7,21.1,37.4,gingely,gingely,gingely,98,"['gingely', 'castor', 'sunflower']","[98, 2, 0]"
6.9,22.0,69.6,85.9,50.5,40.5,small onion,small onion,small onion,70,"['small onion', 'rice', 'peas']","[70, 18, 6]"
7.4,28.0,98.5,72.9,46.4,48.7,sorghum,sorghum,sorghum,99,"['sorghum', 'jute', 'cauliflower']","[99, 0, 0]"
5.8,22.4,81.0,90.7,55.3,51.4,vegetable cowpea,vegetable cowpea,vegetable cowpea,54,"['vegetable cowpea', 'french bean', 'chowchow']","[54, 27, 12]"
5.9,18.6,84.8,99.8,41.8,48.1,french bean,french bean,chowchow,63,"['chowchow', 'french bean', 'vegetable cowpea']","[63, 31, 3]"
6.7,29.3,65.9,59.6,29.2,37.9,horsegram,horsegram,horsegram,60,"['horsegram', 'bengalgram', 'soyabean']","[60, 27, 8]"
6.1,25.5,90.5,77.6,41.2,47.5,sorghum,sorghum,sorghum,74,"['sorghum', 'sweet potato', 'cauliflower']","[74, 15, 6]"
7.3,23.4,17.5,36.1,24.0,21.8,ragi,ragi,ragi,60,"['ragi', 'blackgram', 'thinai']","[60, 30, 7]"
7.6,23.3,83.2,72.1,47.6,55.5,cluster bean,cluster bean,cluster bean,99,"['cluster bean', 'cotton', 'peas']","[99, 0, 0]"
6.8,20.9,82.1,116.4,60.6,98.4,tomato,tomato,tomato,85,"['tomato', 'brinjal', 'onion']","[85, 8, 4]"
8.9,33.7,15.9,31.4,29.6,21.3,samai,samai,samai,100,"['samai', 'blackgram', 'panivaragu']","[100, 0, 0]"
9.0,27.4,17.8,37.8,20.2,21.7,samai,samai,samai,99,"['samai', 'blackgram', 'ragi']","[99, 1, 0]"
6.5,18.0,74.9,114.8,77.7,73.1,sugarbeet,sugarbeet,sugarbeet,93,"['sugarbeet', 'carrot', 'maize']","[93, 4, 2]"
7.3,23.8,85.1,94.8,52.5,42.0,cotton,cotton,cotton,53,"['cotton', 'peas', 'cluster bean']","[53, 25, 19]"
6.8,24.2,17.5,33.9,20.8,24.1,panivaragu,panivaragu,thinai,56,"['thinai', 'ragi', 'panivaragu']","[56, 17, 15]"
7.1,20.6,91.3,51.2,33.0,28.3,pearl millet,pearl millet,sunflower,85,"['sunflower', 'pearl millet', 'castor']","[85, 11, 3]"
6.0,23.2,80.2,73.7,44.5,57.1,vegetable cowpea,vegetable cowpea,vegetable cowpea,56,"['vegetable cowpea', 'french bean', 'chowchow']","[56, 24, 16]"
5.6,19.2,81.6,85.6,45.3,54.8,chowchow,chowchow,chowchow,58,"['chowchow', 'french bean', 'vegetable cowpea']","[58, 38, 4]"
6.7,28.6,76.4,113.6,49.4,69.9,muskmelon,muskmelon,muskmelon,87,"['muskmelon', 'watermelon', 'chillies']","[87, 5, 3]"
6.3,24.3,65.5,86.8,71.2,72.7,ash gourd,ash gourd,pumpkin,60,"['pumpkin', 'ash gourd', 'sugarbeet']","[60, 38, 1]"
6.4,20.8,79.4,107.2,40.7,98.1,onion,onion,onion,86,"['onion', 'tomato', 'chillies']","[86, 9, 3]"
6.2,26.3,19.3,36.5,27.8,24.8,varagu,varagu,varagu,76,"['varagu', 'thinai', 'panivaragu']","[76, 14, 5]"
6.0,19.7,90.5,48.9,30.9,24.3,pearl millet,pearl millet,pearl millet,87,"['pearl millet', 'soyabean', 'sunflower']","[87, 8, 3]"
7.5,25.6,76.5,89.5,55.0,54.7,annual moringa,annual moringa,cotton,31,"['cotton', 'tinda', 'annual moringa']","[31, 26, 20]"
6.4,8.7,91.9,129.7,65.5,113.6,cabbage,cabbage,cabbage,99,"['cabbage', 'capsicum', 'brinjal']","[99, 1, 0]"
6.5,11.3,97.5,125.9,84.6,91.2,cabbage,cabbage,cabbage,100,"['cabbage', 'capsicum', 'brinjal']","[100, 0, 0]"
6.1,22.4,71.1,66.1,43.6,57.5,small onion,small onion,small onion,97,"['small onion', 'chowchow', 'pumpkin']","[97, 1, 0]"
7.7,21.8,16.5,35.3,23.9,26.0,ragi,ragi,ragi,94,"['ragi', 'blackgram', 'thinai']","[94, 4, 1]"
7.5,25.1,84.0,66.7,25.3,24.4,castor,castor,castor,63,"['castor', 'sunflower', 'soyabean']","[63, 31, 3]"
6.3,37.2,82.5,84.5,35.0,39.2,jute,jute,jute,99,"['jute', 'elephant foot yam', 'soyabean']","[99, 0, 0]"
6.2,22.8,17.8,32.1,22.9,20.3,thinai,thinai,thinai,59,"['thinai', 'ragi', 'panivaragu']","[59, 19, 17]"
7.2,33.5,80.4,102.0,40.4,69.8,muskmelon,muskmelon,muskmelon,91,"['muskmelon', 'ribbed gourd', 'annual moringa']","[91, 8, 1]"
6.8,34.4,55.5,51.5,29.8,25.2,horsegram,horsegram,horsegram,99,"['horsegram', 'bengalgram', 'greengram']","[99, 0, 0]"
7.0,27.3,78.1,45.7,27.3,21.7,redgram,redgram,redgram,83,"['redgram', 'horsegram', 'soyabean']","[83, 13, 2]"
5.7,25.1,60.0,47.9,31.2,26.6,bengalgram,bengalgram,bengalgram,96,"['bengalgram', 'cowpea', 'horsegram']","[96, 3, 1]"
6.1,32.9,79.9,62.0,44.1,31.4,jute,jute,jute,93,"['jute', 'soyabean', 'elephant foot yam']","[93, 3, 2]"
6.9,33.9,76.7,109.6,44.0,66.2,muskmelon,muskmelon,muskmelon,98,"['muskmelon', 'ribbed gourd', 'annual moringa']","[98, 1, 0]"
7.0,36.6,57.0,58.3,40.0,37.6,horsegram,horsegram,horsegram,96,"['horsegram', 'groundnut', 'cucumber']","[96, 2, 1]"
7.5,17.1,69.6,113.2,76.4,71.0,sugarbeet,sugarbeet,sugarbeet,97,"['sugarbeet', 'carrot', 'maize']","[97, 3, 0]"
6.2,29.7,79.3,142.8,79.6,116.1,chillies,chillies,chillies,97,"['chillies', 'tomato', 'onion']","[97, 3, 0]"
6.8,31.8,75.2,93.3,52.0,41.2,annual moringa,annual moringa,annual moringa,38,"['annual moringa', 'jute', 'rice']","[38, 26, 24]"
6.3,25.3,97.4,130.3,94.2,81.5,bhendi,bhendi,bhendi,89,"['bhendi', 'cabbage', 'capsicum']","[89, 11, 0]"
6.2,39.4,51.0,45.1,32.3,35.3,horsegram,horsegram,horsegram,95,"['horsegram', 'groundnut', 'cowpea']","[95, 3, 1]"
6.8,19.8,84.1,123.1,87.0,88.1,maize,maize,maize,49,"['maize', 'tomato', 'brinjal']","[49, 30, 7]"
6.4,20.3,99.4,82.4,52.8,54.9,beetroot,beetroot,beetroot,97,"['beetroot', 'cauliflower', 'radish']","[97, 1, 1]"
6.2,20.7,99.9,76.4,50.9,53.3,beetroot,beetroot,beetroot,87,"['beetroot', 'sorghum', 'radish']","[87, 12, 0]"
8.1,22.2,86.9,71.4,24.8,23.3,castor,castor,castor,60,"['castor', 'sunflower', 'soyabean']","[60, 40, 0]"
6.6,26.2,16.2,39.7,25.3,23.4,thinai,thinai,thinai,40,"['thinai', 'varagu', 'ragi']","[40, 28, 15]"
6.6,21.7,60.0,52.4,22.5,38.4,bengalgram,bengalgram,bengalgram,99,"['bengalgram', 'cowpea', 'soyabean']","[99, 0, 0]"
5.1,22.5,53.5,54.0,32.5,38.7,cowpea,cowpea,cowpea,99,"['cowpea', 'bengalgram', 'kudiraivali']","[99, 1, 0]"
7.5,20.7,69.7,148.2,78.4,66.9,sugarbeet,sugarbeet,sugarbeet,95,"['sugarbeet', 'maize', 'sugarcane']","[95, 5, 0]"
6.9,18.0,79.3,58.0,36.1,39.9,redgram,redgram,redgram,65,"['redgram', 'soyabean', 'pearl millet']","[65, 30, 3]"
6.9,26.7,100.0,77.1,45.9,54.9,sorghum,sorghum,sorghum,86,"['sorghum', 'cauliflower', 'beetroot']","[86, 14, 0]"
6.5,11.0,92.5,129.0,87.8,107.6,cabbage,cabbage,cabbage,99,"['cabbage', 'capsicum', 'brinjal']","[99, 1, 0]"
6.7,27.5,82.1,85.0,56.7,46.7,tinda,tinda,tinda,54,"['tinda', 'elephant foot yam', 'annual moringa']","[54, 22, 13]"
6.4,23.7,76.4,88.1,65.3,61.6,bottle gourd,bottle gourd,bottle gourd,78,"['bottle gourd', 'bitter gourd', 'ribbed gourd']","[78, 8, 6]"
6.6,12.7,99.4,90.5,58.5,47.9,cauliflower,cauliflower,radish,51,"['radish', 'cauliflower', 'beetroot']","[51, 48, 1]"
6.6,21.2,66.9,91.8,58.1,41.6,small onion,small onion,small onion,83,"['small onion', 'rice', 'peas']","[83, 12, 2]"
7.0,18.8,69.6,88.8,48.7,40.1,small onion,small onion,small onion,76,"['small onion', 'peas', 'rice']","[76, 18, 3]"
6.1,38.1,50.1,56.0,36.0,22.1,horsegram,horsegram,horsegram,98,"['horsegram', 'cowpea', 'panivaragu']","[98, 1, 1]"
6.3,35.4,65.1,59.6,28.1,21.9,horsegram,horsegram,horsegram,98,"['horsegram', 'soyabean', 'bengalgram']","[98, 1, 0]"
7.0,25.0,81.2,87.6,57.1,96.6,watermelon,watermelon,watermelon,65,"['watermelon', 'ribbed gourd', 'muskmelon']","[65, 11, 11]"
6.1,10.7,18.2,36.6,23.6,27.9,panivaragu,panivaragu,panivaragu,67,"['panivaragu', 'ragi', 'thinai']","[67, 33, 0]"
6.1,26.1,97.5,28.8,37.1,21.8,gingely,gingely,gingely,100,"['gingely', 'castor', 'pearl millet']","[100, 0, 0]"
6.4,7.1,95.2,140.3,89.8,109.9,cabbage,cabbage,cabbage,100,"['cabbage', 'capsicum', 'brinjal']","[100, 0, 0]"
7.1,26.5,75.7,96.6,54.2,95.1,muskmelon,muskmelon,watermelon,47,"['watermelon', 'muskmelon', 'ribbed gourd']","[47, 35, 13]"
7.4,34.4,68.2,25.3,32.9,32.2,greengram,greengram,greengram,100,"['greengram', 'horsegram', 'gingely']","[100, 0, 0]"
7.4,33.5,74.2,92.2,39.2,43.7,jute,jute,jute,88,"['jute', 'annual moringa', 'rice']","[88, 6, 4]"
6.1,26.1,97.4,107.5,94.8,100.2,bhendi,bhendi,bhendi,87,"['bhendi', 'cabbage', 'capsicum']","[87, 13, 0]"
6.1,26.6,52.9,46.1,29.4,35.6,cowpea,cowpea,cowpea,83,"['cowpea', 'horsegram', 'bengalgram']","[83, 12, 4]"
8.0,23.8,81.0,88.1,47.2,40.4,cluster bean,cluster bean,cluster bean,79,"['cluster bean', 'cotton', 'rice']","[79, 19, 1]"
6.3,23.0,58.0,94.7,49.1,42.3,wheat,wheat,wheat,98,"['wheat', 'rice', 'small onion']","[98, 1, 0]"
6.6,28.1,56.0,66.6,45.3,49.4,tapoica,tapoica,tapoica,97,"['tapoica', 'cucumber', 'groundnut']","[97, 2, 1]"
6.8,26.8,88.9,94.5,60.4,73.7,bitter gourd,bitter gourd,bitter gourd,82,"['bitter gourd', 'snake gourd', 'brinjal']","[82, 14, 1]"
7.4,27.6,75.4,81.4,42.8,56.2,cotton,cotton,tinda,44,"['tinda', 'annual moringa', 'cotton']","[44, 22, 19]"
7.6,29.8,85.2,114.9,58.9,42.1,cotton,cotton,cotton,59,"['cotton', 'annual moringa', 'peas']","[59, 34, 7]"
6.7,29.2,81.6,112.0,40.4,44.8,annual moringa,annual moringa,annual moringa,68,"['annual moringa', 'peas', 'cotton']","[68, 20, 5]"
6.0,25.1,88.3,71.7,49.1,31.4,jute,jute,jute,78,"['jute', 'castor', 'soyabean']","[78, 6, 6]"
6.5,26.8,81.8,85.4,46.8,72.3,watermelon,watermelon,watermelon,44,"['watermelon', 'bitter gourd', 'bottle gourd']","[44, 20, 15]"
6.4,26.2,60.6,74.3,70.2,78.9,pumpkin,pumpkin,ash gourd,59,"['ash gourd', 'pumpkin', 'bottle gourd']","[59, 40, 0]"
6.5,30.2,75.5,93.8,39.4,47.5,jute,jute,jute,80,"['jute', 'annual moringa', 'rice']","[80, 10, 6]"
6.2,24.9,76.6,63.6,46.1,85.3,bottle gourd,bottle gourd,bottle gourd,78,"['bottle gourd', 'bitter gourd', 'ribbed gourd']","[78, 10, 5]"
6.3,22.3,79.1,75.5,40.6,68.2,bottle gourd,bottle gourd,bottle gourd,94,"['bottle gourd', 'snake gourd', 'watermelon']","[94, 2, 2]"
6.3,20.0,70.4,131.8,79.7,74.5,sugarbeet,sugarbeet,sugarbeet,62,"['sugarbeet', 'maize', 'carrot']","[62, 37, 1]"
6.2,29.9,74.7,69.3,78.2,90.3,ash gourd,ash gourd,ash gourd,75,"['ash gourd', 'ribbed gourd', 'bottle gourd']","[75, 22, 1]"
6.7,25.6,97.0,139.4,63.4,117.6,bhendi,bhendi,bhendi,85,"['bhendi', 'capsicum', 'cabbage']","[85, 9, 5]"
5.6,26.7,18.5,31.3,25.7,22.4,varagu,varagu,varagu,77,"['varagu', 'thinai', 'ragi']","[77, 11, 7]"
5.7,23.3,94.3,104.5,68.8,92.8,capsicum,capsicum,capsicum,66,"['capsicum', 'bhendi', 'cabbage']","[66, 26, 7]"
7.3,35.0,97.9,67.4,47.7,52.4,sorghum,sorghum,sorghum,100,"['sorghum', 'jute', 'cauliflower']","[100, 0, 0]"
6.4,26.8,60.0,46.8,25.9,32.4,bengalgram,bengalgram,bengalgram,92,"['bengalgram', 'horsegram', 'cowpea']","[92, 5, 2]"
5.6,26.2,76.9,64.9,44.1,42.3,vegetable cowpea,vegetable cowpea,vegetable cowpea,57,"['vegetable cowpea', 'french bean', 'elephant foot yam']","[57, 37, 6]"
6.4,17.2,72.1,73.6,26.7,29.2,soyabean,soyabean,soyabean,100,"['soyabean', 'small onion', 'pearl millet']","[100, 0, 0]"
6.1,19.2,88.2,63.4,50.3,74.6,snake gourd,snake gourd,snake gourd,98,"['snake gourd', 'bottle gourd', 'sorghum']","[98, 1, 0]"
6.4,20.3,90.0,112.2,61.8,106.1,brinjal,brinjal,brinjal,63,"['brinjal', 'capsicum', 'cabbage']","[63, 25, 10]"
7.0,33.3,81.8,68.7,51.7,80.6,ribbed gourd,ribbed gourd,ribbed gourd,96,"['ribbed gourd', 'bitter gourd', 'muskmelon']","[96, 2, 2]"
6.2,22.4,56.4,114.7,41.3,44.5,wheat,wheat,wheat,100,"['wheat', 'rice', 'small onion']","[100, 0, 0]"
5.6,21.7,15.7,36.3,20.1,20.0,thinai,thinai,thinai,61,"['thinai', 'ragi', 'panivaragu']","[61, 23, 13]"
6.0,33.5,80.9,96.3,58.7,51.9,elephant foot yam,elephant foot yam,elephant foot yam,90,"['elephant foot yam', 'rice', 'vegetable cowpea']","[90, 7, 2]"
6.1,24.2,60.0,46.9,38.0,26.3,bengalgram,bengalgram,bengalgram,96,"['bengalgram', 'cowpea', 'horsegram']","[96, 3, 0]"
7.0,22.2,51.1,104.0,45.9,43.2,wheat,wheat,wheat,100,"['wheat', 'rice', 'peas']","[100, 0, 0]"
6.8,26.6,79.1,50.3,36.3,39.7,horsegram,horsegram,redgram,88,"['redgram', 'horsegram', 'soyabean']","[88, 6, 4]"
5.5,24.1,80.3,60.5,26.5,27.2,castor,castor,castor,91,"['castor', 'pearl millet', 'soyabean']","[91, 5, 4]"
6.6,29.6,87.7,78.8,20.7,35.7,soyabean,soyabean,soyabean,93,"['soyabean', 'jute', 'pearl millet']","[93, 4, 1]"
6.7,23.9,74.4,187.6,63.7,122.0,sugarcane,sugarcane,sugarcane,93,"['sugarcane', 'maize', 'chillies']","[93, 2, 2]"
8.1,23.1,84.2,51.4,20.1,23.1,castor,castor,castor,63,"['castor', 'sunflower', 'pearl millet']","[63, 36, 1]"
6.8,24.3,91.5,50.7,24.3,25.6,sunflower,sunflower,sunflower,48,"['sunflower', 'castor', 'pearl millet']","[48, 35, 12]"
6.5,26.5,50.1,49.8,26.7,22.7,cowpea,cowpea,cowpea,64,"['cowpea', 'horsegram', 'bengalgram']","[64, 23, 6]"
5.8,23.2,75.4,69.9,43.9,46.9,vegetable cowpea,vegetable cowpea,vegetable cowpea,68,"['vegetable cowpea', 'french bean', 'chowchow']","[68, 26, 4]"
6.2,20.7,51.9,41.0,36.3,33.3,cowpea,cowpea,cowpea,94,"['cowpea', 'kudiraivali', 'bengalgram']","[94, 3, 2]"
6.9,18.5,90.0,127.7,77.6,84.7,brinjal,brinjal,brinjal,80,"['brinjal', 'capsicum', 'cabbage']","[80, 17, 2]"
6.8,18.4,98.3,74.3,51.5,46.6,beetroot,beetroot,beetroot,92,"['beetroot', 'sorghum', 'radish']","[92, 6, 2]"
5.9,35.3,18.1,36.7,28.7,26.2,panivaragu,panivaragu,panivaragu,98,"['panivaragu', 'thinai', 'blackgram']","[98, 1, 1]"
6.0,25.6,90.0,106.4,51.8,80.8,brinjal,brinjal,brinjal,47,"['brinjal', 'capsicum', 'snake gourd']","[47, 37, 6]"
6.0,29.8,84.1,146.0,54.2,93.3,chillies,chillies,chillies,96,"['chillies', 'brinjal', 'capsicum']","[96, 2, 1]"
6.2,20.7,98.1,141.5,83.0,101.4,cabbage,cabbage,cabbage,95,"['cabbage', 'bhendi', 'capsicum']","[95, 3, 1]"
7.7,23.6,92.4,74.2,27.2,36.9,sunflower,sunflower,sunflower,60,"['sunflower', 'castor', 'soyabean']","[60, 40, 0]"
7.9,22.9,77.5,93.0,50.4,54.4,cluster bean,cluster bean,cluster bean,67,"['cluster bean', 'cotton', 'rice']","[67, 26, 6]"
7.0,21.8,80.4,58.5,36.3,23.9,redgram,redgram,redgram,48,"['redgram', 'sunflower', 'soyabean']","[48, 38, 6]"
6.0,15.6,63.6,115.7,88.6,76.1,carrot,carrot,carrot,99,"['carrot', 'sugarbeet', 'maize']","[99, 1, 0]"
7.1,29.4,77.7,117.3,43.0,53.8,annual moringa,annual moringa,annual moringa,67,"['annual moringa', 'cotton', 'peas']","[67, 20, 10]"
6.6,21.7,77.5,146.4,55.4,85.3,tomato,tomato,tomato,64,"['tomato', 'onion', 'chillies']","[64, 21, 10]"
7.2,31.2,89.6,51.8,28.6,20.9,pearl millet,pearl millet,pearl millet,93,"['pearl millet', 'soyabean', 'gingely']","[93, 3, 2]"
7.1,23.4,92.8,76.7,33.1,34.4,castor,castor,sunflower,71,"['sunflower', 'castor', 'soyabean']","[71, 27, 2]"
6.7,25.5,83.9,89.6,67.7,96.0,bitter gourd,bitter gourd,bitter gourd,57,"['bitter gourd', 'ribbed gourd', 'bottle gourd']","[57, 19, 15]"
7.2,28.7,84.7,61.9,51.3,89.4,ribbed gourd,ribbed gourd,ribbed gourd,84,"['ribbed gourd', 'bitter gourd', 'muskmelon']","[84, 15, 1]"
7.9,24.7,71.4,183.6,83.2,127.6,sugarcane,sugarcane,sugarcane,100,"['sugarcane', 'sugarbeet', 'maize']","[100, 0, 0]"
7.9,22.1,81.6,66.7,49.7,43.8,cluster bean,cluster bean,cluster bean,99,"['cluster bean', 'cotton', 'sunflower']","[99, 0, 0]"
7.5,32.3,95.8,74.6,40.2,47.5,sorghum,sorghum,sorghum,96,"['sorghum', 'jute', 'soyabean']","[96, 4, 0]"
5.8,20.7,77.9,79.9,43.7,57.2,vegetable cowpea,vegetable cowpea,chowchow,52,"['chowchow', 'vegetable cowpea', 'french bean']","[52, 27, 19]"
6.8,29.9,82.9,38.0,38.1,22.3,gingely,gingely,gingely,95,"['gingely', 'pearl millet', 'redgram']","[95, 2, 2]"
6.5,20.3,85.5,93.2,59.4,95.5,snake gourd,snake gourd,snake gourd,87,"['snake gourd', 'bottle gourd', 'brinjal']","[87, 7, 4]"
6.6,18.2,97.4,112.2,50.7,43.7,cauliflower,cauliflower,cauliflower,99,"['cauliflower', 'beetroot', 'radish']","[99, 0, 0]"
6.6,25.6,89.4,83.2,44.4,45.7,sweet potato,sweet potato,sweet potato,78,"['sweet potato', 'peas', 'jute']","[78, 8, 5]"
5.6,20.0,15.1,44.2,24.9,36.4,kudiraivali,kudiraivali,kudiraivali,99,"['kudiraivali', 'ragi', 'thinai']","[99, 0, 0]"
7.0,23.2,73.7,196.5,72.0,128.5,sugarcane,sugarcane,sugarcane,99,"['sugarcane', 'tomato', 'maize']","[99, 0, 0]"
8.6,39.7,17.5,33.6,22.1,25.2,samai,samai,samai,99,"['samai', 'blackgram', 'panivaragu']","[99, 1, 0]"
5.5,27.7,60.0,48.9,33.8,24.0,bengalgram,bengalgram,bengalgram,94,"['bengalgram', 'cowpea', 'horsegram']","[94, 5, 1]"
6.1,15.5,89.7,61.3,29.9,38.5,soyabean,soyabean,soyabean,76,"['soyabean', 'pearl millet', 'radish']","[76, 23, 0]"
6.9,39.8,17.9,20.6,25.8,23.4,blackgram,blackgram,blackgram,91,"['blackgram', 'panivaragu', 'thinai']","[91, 9, 0]"
7.5,27.0,82.3,79.0,34.0,44.3,jute,jute,jute,85,"['jute', 'tinda', 'annual moringa']","[85, 10, 1]"
6.8,28.6,88.7,97.9,79.5,98.3,bitter gourd,bitter gourd,bitter gourd,86,"['bitter gourd', 'brinjal', 'capsicum']","[86, 7, 2]"
6.6,28.4,78.1,119.0,72.7,97.5,chillies,chillies,chillies,67,"['chillies', 'tomato', 'muskmelon']","[67, 30, 1]"
7.1,32.7,63.8,35.2,27.0,33.0,greengram,greengram,greengram,99,"['greengram', 'horsegram', 'blackgram']","[99, 1, 0]"
6.5,23.8,18.2,34.3,21.6,27.6,ragi,ragi,thinai,64,"['thinai', 'ragi', 'panivaragu']","[64, 17, 15]"
6.2,28.3,91.3,28.8,30.5,32.2,gingely,gingely,gingely,100,"['gingely', 'pearl millet', 'soyabean']","[100, 0, 0]"
7.1,26.4,84.1,88.8,58.6,63.6,watermelon,watermelon,watermelon,43,"['watermelon', 'muskmelon', 'ribbed gourd']","[43, 25, 23]"
7.4,28.1,75.5,96.8,41.4,86.8,muskmelon,muskmelon,muskmelon,67,"['muskmelon', 'ribbed gourd', 'watermelon']","[67, 25, 6]"
6.2,29.4,77.5,50.2,32.6,33.9,soyabean,soyabean,horsegram,46,"['horsegram', 'soyabean', 'redgram']","[46, 29, 18]"
6.4,24.2,83.3,104.6,72.7,118.0,onion,onion,onion,56,"['onion', 'chillies', 'tomato']","[56, 41, 1]"
5.6,26.2,16.0,38.2,26.6,26.1,ragi,ragi,varagu,77,"['varagu', 'thinai', 'ragi']","[77, 13, 6]"
6.0,36.6,75.9,68.3,37.7,46.3,jute,jute,jute,94,"['jute', 'rice', 'elephant foot yam']","[94, 3, 1]"
6.9,32.6,82.6,94.7,58.4,42.4,elephant foot yam,elephant foot yam,annual moringa,45,"['annual moringa', 'elephant foot yam', 'jute']","[45, 43, 5]"
6.7,27.4,77.4,93.3,51.5,75.2,muskmelon,muskmelon,muskmelon,38,"['muskmelon', 'ribbed gourd', 'bitter gourd']","[38, 26, 22]"
5.8,26.1,58.3,74.8,44.6,44.2,tapoica,tapoica,tapoica,99,"['tapoica', 'rice', 'cowpea']","[99, 0, 0]"
5.3,28.8,54.0,39.0,20.0,27.2,cowpea,cowpea,cowpea,98,"['cowpea', 'thinai', 'horsegram']","[98, 1, 0]"
6.8,20.9,93.8,54.5,33.9,31.4,sunflower,sunflower,sunflower,77,"['sunflower', 'pearl millet', 'soyabean']","[77, 13, 7]"
7.0,20.6,82.4,57.5,32.2,24.8,soyabean,soyabean,sunflower,57,"['sunflower', 'redgram', 'pearl millet']","[57, 24, 10]"
7.4,28.0,86.0,119.5,55.7,43.6,cotton,cotton,cotton,57,"['cotton', 'peas', 'annual moringa']","[57, 32, 10]"
7.1,26.1,71.2,86.4,41.9,58.0,cotton,cotton,cotton,31,"['cotton', 'rice', 'cucumber']","[31, 22, 20]"
6.2,14.2,94.8,51.3,32.2,23.5,pearl millet,pearl millet,pearl millet,94,"['pearl millet', 'soyabean', 'radish']","[94, 5, 0]"
7.3,22.5,79.1,95.4,42.1,49.6,cluster bean,cluster bean,cluster bean,65,"['cluster bean', 'cotton', 'peas']","[65, 22, 10]"
5.7,32.3,80.4,89.7,45.7,56.7,elephant foot yam,elephant foot yam,elephant foot yam,85,"['elephant foot yam', 'rice', 'vegetable cowpea']","[85, 8, 7]"
6.9,25.6,89.2,60.8,71.1,87.8,bitter gourd,bitter gourd,bitter gourd,80,"['bitter gourd', 'snake gourd', 'bottle gourd']","[80, 18, 1]"
6.2,27.2,89.4,72.1,25.7,20.7,soyabean,soyabean,soyabean,90,"['soyabean', 'castor', 'pearl millet']","[90, 6, 2]"
5.9,28.2,57.6,99.5,51.1,40.8,tapoica,tapoica,tapoica,98,"['tapoica', 'rice', 'vegetable cowpea']","[98, 1, 0]"
6.3,20.5,77.7,77.2,42.6,40.7,chowchow,chowchow,chowchow,92,"['chowchow', 'small onion', 'vegetable cowpea']","[92, 2, 2]"
6.6,34.9,81.0,71.6,57.3,55.6,elephant foot yam,elephant foot yam,elephant foot yam,91,"['elephant foot yam', 'jute', 'tinda']","[91, 3, 2]"
7.8,25.5,82.7,25.2,38.6,34.9,gingely,gingely,gingely,100,"['gingely', 'castor', 'sunflower']","[100, 0, 0]"
6.7,28.4,83.0,129.3,45.5,108.2,chillies,chillies,chillies,63,"['chillies', 'tomato', 'muskmelon']","[63, 35, 1]"
6.9,32.9,65.3,91.2,40.9,41.2,cucumber,cucumber,cucumber,77,"['cucumber', 'rice', 'jute']","[77, 18, 4]"
6.2,19.6,63.4,60.1,54.6,97.6,pumpkin,pumpkin,pumpkin,98,"['pumpkin', 'ash gourd', 'bottle gourd']","[98, 2, 0]"
5.7,27.6,18.5,36.1,24.0,22.4,panivaragu,panivaragu,thinai,47,"['thinai', 'varagu', 'panivaragu']","[47, 31, 18]"
6.0,20.9,98.7,111.9,71.5,87.0,cabbage,cabbage,cabbage,85,"['cabbage', 'capsicum', 'bhendi']","[85, 8, 6]"
5.7,22.4,86.0,111.2,59.4,53.0,sweet potato,sweet potato,sweet potato,100,"['sweet potato', 'vegetable cowpea', 'french bean']","[100, 0, 0]"
6.7,22.1,85.9,108.2,44.3,57.7,sweet potato,sweet potato,sweet potato,79,"['sweet potato', 'peas', 'cotton']","[79, 18, 3]"
6.6,25.6,60.0,61.7,40.1,40.4,cucumber,cucumber,cucumber,45,"['cucumber', 'tapoica', 'groundnut']","[45, 27, 14]"
5.6,20.0,16.6,57.9,38.3,31.2,kudiraivali,kudiraivali,kudiraivali,100,"['kudiraivali', 'cowpea', 'ragi']","[100, 0, 0]"
7.1,37.5,60.1,54.0,39.7,30.6,horsegram,horsegram,horsegram,99,"['horsegram', 'greengram', 'jute']","[99, 1, 0]"
7.3,30.9,66.9,80.3,42.2,44.8,cucumber,cucumber,cucumber,85,"['cucumber', 'rice', 'jute']","[85, 10, 3]"
6.8,22.5,78.3,52.9,22.0,34.6,redgram,redgram,redgram,91,"['redgram', 'soyabean', 'sunflower']","[91, 5, 3]"
8.8,28.7,15.9,36.0,20.3,24.3,samai,samai,samai,100,"['samai', 'ragi', 'blackgram']","[100, 0, 0]"
6.1,19.3,83.3,76.2,49.7,85.6,bottle gourd,bottle gourd,bottle gourd,75,"['bottle gourd', 'snake gourd', 'chowchow']","[75, 25, 0]"
7.1,27.2,75.8,106.2,54.7,56.4,peas,peas,annual moringa,46,"['annual moringa', 'cotton', 'peas']","[46, 34, 15]"
6.6,26.0,76.8,85.4,67.0,74.8,ribbed gourd,ribbed gourd,bitter gourd,38,"['bitter gourd', 'ribbed gourd', 'bottle gourd']","[38, 31, 23]"
6.1,21.2,79.1,86.1,76.2,98.9,bottle gourd,bottle gourd,bottle gourd,94,"['bottle gourd', 'onion', 'snake gourd']","[94, 3, 2]"
7.0,36.2,86.2,62.6,49.3,33.3,jute,jute,jute,93,"['jute', 'elephant foot yam', 'sorghum']","[93, 3, 3]"
6.5,26.1,18.0,34.3,20.2,23.9,varagu,varagu,varagu,58,"['varagu', 'thinai', 'ragi']","[58, 25, 8]"
7.9,26.5,74.5,195.0,99.5,126.1,sugarcane,sugarcane,sugarcane,100,"['sugarcane', 'tomato', 'maize']","[100, 0, 0]"
7.0,18.5,99.5,61.9,54.3,49.5,beetroot,beetroot,beetroot,91,"['beetroot', 'sorghum', 'radish']","[91, 8, 0]"
7.2,23.1,81.2,75.6,56.1,41.7,cluster bean,cluster bean,cluster bean,96,"['cluster bean', 'cotton', 'peas']","[96, 3, 1]"
6.7,25.2,78.1,107.0,54.6,50.5,peas,peas,annual moringa,48,"['annual moringa', 'peas', 'cotton']","[48, 34, 10]"
6.2,22.8,94.5,105.7,75.4,108.4,cabbage,cabbage,cabbage,46,"['cabbage', 'capsicum', 'bhendi']","[46, 27, 25]"
6.0,24.0,92.2,61.8,27.7,24.6,castor,castor,castor,83,"['castor', 'soyabean', 'pearl millet']","[83, 11, 5]"
6.5,31.0,61.6,72.0,58.6,87.6,ash gourd,ash gourd,ash gourd,99,"['ash gourd', 'pumpkin', 'cucumber']","[99, 1, 0]"
7.3,27.1,62.0,79.7,56.5,45.9,cucumber,cucumber,cucumber,94,"['cucumber', 'rice', 'tapoica']","[94, 3, 2]"
6.6,25.4,64.8,26.9,36.8,32.7,greengram,greengram,greengram,100,"['greengram', 'horsegram', 'bengalgram']","[100, 0, 0]"
6.1,16.8,96.9,80.5,47.7,46.0,radish,radish,radish,94,"['radish', 'beetroot', 'cauliflower']","[94, 2, 2]"
5.7,24.9,18.1,34.6,28.4,20.3,thinai,thinai,thinai,40,"['thinai', 'varagu', 'ragi']","[40, 38, 11]"
6.7,21.9,67.7,93.8,40.2,40.8,small onion,small onion,small onion,78,"['small onion', 'rice', 'peas']","[78, 13, 4]"
6.3,18.2,67.5,77.4,73.6,99.9,pumpkin,pumpkin,pumpkin,94,"['pumpkin', 'carrot', 'bottle gourd']","[94, 5, 0]"
6.2,25.7,54.6,86.7,46.7,57.2,tapoica,tapoica,tapoica,99,"['tapoica', 'rice', 'ash gourd']","[99, 1, 0]"
6.6,25.4,80.7,83.6,59.3,71.1,bottle gourd,bottle gourd,bitter gourd,39,"['bitter gourd', 'watermelon', 'ribbed gourd']","[39, 26, 13]"
7.0,15.2,66.3,98.4,90.1,79.1,carrot,carrot,carrot,100,"['carrot', 'sugarbeet', 'pumpkin']","[100, 0, 0]"
6.7,27.5,76.4,75.9,72.5,62.4,ribbed gourd,ribbed gourd,ribbed gourd,57,"['ribbed gourd', 'bitter gourd', 'ash gourd']","[57, 36, 3]"
8.1,23.3,75.6,92.7,45.7,50.0,cluster bean,cluster bean,cluster bean,82,"['cluster bean', 'cotton', 'rice']","[82, 13, 4]"
5.6,28.1,79.7,76.4,49.7,54.2,vegetable cowpea,vegetable cowpea,vegetable cowpea,80,"['vegetable cowpea', 'elephant foot yam', 'french bean']","[80, 15, 3]"
6.3,23.5,90.0,120.7,40.2,118.2,brinjal,brinjal,brinjal,68,"['brinjal', 'capsicum', 'onion']","[68, 31, 1]"
6.5,29.5,63.2,63.9,65.1,84.4,ash gourd,ash gourd,ash gourd,97,"['ash gourd', 'pumpkin', 'ribbed gourd']","[97, 3, 0]"
6.4,17.2,80.1,60.7,24.4,37.2,soyabean,soyabean,soyabean,98,"['soyabean', 'pearl millet', 'redgram']","[98, 2, 0]"
6.3,23.0,83.6,138.4,75.9,115.6,chillies,chillies,onion,83,"['onion', 'chillies', 'tomato']","[83, 15, 1]"
6.8,23.4,74.5,76.5,41.8,52.1,small onion,small onion,small onion,74,"['small onion', 'cluster bean', 'peas']","[74, 12, 4]"
6.7,20.0,18.0,45.2,27.2,29.4,kudiraivali,kudiraivali,kudiraivali,99,"['kudiraivali', 'thinai', 'ragi']","[99, 0, 0]"
6.3,21.6,76.2,70.5,43.7,90.1,bottle gourd,bottle gourd,bottle gourd,98,"['bottle gourd', 'pumpkin', 'snake gourd']","[98, 1, 0]"
5.8,21.8,92.8,54.3,27.5,22.2,pearl millet,pearl millet,pearl millet,57,"['pearl millet', 'castor', 'soyabean']","[57, 39, 3]"
6.1,33.5,97.4,36.9,25.3,36.2,gingely,gingely,gingely,99,"['gingely', 'pearl millet', 'castor']","[99, 0, 0]"
6.2,22.0,19.8,35.9,23.0,28.9,ragi,ragi,thinai,55,"['thinai', 'panivaragu', 'ragi']","[55, 20, 19]"
6.7,16.2,91.4,143.7,52.1,88.2,capsicum,capsicum,capsicum,97,"['capsicum', 'brinjal', 'cabbage']","[97, 2, 1]"
6.1,25.2,85.7,95.1,33.4,34.7,jute,jute,jute,91,"['jute', 'sweet potato', 'soyabean']","[91, 4, 3]"
6.4,37.7,77.5,50.0,36.3,38.6,horsegram,horsegram,horsegram,90,"['horsegram', 'jute', 'pearl millet']","[90, 4, 4]"
6.4,20.5,76.5,77.4,44.2,45.5,chowchow,chowchow,chowchow,88,"['chowchow', 'small onion', 'peas']","[88, 5, 2]"
6.3,28.4,15.7,39.9,28.3,24.8,thinai,thinai,thinai,51,"['thinai', 'varagu', 'panivaragu']","[51, 26, 19]"
6.8,37.9,79.2,41.6,34.2,25.7,horsegram,horsegram,horsegram,88,"['horsegram', 'pearl millet', 'redgram']","[88, 8, 2]"
7.7,23.3,83.7,95.0,49.0,52.8,cotton,cotton,cluster bean,70,"['cluster bean', 'cotton', 'peas']","[70, 28, 1]"
6.6,23.9,89.9,107.7,43.8,54.1,sweet potato,sweet potato,sweet potato,91,"['sweet potato', 'peas', 'cauliflower']","[91, 6, 3]"
6.3,28.6,54.9,81.4,51.3,71.4,ash gourd,ash gourd,ash gourd,99,"['ash gourd', 'tapoica', 'pumpkin']","[99, 0, 0]"
7.5,23.7,91.9,46.9,37.6,27.7,sunflower,sunflower,sunflower,67,"['sunflower', 'castor', 'pearl millet']","[67, 29, 4]"
6.2,25.2,57.8,97.7,53.5,59.0,tapoica,tapoica,tapoica,84,"['tapoica', 'wheat', 'ash gourd']","[84, 12, 2]"
6.7,25.9,70.1,106.7,43.8,45.9,peas,peas,peas,53,"['peas', 'annual moringa', 'cotton']","[53, 14, 14]"
8.7,32.9,16.5,34.0,26.9,22.5,samai,samai,samai,100,"['samai', 'blackgram', 'panivaragu']","[100, 0, 0]"
6.2,24.7,77.1,132.2,71.6,64.3,sugarbeet,sugarbeet,sugarbeet,46,"['sugarbeet', 'maize', 'onion']","[46, 45, 4]"
6.3,25.5,98.9,111.4,96.9,112.8,bhendi,bhendi,bhendi,88,"['bhendi', 'cabbage', 'capsicum']","[88, 12, 0]"
6.5,34.6,71.0,67.5,45.4,35.7,jute,jute,jute,97,"['jute', 'cucumber', 'soyabean']","[97, 1, 1]"
6.6,5.3,98.6,86.8,58.9,58.2,cauliflower,cauliflower,cauliflower,93,"['cauliflower', 'radish', 'beetroot']","[93, 7, 0]"
6.5,19.4,68.2,173.1,78.3,74.4,maize,maize,maize,92,"['maize', 'sugarbeet', 'carrot']","[92, 7, 1]"
6.6,17.3,90.1,124.8,65.2,109.3,capsicum,capsicum,capsicum,45,"['capsicum', 'brinjal', 'cabbage']","[45, 42, 12]"
6.2,29.4,81.0,123.3,50.0,119.4,chillies,chillies,chillies,98,"['chillies', 'tomato', 'onion']","[98, 2, 0]"
5.0,20.5,63.4,97.6,40.9,59.4,rice,rice,rice,99,"['rice', 'small onion', 'vegetable cowpea']","[99, 0, 0]"
6.7,11.5,87.5,89.5,44.6,42.6,peas,peas,peas,94,"['peas', 'cauliflower', 'radish']","[94, 5, 0]"
7.3,34.2,66.7,96.4,41.8,59.1,cucumber,cucumber,cucumber,76,"['cucumber', 'rice', 'jute']","[76, 23, 1]"
6.5,25.6,59.7,72.4,47.7,69.9,ash gourd,ash gourd,ash gourd,87,"['ash gourd', 'pumpkin', 'tapoica']","[87, 13, 0]"
7.6,28.5,75.5,110.4,53.5,60.0,annual moringa,annual moringa,annual moringa,47,"['annual moringa', 'cotton', 'muskmelon']","[47, 44, 4]"
5.7,24.5,72.9,145.6,66.9,80.2,maize,maize,maize,94,"['maize', 'sugarbeet', 'onion']","[94, 4, 2]"
6.5,30.6,90.3,69.6,47.6,58.1,sorghum,sorghum,sorghum,93,"['sorghum', 'bitter gourd', 'elephant foot yam']","[93, 3, 2]"
6.0,21.4,15.8,38.7,27.7,23.0,thinai,thinai,thinai,62,"['thinai', 'ragi', 'panivaragu']","[62, 18, 17]"
6.8,18.6,69.0,61.9,50.3,62.1,pumpkin,pumpkin,pumpkin,77,"['pumpkin', 'groundnut', 'small onion']","[77, 12, 10]"
6.9,32.7,78.9,104.8,47.2,43.7,annual moringa,annual moringa,annual moringa,90,"['annual moringa', 'jute', 'rice']","[90, 5, 2]"
5.5,18.6,79.4,67.1,54.5,42.1,chowchow,chowchow,chowchow,51,"['chowchow', 'french bean', 'vegetable cowpea']","[51, 46, 2]"
6.3,24.4,88.2,97.6,45.5,55.3,sweet potato,sweet potato,sweet potato,98,"['sweet potato', 'snake gourd', 'jute']","[98, 1, 0]"
7.5,25.3,77.0,75.7,40.9,55.4,tinda,tinda,tinda,58,"['tinda', 'cluster bean', 'cotton']","[58, 26, 7]"
6.5,23.2,76.6,46.1,39.2,33.5,redgram,redgram,redgram,92,"['redgram', 'soyabean', 'sunflower']","[92, 5, 1]"
6.5,18.5,87.9,63.4,60.3,97.9,snake gourd,snake gourd,snake gourd,98,"['snake gourd', 'bottle gourd', 'bitter gourd']","[98, 2, 0]"
7.4,22.4,93.8,71.6,56.0,45.7,sorghum,sorghum,sorghum,99,"['sorghum', 'cluster bean', 'beetroot']","[99, 0, 0]"
6.7,19.0,80.1,73.5,79.4,79.5,bottle gourd,bottle gourd,bottle gourd,97,"['bottle gourd', 'snake gourd', 'bitter gourd']","[97, 2, 0]"
8.5,28.8,15.2,33.6,23.1,24.7,samai,samai,samai,100,"['samai', 'ragi', 'blackgram']","[100, 0, 0]"
6.1,19.4,86.6,66.5,66.8,66.1,snake gourd,snake gourd,snake gourd,98,"['snake gourd', 'bottle gourd', 'bitter gourd']","[98, 2, 0]"
8.5,24.2,76.9,63.6,56.7,42.4,cluster bean,cluster bean,cluster bean,100,"['cluster bean', 'cotton', 'rice']","[100, 0, 0]"
6.8,22.7,78.6,189.2,74.2,130.6,sugarcane,sugarcane,sugarcane,97,"['sugarcane', 'tomato', 'chillies']","[97, 2, 0]"
6.2,18.4,70.6,163.7,68.8,75.3,maize,maize,maize,90,"['maize', 'sugarbeet', 'carrot']","[90, 10, 0]"
6.3,19.7,88.7,70.4,61.9,80.4,snake gourd,snake gourd,snake gourd,99,"['snake gourd', 'bottle gourd', 'bitter gourd']","[99, 1, 0]"
6.2,24.7,84.6,64.1,36.9,37.3,soyabean,soyabean,soyabean,44,"['soyabean', 'jute', 'castor']","[44, 25, 24]"
7.2,32.2,87.6,56.0,31.0,39.7,pearl millet,pearl millet,pearl millet,78,"['pearl millet', 'jute', 'soyabean']","[78, 11, 8]"
7.3,25.1,75.9,116.2,54.2,78.9,watermelon,watermelon,watermelon,76,"['watermelon', 'muskmelon', 'tomato']","[76, 14, 7]"
6.9,26.7,82.1,111.3,42.3,73.6,watermelon,watermelon,watermelon,55,"['watermelon', 'muskmelon', 'tomato']","[55, 40, 2]"
6.1,25.5,97.0,144.3,99.8,89.3,bhendi,bhendi,bhendi,88,"['bhendi', 'cabbage', 'capsicum']","[88, 12, 0]"
7.9,23.4,81.4,92.7,45.6,45.6,cluster bean,cluster bean,cluster bean,74,"['cluster bean', 'cotton', 'peas']","[74, 24, 1]"
6.3,25.9,97.3,143.1,84.9,81.6,bhendi,bhendi,bhendi,88,"['bhendi', 'cabbage', 'capsicum']","[88, 12, 0]"
6.9,27.0,77.5,81.8,51.3,58.1,tinda,tinda,tinda,68,"['tinda', 'annual moringa', 'peas']","[68, 11, 6]"
6.8,12.0,88.1,88.4,42.1,57.3,peas,peas,peas,98,"['peas', 'cauliflower', 'radish']","[98, 2, 0]"
7.9,23.7,86.0,48.0,30.2,35.6,castor,castor,sunflower,57,"['sunflower', 'castor', 'pearl millet']","[57, 42, 1]"
7.3,23.1,95.5,62.8,25.0,26.8,castor,castor,sunflower,72,"['sunflower', 'castor', 'soyabean']","[72, 27, 0]"
6.6,18.9,66.8,110.9,90.1,63.1,carrot,carrot,carrot,90,"['carrot', 'sugarbeet', 'maize']","[90, 8, 2]"
6.9,18.7,78.7,50.5,37.4,30.6,redgram,redgram,redgram,92,"['redgram', 'soyabean', 'pearl millet']","[92, 5, 1]"
7.2,27.1,78.7,146.9,63.0,80.4,tomato,tomato,tomato,90,"['tomato', 'chillies', 'muskmelon']","[90, 3, 2]"
6.4,22.6,75.9,86.6,66.5,63.9,bottle gourd,bottle gourd,bottle gourd,92,"['bottle gourd', 'bitter gourd', 'sugarbeet']","[92, 2, 1]"
6.8,20.0,16.4,40.9,33.9,28.3,kudiraivali,kudiraivali,kudiraivali,98,"['kudiraivali', 'thinai', 'ragi']","[98, 1, 0]"
5.7,27.4,87.0,24.2,21.0,30.1,gingely,gingely,gingely,100,"['gingely', 'pearl millet', 'castor']","[100, 0, 0]"
7.9,20.5,83.0,69.0,32.0,26.6,sunflower,sunflower,sunflower,94,"['sunflower', 'castor', 'soyabean']","[94, 5, 0]"
7.3,26.4,92.5,37.2,22.7,29.0,gingely,gingely,gingely,98,"['gingely', 'castor', 'pearl millet']","[98, 1, 1]"
7.2,26.8,19.0,38.0,26.0,26.7,ragi,ragi,ragi,61,"['ragi', 'thinai', 'blackgram']","[61, 17, 11]"
6.5,27.2,76.8,120.7,42.2,106.9,chillies,chillies,chillies,85,"['chillies', 'tomato', 'muskmelon']","[85, 13, 1]"
6.7,11.3,96.5,62.1,57.7,41.8,radish,radish,radish,93,"['radish', 'sorghum', 'cauliflower']","[93, 4, 2]"
6.3,25.7,76.7,136.0,69.2,98.9,chillies,chillies,chillies,87,"['chillies', 'maize', 'onion']","[87, 4, 4]"
7.1,26.8,76.5,92.5,51.8,46.1,peas,peas,tinda,50,"['tinda', 'annual moringa', 'cotton']","[50, 19, 16]"
6.3,24.5,94.2,106.3,48.7,85.0,capsicum,capsicum,capsicum,83,"['capsicum', 'bhendi', 'cabbage']","[83, 7, 5]"
6.7,24.1,80.7,171.0,72.8,86.3,maize,maize,maize,86,"['maize', 'tomato', 'chillies']","[86, 7, 6]"
6.7,31.9,62.4,32.6,26.7,23.2,greengram,greengram,greengram,99,"['greengram', 'horsegram', 'panivaragu']","[99, 0, 0]"
6.7,22.2,79.0,40.4,31.1,24.4,redgram,redgram,redgram,95,"['redgram', 'sunflower', 'castor']","[95, 3, 1]"
6.6,35.5,83.5,61.4,49.7,32.2,jute,jute,jute,85,"['jute', 'elephant foot yam', 'sorghum']","[85, 13, 1]"
5.6,26.8,18.8,30.9,25.8,22.2,varagu,varagu,varagu,76,"['varagu', 'thinai', 'ragi']","[76, 11, 7]"
6.2,12.9,92.2,141.6,82.6,86.8,cabbage,cabbage,cabbage,99,"['cabbage', 'capsicum', 'brinjal']","[99, 1, 0]"
5.6,22.4,15.1,31.0,26.6,27.3,thinai,thinai,thinai,50,"['thinai', 'ragi', 'panivaragu']","[50, 24, 22]"
6.4,16.8,85.9,77.0,22.6,36.0,soyabean,soyabean,soyabean,99,"['soyabean', 'pearl millet', 'castor']","[99, 1, 0]"
6.4,19.8,87.3,63.9,45.5,91.3,snake gourd,snake gourd,snake gourd,97,"['snake gourd', 'bottle gourd', 'bitter gourd']","[97, 2, 0]"
7.5,29.0,69.5,93.4,47.4,41.8,cucumber,cucumber,cucumber,54,"['cucumber', 'rice', 'cotton']","[54, 28, 10]"
7.0,13.7,65.0,53.8,59.1,42.2,groundnut,groundnut,groundnut,100,"['groundnut', 'small onion', 'peas']","[100, 0, 0]"
6.9,28.7,79.1,77.5,66.8,68.8,ribbed gourd,ribbed gourd,ribbed gourd,55,"['ribbed gourd', 'bitter gourd', 'bottle gourd']","[55, 44, 0]"
6.7,18.6,74.7,79.0,49.6,54.9,small onion,small onion,small onion,88,"['small onion', 'peas', 'chowchow']","[88, 7, 3]"
6.4,23.2,88.7,99.1,66.8,89.1,snake gourd,snake gourd,snake gourd,70,"['snake gourd', 'capsicum', 'brinjal']","[70, 10, 7]"
6.8,34.5,80.4,100.5,47.4,84.6,muskmelon,muskmelon,muskmelon,87,"['muskmelon', 'ribbed gourd', 'chillies']","[87, 11, 0]"
6.7,27.6,59.8,87.9,40.4,47.8,tapoica,tapoica,tapoica,80,"['tapoica', 'cucumber', 'rice']","[80, 18, 2]"
6.5,25.2,82.9,90.3,41.1,98.7,watermelon,watermelon,watermelon,59,"['watermelon', 'bottle gourd', 'bitter gourd']","[59, 14, 11]"
5.1,29.4,50.2,32.2,33.8,30.3,cowpea,cowpea,cowpea,99,"['cowpea', 'panivaragu', 'thinai']","[99, 0, 0]"
6.3,24.8,84.2,118.3,58.5,117.3,onion,onion,onion,49,"['onion', 'chillies', 'watermelon']","[49, 44, 4]"
6.6,25.4,81.5,97.7,55.9,81.2,watermelon,watermelon,watermelon,53,"['watermelon', 'bitter gourd', 'muskmelon']","[53, 17, 13]"
5.9,29.5,91.9,40.6,21.0,28.6,pearl millet,pearl millet,pearl millet,79,"['pearl millet', 'gingely', 'castor']","[79, 18, 3]"
5.9,18.5,79.1,77.8,55.3,43.2,chowchow,chowchow,chowchow,70,"['chowchow', 'french bean', 'vegetable cowpea']","[70, 27, 3]"
7.2,34.3,63.2,75.4,41.1,55.2,cucumber,cucumber,cucumber,96,"['cucumber', 'groundnut', 'rice']","[96, 2, 1]"
7.1,33.4,65.7,35.4,25.5,22.3,greengram,greengram,greengram,99,"['greengram', 'horsegram', 'gingely']","[99, 1, 0]"
7.9,22.1,74.1,82.8,48.0,44.3,cotton,cotton,cotton,42,"['cotton', 'cluster bean', 'rice']","[42, 35, 21]"
6.6,32.9,82.7,84.9,45.7,47.3,elephant foot yam,elephant foot yam,elephant foot yam,59,"['elephant foot yam', 'annual moringa', 'jute']","[59, 27, 9]"
6.9,46.4,65.0,69.5,54.5,53.7,groundnut,groundnut,groundnut,98,"['groundnut', 'cucumber', 'rice']","[98, 2, 0]"
7.7,22.7,66.5,160.3,92.8,121.6,sugarcane,sugarcane,sugarcane,100,"['sugarcane', 'sugarbeet', 'maize']","[100, 0, 0]"
6.8,20.2,78.9,101.5,70.6,105.5,tomato,tomato,tomato,95,"['tomato', 'onion', 'sugarbeet']","[95, 3, 1]"
6.6,28.1,57.8,75.8,48.9,88.2,ash gourd,ash gourd,ash gourd,99,"['ash gourd', 'pumpkin', 'tapoica']","[99, 1, 0]"
6.9,30.6,81.5,25.7,38.1,25.9,gingely,gingely,gingely,100,"['gingely', 'pearl millet', 'greengram']","[100, 0, 0]"
7.1,28.0,84.0,91.9,40.3,85.9,muskmelon,muskmelon,muskmelon,54,"['muskmelon', 'ribbed gourd', 'watermelon']","[54, 26, 12]"
6.2,20.5,70.0,146.9,62.7,75.0,sugarbeet,sugarbeet,maize,51,"['maize', 'sugarbeet', 'carrot']","[51, 48, 0]"
6.8,21.4,66.7,92.5,47.8,51.3,small onion,small onion,small onion,78,"['small onion', 'rice', 'peas']","[78, 15, 3]"
6.1,21.6,82.4,76.5,48.1,47.4,chowchow,chowchow,chowchow,83,"['chowchow', 'vegetable cowpea', 'french bean']","[83, 7, 5]"
5.8,18.0,16.6,36.0,22.0,26.9,ragi,ragi,ragi,57,"['ragi', 'panivaragu', 'thinai']","[57, 39, 3]"
6.4,18.5,93.4,127.3,63.3,82.9,cabbage,cabbage,cabbage,51,"['cabbage', 'capsicum', 'brinjal']","[51, 46, 2]"
7.7,34.9,65.9,93.5,41.0,57.5,rice,rice,rice,69,"['rice', 'cucumber', 'annual moringa']","[69, 29, 1]"
6.5,19.7,86.4,75.3,49.8,89.1,snake gourd,snake gourd,snake gourd,96,"['snake gourd', 'bottle gourd', 'bitter gourd']","[96, 4, 0]"
5.2,20.2,52.6,53.1,39.9,34.3,cowpea,cowpea,cowpea,94,"['cowpea', 'kudiraivali', 'bengalgram']","[94, 5, 1]"
6.7,34.3,83.2,83.3,53.6,42.2,elephant foot yam,elephant foot yam,elephant foot yam,67,"['elephant foot yam', 'annual moringa', 'jute']","[67, 23, 7]"
6.2,21.9,88.8,89.7,72.2,80.8,snake gourd,snake gourd,snake gourd,98,"['snake gourd', 'bottle gourd', 'cabbage']","[98, 1, 0]"
7.5,27.9,17.3,22.2,27.4,21.7,blackgram,blackgram,blackgram,99,"['blackgram', 'thinai', 'samai']","[99, 0, 0]"
5.5,25.6,96.8,42.8,23.3,38.1,castor,castor,castor,94,"['castor', 'pearl millet', 'gingely']","[94, 5, 1]"
6.8,26.1,82.1,91.1,57.6,58.4,tinda,tinda,tinda,45,"['tinda', 'elephant foot yam', 'annual moringa']","[45, 21, 10]"
6.4,24.5,99.8,78.6,46.7,43.0,sorghum,sorghum,sorghum,72,"['sorghum', 'cauliflower', 'beetroot']","[72, 21, 6]"
6.3,9.2,95.7,119.6,94.1,80.6,cabbage,cabbage,cabbage,100,"['cabbage', 'capsicum', 'radish']","[100, 0, 0]"
5.8,25.4,60.0,53.4,38.3,25.8,bengalgram,bengalgram,bengalgram,96,"['bengalgram', 'cowpea', 'horsegram']","[96, 3, 1]"
6.7,29.7,76.1,52.7,32.5,32.8,redgram,redgram,redgram,62,"['redgram', 'horsegram', 'soyabean']","[62, 25, 11]"
7.8,21.1,92.3,77.9,25.6,39.5,sunflower,sunflower,sunflower,90,"['sunflower', 'castor', 'soyabean']","[90, 10, 0]"
5.9,40.2,17.9,33.3,29.1,25.2,panivaragu,panivaragu,panivaragu,99,"['panivaragu', 'blackgram', 'thinai']","[99, 1, 0]"
6.1,25.3,16.6,33.7,27.9,26.5,varagu,varagu,varagu,78,"['varagu', 'thinai', 'ragi']","[78, 13, 5]"
6.8,26.2,80.4,60.6,52.6,43.1,tinda,tinda,tinda,77,"['tinda', 'elephant foot yam', 'jute']","[77, 18, 3]"
6.5,20.5,98.7,90.7,49.8,44.9,beetroot,beetroot,beetroot,88,"['beetroot', 'cauliflower', 'radish']","[88, 11, 0]"
5.3,23.8,52.8,38.2,37.1,30.2,cowpea,cowpea,cowpea,99,"['cowpea', 'ragi', 'thinai']","[99, 0, 0]"
7.0,24.8,70.4,199.1,94.9,140.2,sugarcane,sugarcane,sugarcane,100,"['sugarcane', 'maize', 'sugarbeet']","[100, 0, 0]"
6.9,38.4,17.9,38.5,29.8,38.0,blackgram,blackgram,blackgram,95,"['blackgram', 'panivaragu', 'horsegram']","[95, 5, 0]"
7.4,21.4,77.0,75.7,58.6,52.9,cluster bean,cluster bean,cluster bean,97,"['cluster bean', 'cotton', 'peas']","[97, 2, 0]"
8.5,39.0,17.0,32.5,29.9,22.2,samai,samai,samai,99,"['samai', 'blackgram', 'panivaragu']","[99, 1, 0]"
7.4,29.6,74.3,75.9,39.6,30.8,jute,jute,jute,91,"['jute', 'soyabean', 'horsegram']","[91, 5, 3]"
6.6,23.7,89.8,92.0,57.3,43.6,sweet potato,sweet potato,sweet potato,91,"['sweet potato', 'peas', 'cauliflower']","[91, 6, 2]"
6.4,39.0,91.4,61.6,52.1,58.9,sorghum,sorghum,sorghum,99,"['sorghum', 'jute', 'elephant foot yam']","[99, 0, 0]"
5.8,18.9,77.2,137.3,77.0,63.7,maize,maize,maize,86,"['maize', 'sugarbeet', 'onion']","[86, 13, 1]"
6.5,25.2,76.1,110.7,45.1,88.4,watermelon,watermelon,watermelon,67,"['watermelon', 'chillies', 'muskmelon']","[67, 20, 6]"
6.0,20.3,84.2,129.5,45.7,112.6,onion,onion,onion,82,"['onion', 'brinjal', 'capsicum']","[82, 12, 6]"
6.5,25.2,76.3,92.8,43.1,59.8,tinda,tinda,tinda,27,"['tinda', 'watermelon', 'annual moringa']","[27, 23, 8]"
6.8,28.2,82.9,118.6,43.7,57.7,annual moringa,annual moringa,annual moringa,66,"['annual moringa', 'peas', 'cotton']","[66, 21, 6]"
6.9,19.7,74.4,132.0,60.1,65.2,maize,maize,sugarbeet,86,"['sugarbeet', 'maize', 'tomato']","[86, 12, 1]"
6.0,20.8,16.2,37.3,20.4,26.8,thinai,thinai,thinai,59,"['thinai', 'panivaragu', 'ragi']","[59, 20, 19]"
7.1,19.8,80.3,58.6,25.5,37.8,pearl millet,pearl millet,redgram,45,"['redgram', 'sunflower', 'pearl millet']","[45, 32, 15]"
7.8,26.9,71.3,88.7,59.2,41.0,cotton,cotton,rice,46,"['rice', 'cotton', 'cucumber']","[46, 40, 8]"
6.1,21.5,75.0,55.4,32.6,39.3,soyabean,soyabean,soyabean,80,"['soyabean', 'redgram', 'bengalgram']","[80, 16, 1]"
6.4,20.4,68.7,70.3,43.4,57.6,small onion,small onion,small onion,93,"['small onion', 'groundnut', 'pumpkin']","[93, 4, 2]"
6.0,21.9,86.4,89.7,54.5,52.8,sweet potato,sweet potato,sweet potato,96,"['sweet potato', 'chowchow', 'vegetable cowpea']","[96, 2, 1]"
7.8,22.3,72.3,114.9,51.5,47.1,cotton,cotton,cotton,93,"['cotton', 'peas', 'rice']","[93, 5, 2]"
6.6,17.3,65.6,91.5,43.0,41.2,small onion,small onion,small onion,92,"['small onion', 'peas', 'groundnut']","[92, 6, 2]"
6.3,18.3,99.2,85.1,54.1,46.0,beetroot,beetroot,beetroot,91,"['beetroot', 'radish', 'cauliflower']","[91, 6, 2]"
6.8,45.5,65.0,60.6,45.3,48.7,groundnut,groundnut,groundnut,99,"['groundnut', 'cucumber', 'jute']","[99, 1, 0]"
8.0,22.5,19.9,30.3,26.0,20.8,ragi,ragi,ragi,89,"['ragi', 'samai', 'blackgram']","[89, 6, 4]"
7.4,41.1,17.0,34.8,22.4,20.5,blackgram,blackgram,blackgram,66,"['blackgram', 'panivaragu', 'samai']","[66, 31, 3]"
8.5,32.5,19.3,32.9,27.3,21.1,samai,samai,samai,100,"['samai', 'blackgram', 'panivaragu']","[100, 0, 0]"
6.9,37.7,73.2,61.0,34.8,43.3,jute,jute,jute,68,"['jute', 'horsegram', 'groundnut']","[68, 28, 2]"
6.2,21.8,51.4,82.6,52.7,45.9,wheat,wheat,wheat,99,"['wheat', 'rice', 'small onion']","[99, 1, 0]"
6.8,26.1,66.1,56.7,35.1,31.2,horsegram,horsegram,horsegram,67,"['horsegram', 'bengalgram', 'soyabean']","[67, 22, 6]"
5.9,24.1,93.1,55.3,32.8,21.8,pearl millet,pearl millet,castor,69,"['castor', 'pearl millet', 'soyabean']","[69, 29, 2]"
7.9,31.0,64.1,86.9,45.1,51.8,rice,rice,rice,66,"['rice', 'cucumber', 'annual moringa']","[66, 33, 0]"
7.1,30.5,82.4,106.5,57.9,47.5,annual moringa,annual moringa,annual moringa,86,"['annual moringa', 'cotton', 'tinda']","[86, 5, 4]"
8.0,30.7,98.5,26.0,37.2,36.4,gingely,gingely,gingely,100,"['gingely', 'castor', 'sorghum']","[100, 0, 0]"
6.1,24.0,84.3,130.5,70.4,80.3,onion,onion,onion,42,"['onion', 'maize', 'chillies']","[42, 19, 13]"
6.9,15.2,73.2,105.8,44.8,45.9,peas,peas,peas,99,"['peas', 'small onion', 'sugarbeet']","[99, 1, 0]"
6.5,25.3,78.6,119.3,42.1,73.4,watermelon,watermelon,watermelon,80,"['watermelon', 'muskmelon', 'chillies']","[80, 12, 5]"
7.1,22.9,86.2,62.9,35.5,31.9,castor,castor,sunflower,74,"['sunflower', 'castor', 'soyabean']","[74, 22, 2]"
5.7,23.7,82.6,68.4,23.8,24.9,castor,castor,castor,87,"['castor', 'soyabean', 'pearl millet']","[87, 10, 2]"
7.0,20.0,15.5,40.8,33.5,33.6,kudiraivali,kudiraivali,kudiraivali,98,"['kudiraivali', 'blackgram', 'ragi']","[98, 1, 0]"
5.7,26.1,18.1,38.6,22.6,25.3,varagu,varagu,varagu,79,"['varagu', 'thinai', 'ragi']","[79, 11, 6]"
6.4,18.1,98.6,77.5,51.4,41.7,beetroot,beetroot,beetroot,82,"['beetroot', 'radish', 'sorghum']","[82, 10, 6]"
6.3,21.6,60.0,43.6,27.7,21.8,bengalgram,bengalgram,bengalgram,97,"['bengalgram', 'cowpea', 'soyabean']","[97, 2, 0]"
6.0,30.0,92.9,36.4,34.7,30.9,gingely,gingely,gingely,99,"['gingely', 'pearl millet', 'soyabean']","[99, 1, 0]"
6.5,11.1,98.7,91.4,55.6,48.2,radish,radish,radish,59,"['radish', 'cauliflower', 'beetroot']","[59, 40, 0]"
6.9,14.9,17.0,37.0,23.2,23.9,panivaragu,panivaragu,ragi,67,"['ragi', 'panivaragu', 'thinai']","[67, 32, 0]"
6.3,25.7,88.4,70.0,41.5,65.3,snake gourd,snake gourd,snake gourd,94,"['snake gourd', 'bitter gourd', 'bottle gourd']","[94, 5, 1]"
6.1,23.0,96.1,121.1,73.7,99.7,cabbage,cabbage,cabbage,62,"['cabbage', 'bhendi', 'capsicum']","[62, 32, 5]"
6.6,30.4,63.5,33.4,22.9,25.7,greengram,greengram,greengram,99,"['greengram', 'horsegram', 'panivaragu']","[99, 1, 0]"
6.5,20.8,85.7,77.8,46.8,89.8,snake gourd,snake gourd,snake gourd,91,"['snake gourd', 'bottle gourd', 'bitter gourd']","[91, 9, 0]"
6.9,22.9,96.5,71.0,25.8,38.8,castor,castor,sunflower,69,"['sunflower', 'castor', 'soyabean']","[69, 28, 2]"
5.9,22.8,85.3,98.8,56.1,40.9,sweet potato,sweet potato,sweet potato,92,"['sweet potato', 'vegetable cowpea', 'french bean']","[92, 5, 2]"
6.3,21.7,74.8,77.1,37.8,38.2,soyabean,soyabean,soyabean,77,"['soyabean', 'small onion', 'jute']","[77, 9, 6]"
7.1,34.5,96.1,78.2,40.7,51.9,sorghum,sorghum,sorghum,99,"['sorghum', 'jute', 'cauliflower']","[99, 1, 0]"
6.4,23.3,73.6,84.9,46.6,58.3,rice,rice,small onion,82,"['small onion', 'rice', 'watermelon']","[82, 9, 3]"
6.7,26.0,83.4,114.6,58.1,47.0,annual moringa,annual moringa,annual moringa,45,"['annual moringa', 'peas', 'cotton']","[45, 32, 11]"
7.3,24.0,18.5,31.0,27.5,23.2,ragi,ragi,ragi,55,"['ragi', 'blackgram', 'thinai']","[55, 34, 8]"
6.5,16.1,90.6,50.8,33.2,37.9,pearl millet,pearl millet,pearl millet,77,"['pearl millet', 'soyabean', 'sunflower']","[77, 23, 0]"
6.4,25.8,79.3,113.4,70.4,119.7,chillies,chillies,chillies,91,"['chillies', 'onion', 'tomato']","[91, 5, 2]"
6.3,34.8,84.7,57.4,35.2,38.6,pearl millet,pearl millet,pearl millet,57,"['pearl millet', 'jute', 'soyabean']","[57, 21, 16]"
7.4,27.8,81.8,95.5,51.6,87.8,muskmelon,muskmelon,muskmelon,55,"['muskmelon', 'ribbed gourd', 'watermelon']","[55, 27, 14]"
7.1,25.5,82.0,88.1,59.4,93.5,watermelon,watermelon,watermelon,48,"['watermelon', 'ribbed gourd', 'muskmelon']","[48, 24, 21]"
6.2,21.6,87.1,91.6,59.3,43.1,sweet potato,sweet potato,sweet potato,97,"['sweet potato', 'chowchow', 'snake gourd']","[97, 2, 0]"
7.3,27.6,75.5,85.4,47.4,43.9,annual moringa,annual moringa,tinda,41,"['tinda', 'annual moringa', 'cotton']","[41, 21, 17]"
5.9,23.5,80.2,75.2,43.0,42.2,french bean,french bean,vegetable cowpea,66,"['vegetable cowpea', 'french bean', 'chowchow']","[66, 26, 4]"
6.5,19.9,74.1,84.5,47.3,49.8,peas,peas,small onion,72,"['small onion', 'peas', 'chowchow']","[72, 12, 10]"
7.1,31.1,60.6,39.2,25.9,21.2,greengram,greengram,greengram,97,"['greengram', 'horsegram', 'bengalgram']","[97, 3, 0]"
7.0,34.3,62.7,87.0,58.9,53.4,cucumber,cucumber,cucumber,82,"['cucumber', 'rice', 'groundnut']","[82, 17, 0]"
6.6,28.9,20.0,36.2,22.2,29.3,thinai,thinai,thinai,42,"['thinai', 'panivaragu', 'greengram']","[42, 21, 13]"
6.7,22.6,60.3,83.9,42.7,60.4,pumpkin,pumpkin,pumpkin,57,"['pumpkin', 'wheat', 'rice']","[57, 26, 9]"
6.7,26.2,79.4,62.7,41.1,84.6,bitter gourd,bitter gourd,ribbed gourd,41,"['ribbed gourd', 'bitter gourd', 'bottle gourd']","[41, 37, 18]"
5.5,27.8,98.4,22.4,23.9,33.3,gingely,gingely,gingely,100,"['gingely', 'castor', 'pearl millet']","[100, 0, 0]"
7.0,21.1,96.0,64.5,46.3,54.1,sorghum,sorghum,sorghum,76,"['sorghum', 'beetroot', 'cauliflower']","[76, 23, 0]"
6.4,18.3,66.9,91.1,77.4,67.7,carrot,carrot,carrot,75,"['carrot', 'pumpkin', 'sugarbeet']","[75, 23, 2]"
6.8,34.9,17.2,20.1,24.9,36.7,blackgram,blackgram,blackgram,99,"['blackgram', 'panivaragu', 'greengram']","[99, 1, 0]"
6.0,22.3,50.3,41.7,24.6,29.2,cowpea,cowpea,cowpea,94,"['cowpea', 'bengalgram', 'thinai']","[94, 3, 1]"
6.7,11.8,65.0,70.8,58.8,41.5,groundnut,groundnut,groundnut,98,"['groundnut', 'small onion', 'peas']","[98, 1, 0]"
7.1,17.1,95.8,68.7,55.6,55.7,sorghum,sorghum,sorghum,88,"['sorghum', 'beetroot', 'radish']","[88, 8, 3]"
8.5,37.6,17.7,33.5,23.5,22.7,samai,samai,samai,99,"['samai', 'blackgram', 'panivaragu']","[99, 1, 0]"
6.5,15.3,62.7,83.0,81.0,98.2,carrot,carrot,carrot,99,"['carrot', 'pumpkin', 'sugarbeet']","[99, 1, 0]"
6.6,24.4,89.2,106.8,46.0,48.5,sweet potato,sweet potato,sweet potato,91,"['sweet potato', 'peas', 'cotton']","[91, 8, 1]"
5.5,18.1,93.5,108.1,53.0,104.0,capsicum,capsicum,capsicum,96,"['capsicum', 'cabbage', 'brinjal']","[96, 4, 0]"
7.6,29.1,17.9,22.7,20.8,22.2,blackgram,blackgram,blackgram,98,"['blackgram', 'samai', 'ragi']","[98, 1, 1]"
6.9,11.9,65.0,67.9,57.6,46.8,groundnut,groundnut,groundnut,99,"['groundnut', 'small onion', 'peas']","[99, 1, 0]"
7.2,20.0,86.2,46.1,24.3,27.9,pearl millet,pearl millet,sunflower,73,"['sunflower', 'pearl millet', 'castor']","[73, 24, 2]"
6.7,30.2,17.1,23.6,39.1,38.9,blackgram,blackgram,blackgram,100,"['blackgram', 'panivaragu', 'greengram']","[100, 0, 0]"
7.0,31.2,65.7,47.5,29.3,22.3,horsegram,horsegram,horsegram,92,"['horsegram', 'greengram', 'bengalgram']","[92, 4, 3]"
5.7,20.0,16.2,44.1,34.3,31.3,kudiraivali,kudiraivali,kudiraivali,100,"['kudiraivali', 'thinai', 'ragi']","[100, 0, 0]"
6.4,13.0,17.6,37.0,28.0,23.7,panivaragu,panivaragu,ragi,60,"['ragi', 'panivaragu', 'thinai']","[60, 40, 0]"
7.3,25.5,75.0,66.4,46.6,31.4,jute,jute,jute,93,"['jute', 'tinda', 'cucumber']","[93, 3, 1]"
6.6,28.0,80.5,99.3,58.1,90.4,muskmelon,muskmelon,muskmelon,44,"['muskmelon', 'bitter gourd', 'ribbed gourd']","[44, 26, 13]"
5.6,18.7,82.1,90.9,51.8,52.7,chowchow,chowchow,chowchow,54,"['chowchow', 'french bean', 'vegetable cowpea']","[54, 43, 2]"
5.9,26.4,15.3,33.7,27.9,29.8,varagu,varagu,varagu,83,"['varagu', 'thinai', 'ragi']","[83, 9, 4]"
7.0,27.1,69.7,20.1,36.3,38.2,greengram,greengram,greengram,98,"['greengram', 'gingely', 'horsegram']","[98, 2, 0]"
7.4,21.1,72.4,117.5,65.2,68.5,sugarbeet,sugarbeet,sugarbeet,99,"['sugarbeet', 'maize', 'tomato']","[99, 1, 0]"
6.7,27.0,100.0,110.8,55.3,45.5,cauliflower,cauliflower,cauliflower,100,"['cauliflower', 'sweet potato', 'peas']","[100, 0, 0]"
6.6,24.1,82.8,71.2,72.1,84.6,bottle gourd,bottle gourd,bottle gourd,77,"['bottle gourd', 'bitter gourd', 'snake gourd']","[77, 13, 8]"
7.9,23.9,97.3,50.5,21.9,29.3,sunflower,sunflower,sunflower,54,"['sunflower', 'castor', 'pearl millet']","[54, 46, 1]"
6.9,23.5,72.9,63.4,41.2,45.2,small onion,small onion,small onion,74,"['small onion', 'cluster bean', 'jute']","[74, 13, 6]"
6.9,28.5,90.4,36.0,23.8,33.0,gingely,gingely,gingely,99,"['gingely', 'pearl millet', 'soyabean']","[99, 1, 0]"
6.2,22.1,60.0,44.3,34.3,37.3,bengalgram,bengalgram,bengalgram,97,"['bengalgram', 'cowpea', 'soyabean']","[97, 2, 0]"
5.8,22.9,60.0,54.5,21.3,34.7,bengalgram,bengalgram,bengalgram,98,"['bengalgram', 'cowpea', 'soyabean']","[98, 2, 0]"
7.5,24.9,90.0,74.1,30.3,26.2,castor,castor,castor,52,"['castor', 'sunflower', 'soyabean']","[52, 46, 1]"
6.2,33.1,74.8,46.6,33.3,25.8,horsegram,horsegram,horsegram,94,"['horsegram', 'soyabean', 'jute']","[94, 4, 0]"
8.0,24.2,80.6,86.2,57.6,44.6,cluster bean,cluster bean,cluster bean,69,"['cluster bean', 'cotton', 'rice']","[69, 28, 1]"
7.5,27.9,90.0,141.3,41.3,96.1,brinjal,brinjal,brinjal,94,"['brinjal', 'capsicum', 'tomato']","[94, 4, 1]"
8.2,23.4,80.8,94.7,41.2,46.2,cluster bean,cluster bean,cluster bean,89,"['cluster bean', 'cotton', 'rice']","[89, 10, 0]"
6.5,16.9,66.2,92.8,91.1,67.1,carrot,carrot,carrot,100,"['carrot', 'pumpkin', 'sugarbeet']","[100, 0, 0]"
6.6,23.9,87.3,105.4,53.4,59.3,sweet potato,sweet potato,sweet potato,92,"['sweet potato', 'peas', 'cotton']","[92, 7, 1]"
6.7,26.8,77.8,128.0,69.2,83.1,tomato,tomato,chillies,49,"['chillies', 'tomato', 'maize']","[49, 35, 12]"
6.0,12.0,99.7,94.4,55.4,49.1,radish,radish,radish,99,"['radish', 'cauliflower', 'beetroot']","[99, 1, 0]"
7.4,23.3,80.3,91.3,52.2,46.1,cotton,cotton,cluster bean,67,"['cluster bean', 'cotton', 'peas']","[67, 23, 8]"
5.7,14.3,82.0,94.7,48.2,49.6,french bean,french bean,french bean,99,"['french bean', 'chowchow', 'vegetable cowpea']","[99, 1, 0]"
6.9,29.0,80.8,67.4,51.4,77.1,bitter gourd,bitter gourd,ribbed gourd,51,"['ribbed gourd', 'bitter gourd', 'muskmelon']","[51, 47, 1]"
8.1,22.5,84.6,61.2,55.4,59.7,cluster bean,cluster bean,cluster bean,100,"['cluster bean', 'cotton', 'castor']","[100, 0, 0]"
7.3,41.8,17.7,39.7,34.0,36.8,blackgram,blackgram,blackgram,99,"['blackgram', 'horsegram', 'panivaragu']","[99, 1, 0]"
7.6,23.2,73.7,80.3,43.3,56.2,cotton,cotton,cotton,40,"['cotton', 'cluster bean', 'rice']","[40, 40, 15]"
6.8,27.5,79.0,74.1,66.3,84.8,ribbed gourd,ribbed gourd,bitter gourd,50,"['bitter gourd', 'ribbed gourd', 'bottle gourd']","[50, 48, 1]"
7.3,26.4,82.5,81.3,49.9,84.0,watermelon,watermelon,watermelon,46,"['watermelon', 'muskmelon', 'ribbed gourd']","[46, 25, 25]"
7.3,29.5,81.4,88.7,74.8,68.6,ribbed gourd,ribbed gourd,ribbed gourd,88,"['ribbed gourd', 'bitter gourd', 'muskmelon']","[88, 8, 3]"
6.1,22.7,99.4,138.0,86.2,113.5,cabbage,cabbage,cabbage,71,"['cabbage', 'bhendi', 'capsicum']","[71, 29, 1]"
6.8,27.5,17.6,24.8,35.4,20.4,blackgram,blackgram,blackgram,98,"['blackgram', 'thinai', 'panivaragu']","[98, 1, 1]"
6.2,25.7,77.5,107.5,49.4,89.4,chillies,chillies,watermelon,61,"['watermelon', 'chillies', 'onion']","[61, 32, 3]"
7.1,30.0,68.2,99.3,59.3,44.6,rice,rice,cucumber,75,"['cucumber', 'rice', 'cotton']","[75, 19, 3]"
5.8,19.3,92.5,102.1,56.9,118.3,capsicum,capsicum,capsicum,96,"['capsicum', 'cabbage', 'brinjal']","[96, 3, 0]"
7.5,30.0,76.1,86.1,54.6,52.0,annual moringa,annual moringa,annual moringa,52,"['annual moringa', 'tinda', 'cotton']","[52, 17, 16]"
6.7,31.6,51.6,48.3,26.3,20.8,horsegram,horsegram,horsegram,92,"['horsegram', 'cowpea', 'panivaragu']","[92, 6, 1]"
5.7,23.6,76.6,78.5,51.3,46.3,vegetable cowpea,vegetable cowpea,vegetable cowpea,68,"['vegetable cowpea', 'french bean', 'chowchow']","[68, 27, 3]"
7.5,21.3,80.8,48.0,35.4,31.7,sunflower,sunflower,sunflower,79,"['sunflower', 'pearl millet', 'castor']","[79, 8, 7]"
5.2,21.5,50.2,35.7,22.1,37.7,cowpea,cowpea,cowpea,95,"['cowpea', 'ragi', 'thinai']","[95, 3, 1]"
6.6,21.3,58.4,96.8,47.4,54.1,wheat,wheat,wheat,98,"['wheat', 'rice', 'small onion']","[98, 1, 1]"
7.3,25.1,70.9,114.6,50.6,48.8,cotton,cotton,cotton,67,"['cotton', 'peas', 'annual moringa']","[67, 25, 4]"
6.8,27.8,90.4,86.9,72.3,82.2,bitter gourd,bitter gourd,bitter gourd,92,"['bitter gourd', 'snake gourd', 'capsicum']","[92, 7, 0]"
6.0,20.5,67.2,99.2,54.8,43.5,small onion,small onion,small onion,66,"['small onion', 'rice', 'chowchow']","[66, 29, 1]"
8.9,31.2,19.8,35.3,21.9,26.0,samai,samai,samai,100,"['samai', 'blackgram', 'panivaragu']","[100, 0, 0]"
6.7,36.7,79.3,73.7,30.5,37.9,jute,jute,jute,87,"['jute', 'soyabean', 'horsegram']","[87, 9, 3]"
6.7,26.6,17.4,35.2,27.8,24.4,thinai,thinai,thinai,40,"['thinai', 'varagu', 'blackgram']","[40, 22, 14]"
7.1,36.3,64.1,54.2,26.9,24.1,horsegram,horsegram,horsegram,99,"['horsegram', 'greengram', 'bengalgram']","[99, 1, 0]"
6.7,26.1,81.8,145.4,78.1,108.3,tomato,tomato,chillies,60,"['chillies', 'tomato', 'onion']","[60, 35, 2]"
6.6,27.9,84.9,146.0,52.6,102.0,chillies,chillies,chillies,67,"['chillies', 'tomato', 'brinjal']","[67, 26, 4]"
7.1,29.7,78.1,108.5,59.6,43.9,annual moringa,annual moringa,annual moringa,67,"['annual moringa', 'cotton', 'peas']","[67, 20, 11]"
6.6,26.1,76.7,123.2,77.2,105.7,chillies,chillies,chillies,66,"['chillies', 'tomato', 'sugarcane']","[66, 30, 1]"
6.7,21.6,98.3,82.1,53.7,59.8,cauliflower,cauliflower,cauliflower,60,"['cauliflower', 'beetroot', 'sorghum']","[60, 37, 2]"
7.4,26.7,76.2,97.7,43.8,84.2,watermelon,watermelon,watermelon,55,"['watermelon', 'muskmelon', 'ribbed gourd']","[55, 31, 12]"
6.5,10.2,91.8,126.4,60.7,102.3,cabbage,cabbage,cabbage,88,"['cabbage', 'capsicum', 'brinjal']","[88, 12, 0]"
7.0,31.4,60.3,69.5,55.9,58.8,cucumber,cucumber,cucumber,90,"['cucumber', 'groundnut', 'tapoica']","[90, 6, 3]"
7.0,33.2,81.9,98.9,42.9,45.9,jute,jute,annual moringa,59,"['annual moringa', 'elephant foot yam', 'jute']","[59, 18, 16]"
6.1,19.2,98.2,73.2,57.4,49.6,beetroot,beetroot,beetroot,93,"['beetroot', 'sorghum', 'radish']","[93, 6, 1]"
6.5,30.6,61.6,66.3,50.9,74.1,ash gourd,ash gourd,ash gourd,99,"['ash gourd', 'pumpkin', 'cucumber']","[99, 1, 0]"
7.3,24.3,87.1,71.6,28.4,29.6,sunflower,sunflower,sunflower,64,"['sunflower', 'castor', 'soyabean']","[64, 32, 2]"
7.7,31.3,18.0,24.9,34.9,24.7,blackgram,blackgram,blackgram,99,"['blackgram', 'samai', 'greengram']","[99, 1, 0]"
6.7,30.1,59.3,99.3,46.8,61.9,ash gourd,ash gourd,ash gourd,66,"['ash gourd', 'tapoica', 'cucumber']","[66, 26, 5]"
6.6,20.3,18.6,36.0,24.0,22.0,panivaragu,panivaragu,thinai,46,"['thinai', 'ragi', 'panivaragu']","[46, 27, 21]"
6.5,20.0,16.8,47.5,39.1,33.6,kudiraivali,kudiraivali,kudiraivali,100,"['kudiraivali', 'blackgram', 'cowpea']","[100, 0, 0]"
6.6,18.9,63.3,67.0,73.5,88.7,pumpkin,pumpkin,pumpkin,98,"['pumpkin', 'carrot', 'ash gourd']","[98, 2, 0]"
7.5,22.5,90.3,66.3,28.1,34.9,sunflower,sunflower,sunflower,72,"['sunflower', 'castor', 'soyabean']","[72, 27, 1]"
6.6,27.4,87.2,86.5,79.8,98.3,bitter gourd,bitter gourd,bitter gourd,91,"['bitter gourd', 'snake gourd', 'ribbed gourd']","[91, 5, 2]"
5.7,22.2,60.0,43.0,21.1,31.2,bengalgram,bengalgram,bengalgram,97,"['bengalgram', 'cowpea', 'thinai']","[97, 2, 0]"
6.2,19.3,99.2,83.0,44.9,44.9,beetroot,beetroot,beetroot,97,"['beetroot', 'radish', 'cauliflower']","[97, 2, 1]"
6.2,24.3,71.3,72.8,30.0,30.8,soyabean,soyabean,soyabean,92,"['soyabean', 'jute', 'bengalgram']","[92, 7, 1]"
6.6,29.3,61.1,24.9,35.6,37.9,greengram,greengram,greengram,100,"['greengram', 'bengalgram', 'horsegram']","[100, 0, 0]"
6.5,30.8,62.3,91.8,45.6,54.3,rice,rice,cucumber,62,"['cucumber', 'rice', 'tapoica']","[62, 32, 4]"
6.5,22.1,50.8,117.9,42.1,57.8,wheat,wheat,wheat,99,"['wheat', 'maize', 'kudiraivali']","[99, 0, 0]"
6.3,22.8,93.1,121.7,93.4,118.4,cabbage,cabbage,cabbage,70,"['cabbage', 'bhendi', 'capsicum']","[70, 25, 4]"
6.4,25.3,15.7,32.2,23.9,28.2,varagu,varagu,varagu,70,"['varagu', 'thinai', 'panivaragu']","[70, 16, 6]"
6.5,24.5,87.7,82.9,44.0,50.8,sweet potato,sweet potato,sweet potato,94,"['sweet potato', 'peas', 'jute']","[94, 2, 1]"
6.9,27.3,79.8,51.2,39.3,37.1,redgram,redgram,redgram,86,"['redgram', 'horsegram', 'soyabean']","[86, 5, 5]"
5.7,15.7,98.7,79.7,58.7,42.5,radish,radish,radish,99,"['radish', 'sorghum', 'beetroot']","[99, 0, 0]"
6.7,25.6,78.8,96.3,44.1,79.2,bitter gourd,bitter gourd,watermelon,63,"['watermelon', 'muskmelon', 'bitter gourd']","[63, 15, 9]"
6.5,19.5,79.2,46.1,39.3,28.8,redgram,redgram,redgram,93,"['redgram', 'soyabean', 'pearl millet']","[93, 4, 2]"
7.0,21.2,72.5,84.6,57.0,42.4,cotton,cotton,small onion,52,"['small onion', 'peas', 'rice']","[52, 14, 14]"
6.7,26.1,95.1,84.8,51.2,55.4,cauliflower,cauliflower,cauliflower,92,"['cauliflower', 'sorghum', 'sweet potato']","[92, 4, 2]"
5.9,17.6,89.3,57.9,35.5,24.2,pearl millet,pearl millet,pearl millet,80,"['pearl millet', 'soyabean', 'castor']","[80, 20, 0]"
6.2,26.1,71.4,87.9,57.2,75.3,ash gourd,ash gourd,ash gourd,77,"['ash gourd', 'pumpkin', 'watermelon']","[77, 12, 5]"
6.3,24.5,60.0,57.7,23.9,24.8,bengalgram,bengalgram,bengalgram,97,"['bengalgram', 'cowpea', 'horsegram']","[97, 2, 0]"
5.9,27.3,93.1,102.2,56.1,101.3,capsicum,capsicum,capsicum,98,"['capsicum', 'brinjal', 'cabbage']","[98, 1, 1]"
6.8,38.9,65.0,60.1,46.5,43.3,groundnut,groundnut,groundnut,99,"['groundnut', 'cucumber', 'jute']","[99, 1, 0]"
6.8,20.0,19.3,41.1,39.6,28.5,kudiraivali,kudiraivali,kudiraivali,98,"['kudiraivali', 'blackgram', 'thinai']","[98, 1, 0]"
5.5,25.1,50.5,37.7,28.6,35.2,cowpea,cowpea,cowpea,95,"['cowpea', 'varagu', 'ragi']","[95, 3, 1]"
6.6,32.5,58.1,49.2,34.6,30.2,horsegram,horsegram,horsegram,95,"['horsegram', 'cowpea', 'bengalgram']","[95, 2, 2]"
7.5,18.9,74.1,141.2,78.4,71.1,sugarbeet,sugarbeet,sugarbeet,98,"['sugarbeet', 'maize', 'tomato']","[98, 1, 1]"
7.1,13.3,76.3,90.4,59.7,53.9,peas,peas,peas,99,"['peas', 'cluster bean', 'cotton']","[99, 0, 0]"
7.8,26.2,17.8,34.5,27.6,26.2,ragi,ragi,ragi,63,"['ragi', 'blackgram', 'samai']","[63, 27, 9]"
7.4,27.4,79.9,94.3,59.4,49.5,peas,peas,tinda,46,"['tinda', 'annual moringa', 'cotton']","[46, 24, 20]"
6.4,25.9,15.2,38.7,24.0,22.0,varagu,varagu,varagu,79,"['varagu', 'thinai', 'panivaragu']","[79, 11, 6]"
6.0,19.8,99.2,71.7,44.4,42.4,beetroot,beetroot,beetroot,95,"['beetroot', 'sorghum', 'radish']","[95, 3, 2]"
6.5,23.7,86.8,100.6,49.7,54.7,sweet potato,sweet potato,sweet potato,97,"['sweet potato', 'peas', 'cauliflower']","[97, 2, 0]"
6.9,33.1,82.6,23.0,25.7,21.2,gingely,gingely,gingely,100,"['gingely', 'pearl millet', 'greengram']","[100, 0, 0]"
8.5,21.3,80.1,84.5,51.6,51.4,cluster bean,cluster bean,cluster bean,98,"['cluster bean', 'cotton', 'rice']","[98, 2, 0]"
7.3,28.0,60.8,53.5,33.2,36.7,horsegram,horsegram,horsegram,87,"['horsegram', 'bengalgram', 'greengram']","[87, 10, 2]"
6.0,25.2,53.0,56.5,27.8,37.1,cowpea,cowpea,cowpea,91,"['cowpea', 'horsegram', 'bengalgram']","[91, 4, 4]"
7.6,22.8,78.8,114.8,73.1,63.3,sugarbeet,sugarbeet,sugarbeet,98,"['sugarbeet', 'tomato', 'cotton']","[98, 1, 0]"
5.8,23.2,85.7,58.1,33.2,38.6,castor,castor,castor,56,"['castor', 'pearl millet', 'soyabean']","[56, 29, 13]"
6.1,25.4,62.9,85.0,63.6,72.2,pumpkin,pumpkin,ash gourd,64,"['ash gourd', 'pumpkin', 'maize']","[64, 36, 0]"
7.2,20.6,80.0,68.0,21.4,37.4,sunflower,sunflower,sunflower,82,"['sunflower', 'soyabean', 'redgram']","[82, 10, 4]"
6.9,30.2,64.4,95.0,41.4,58.1,cucumber,cucumber,cucumber,85,"['cucumber', 'rice', 'tapoica']","[85, 13, 1]"
7.1,22.0,88.6,43.1,38.8,34.8,sunflower,sunflower,sunflower,77,"['sunflower', 'castor', 'pearl millet']","[77, 12, 11]"
6.7,36.9,77.2,51.3,24.3,27.6,horsegram,horsegram,horsegram,92,"['horsegram', 'pearl millet', 'soyabean']","[92, 3, 3]"
5.9,31.1,81.4,63.9,59.1,51.5,elephant foot yam,elephant foot yam,elephant foot yam,91,"['elephant foot yam', 'vegetable cowpea', 'jute']","[91, 8, 0]"
7.7,17.7,17.0,37.1,28.2,28.7,ragi,ragi,ragi,99,"['ragi', 'panivaragu', 'blackgram']","[99, 0, 0]"
6.7,20.1,72.9,142.9,84.9,84.8,maize,maize,maize,84,"['maize', 'sugarbeet', 'tomato']","[84, 11, 2]"
6.8,31.1,70.9,76.9,26.6,32.6,soyabean,soyabean,soyabean,58,"['soyabean', 'jute', 'horsegram']","[58, 34, 7]"
7.5,14.2,86.8,91.0,56.6,51.7,peas,peas,peas,100,"['peas', 'cotton', 'sorghum']","[100, 0, 0]"
8.8,37.8,17.3,33.6,25.0,26.9,samai,samai,samai,99,"['samai', 'blackgram', 'panivaragu']","[99, 1, 0]"
8.4,22.9,84.9,84.5,44.0,47.1,cluster bean,cluster bean,cluster bean,92,"['cluster bean', 'cotton', 'peas']","[92, 7, 0]"
6.6,22.2,87.0,91.5,51.3,48.1,sweet potato,sweet potato,sweet potato,90,"['sweet potato', 'peas', 'cauliflower']","[90, 6, 1]"
6.7,26.5,75.6,71.6,50.0,41.1,tinda,tinda,tinda,81,"['tinda', 'jute', 'elephant foot yam']","[81, 10, 2]"
5.9,10.7,99.3,88.4,54.7,55.7,radish,radish,radish,99,"['radish', 'cauliflower', 'beetroot']","[99, 0, 0]"
6.0,20.2,84.6,81.6,54.5,53.3,vegetable cowpea,vegetable cowpea,chowchow,75,"['chowchow', 'french bean', 'vegetable cowpea']","[75, 10, 9]"
6.3,19.4,65.1,70.9,53.3,53.4,small onion,small onion,small onion,77,"['small onion', 'groundnut', 'pumpkin']","[77, 21, 1]"
6.9,31.7,73.1,59.8,21.7,29.6,horsegram,horsegram,horsegram,67,"['horsegram', 'soyabean', 'redgram']","[67, 30, 1]"
6.4,16.7,93.0,125.3,83.9,89.5,cabbage,cabbage,cabbage,97,"['cabbage', 'capsicum', 'brinjal']","[97, 3, 0]"
6.4,24.4,97.4,114.3,94.0,80.1,bhendi,bhendi,bhendi,84,"['bhendi', 'cabbage', 'capsicum']","[84, 15, 0]"
6.7,22.1,78.9,155.0,93.6,136.9,sugarcane,sugarcane,sugarcane,99,"['sugarcane', 'maize', 'tomato']","[99, 0, 0]"
6.8,26.4,65.9,33.0,31.1,27.9,greengram,greengram,greengram,99,"['greengram', 'horsegram', 'bengalgram']","[99, 0, 0]"
6.6,13.1,98.1,93.3,44.9,49.6,cauliflower,cauliflower,radish,52,"['radish', 'cauliflower', 'beetroot']","[52, 47, 0]"
6.6,24.9,85.5,60.4,66.1,64.6,snake gourd,snake gourd,snake gourd,57,"['snake gourd', 'bitter gourd', 'bottle gourd']","[57, 29, 12]"
6.2,26.3,91.5,33.5,27.7,31.7,gingely,gingely,gingely,99,"['gingely', 'pearl millet', 'castor']","[99, 1, 0]"
6.3,23.9,15.8,35.5,23.0,26.6,thinai,thinai,thinai,59,"['thinai', 'ragi', 'panivaragu']","[59, 17, 16]"
6.0,26.0,77.9,97.4,57.3,47.0,french bean,french bean,vegetable cowpea,56,"['vegetable cowpea', 'french bean', 'rice']","[56, 17, 12]"
6.9,29.2,80.7,84.4,49.8,46.6,tinda,tinda,tinda,60,"['tinda', 'annual moringa', 'elephant foot yam']","[60, 15, 11]"
5.6,16.2,77.2,60.2,54.1,51.6,french bean,french bean,french bean,97,"['french bean', 'chowchow', 'vegetable cowpea']","[97, 2, 0]"
6.8,20.0,15.4,53.9,22.9,31.0,kudiraivali,kudiraivali,kudiraivali,99,"['kudiraivali', 'ragi', 'thinai']","[99, 0, 0]"
5.9,20.0,17.1,54.5,21.4,24.7,kudiraivali,kudiraivali,kudiraivali,99,"['kudiraivali', 'ragi', 'thinai']","[99, 0, 0]"
5.8,28.4,55.6,78.8,49.5,51.0,tapoica,tapoica,tapoica,100,"['tapoica', 'rice', 'ash gourd']","[100, 0, 0]"
6.6,16.2,61.4,119.2,65.5,73.8,carrot,carrot,carrot,71,"['carrot', 'sugarbeet', 'maize']","[71, 29, 1]"
6.1,26.0,55.2,80.7,57.6,46.5,tapoica,tapoica,tapoica,99,"['tapoica', 'rice', 'ash gourd']","[99, 0, 0]"
5.7,25.5,86.3,103.1,43.4,48.7,sweet potato,sweet potato,sweet potato,99,"['sweet potato', 'vegetable cowpea', 'french bean']","[99, 1, 0]"
5.7,22.7,81.7,90.4,45.5,59.8,french bean,french bean,vegetable cowpea,50,"['vegetable cowpea', 'french bean', 'chowchow']","[50, 30, 11]"
6.3,23.2,51.2,112.7,53.9,46.6,wheat,wheat,wheat,100,"['wheat', 'rice', 'kudiraivali']","[100, 0, 0]"
6.1,14.1,18.3,30.5,28.5,20.5,panivaragu,panivaragu,ragi,53,"['ragi', 'panivaragu', 'thinai']","[53, 46, 0]"
6.8,21.4,53.7,81.8,51.2,49.4,wheat,wheat,wheat,99,"['wheat', 'rice', 'small onion']","[99, 1, 0]"
7.0,20.1,79.9,143.1,73.2,73.1,sugarbeet,sugarbeet,sugarbeet,75,"['sugarbeet', 'maize', 'tomato']","[75, 16, 8]"
5.6,33.1,80.7,72.5,54.1,42.8,elephant foot yam,elephant foot yam,elephant foot yam,93,"['elephant foot yam', 'vegetable cowpea', 'jute']","[93, 6, 1]"
6.8,26.5,78.8,97.9,48.0,90.1,watermelon,watermelon,watermelon,55,"['watermelon', 'muskmelon', 'bitter gourd']","[55, 24, 9]"
6.5,27.0,18.1,31.2,25.1,20.4,thinai,thinai,thinai,45,"['thinai', 'varagu', 'panivaragu']","[45, 31, 16]"
7.6,21.0,83.6,107.1,53.8,49.8,cotton,cotton,cotton,80,"['cotton', 'peas', 'cluster bean']","[80, 15, 5]"
7.0,33.0,81.8,116.5,58.4,56.2,annual moringa,annual moringa,annual moringa,94,"['annual moringa', 'muskmelon', 'peas']","[94, 3, 1]"
7.4,24.5,17.7,27.2,24.5,23.8,blackgram,blackgram,blackgram,94,"['blackgram', 'ragi', 'thinai']","[94, 5, 1]"
5.5,26.6,19.1,37.8,29.9,23.0,panivaragu,panivaragu,varagu,71,"['varagu', 'thinai', 'ragi']","[71, 12, 11]"
6.6,23.7,82.4,145.4,61.0,107.4,tomato,tomato,chillies,44,"['chillies', 'tomato', 'onion']","[44, 36, 19]"
6.3,15.2,69.9,97.9,60.9,73.5,carrot,carrot,carrot,89,"['carrot', 'sugarbeet', 'pumpkin']","[89, 10, 1]"
7.2,25.5,72.3,160.4,89.6,133.9,sugarcane,sugarcane,sugarcane,100,"['sugarcane', 'maize', 'tomato']","[100, 0, 0]"
7.0,29.5,64.0,77.8,41.5,49.0,cucumber,cucumber,cucumber,91,"['cucumber', 'groundnut', 'tapoica']","[91, 6, 1]"
6.1,23.8,76.1,115.4,70.3,111.1,onion,onion,onion,70,"['onion', 'chillies', 'tomato']","[70, 28, 1]"
7.4,29.9,74.2,78.9,35.3,38.8,jute,jute,jute,96,"['jute', 'soyabean', 'horsegram']","[96, 2, 1]"
5.9,15.2,85.7,50.8,26.2,39.8,pearl millet,pearl millet,pearl millet,88,"['pearl millet', 'soyabean', 'castor']","[88, 11, 0]"
7.5,25.2,81.4,94.8,52.8,56.6,cotton,cotton,cotton,34,"['cotton', 'tinda', 'cluster bean']","[34, 21, 19]"
6.7,29.5,78.0,82.3,69.0,77.3,ribbed gourd,ribbed gourd,ribbed gourd,61,"['ribbed gourd', 'bitter gourd', 'muskmelon']","[61, 35, 2]"
6.7,19.0,71.6,76.1,46.5,52.2,small onion,small onion,small onion,95,"['small onion', 'groundnut', 'peas']","[95, 3, 1]"
7.2,27.7,84.1,80.1,41.2,75.3,muskmelon,muskmelon,ribbed gourd,56,"['ribbed gourd', 'muskmelon', 'bitter gourd']","[56, 25, 9]"
6.8,25.9,64.2,38.3,36.2,34.9,greengram,greengram,greengram,97,"['greengram', 'horsegram', 'bengalgram']","[97, 1, 1]"
6.1,27.1,88.3,22.8,32.7,25.8,gingely,gingely,gingely,100,"['gingely', 'pearl millet', 'soyabean']","[100, 0, 0]"
5.9,28.2,54.3,81.3,52.9,43.7,tapoica,tapoica,tapoica,99,"['tapoica', 'rice', 'ash gourd']","[99, 0, 0]"
7.1,27.5,79.2,100.8,40.7,48.6,cotton,cotton,annual moringa,44,"['annual moringa', 'cotton', 'tinda']","[44, 25, 15]"
6.4,25.1,99.9,111.1,84.2,95.0,bhendi,bhendi,bhendi,91,"['bhendi', 'cabbage', 'capsicum']","[91, 9, 0]"
6.2,18.7,99.1,78.0,58.0,52.0,beetroot,beetroot,beetroot,93,"['beetroot', 'sorghum', 'radish']","[93, 5, 2]"
5.6,26.5,17.9,39.4,28.9,28.1,varagu,varagu,varagu,76,"['varagu', 'thinai', 'ragi']","[76, 11, 8]"
6.6,20.2,86.6,70.0,21.1,27.5,sunflower,sunflower,soyabean,51,"['soyabean', 'sunflower', 'castor']","[51, 47, 1]"
7.3,25.6,73.5,113.4,47.8,40.2,cotton,cotton,cotton,55,"['cotton', 'peas', 'annual moringa']","[55, 28, 15]"
6.8,19.8,64.3,92.0,49.6,74.3,pumpkin,pumpkin,pumpkin,95,"['pumpkin', 'carrot', 'sugarbeet']","[95, 4, 1]"
6.4,26.0,70.0,142.1,63.0,73.9,maize,maize,maize,90,"['maize', 'sugarbeet', 'ash gourd']","[90, 8, 1]"
6.5,40.7,15.0,34.0,24.5,21.4,panivaragu,panivaragu,panivaragu,97,"['panivaragu', 'blackgram', 'thinai']","[97, 2, 0]"
5.9,22.7,80.6,96.1,59.7,43.8,vegetable cowpea,vegetable cowpea,vegetable cowpea,62,"['vegetable cowpea', 'french bean', 'chowchow']","[62, 20, 9]"
7.4,18.8,82.2,101.4,53.5,45.4,peas,peas,peas,97,"['peas', 'cotton', 'cluster bean']","[97, 3, 0]"
7.1,26.2,66.2,67.9,59.2,41.1,cucumber,cucumber,cucumber,88,"['cucumber', 'groundnut', 'tinda']","[88, 8, 1]"
5.8,13.0,81.4,60.9,45.8,51.6,french bean,french bean,french bean,99,"['french bean', 'chowchow', 'vegetable cowpea']","[99, 0, 0]"
6.4,25.8,90.0,103.6,46.7,94.3,brinjal,brinjal,brinjal,65,"['brinjal', 'capsicum', 'snake gourd']","[65, 28, 4]"
6.6,11.1,97.1,94.6,53.9,53.7,radish,radish,cauliflower,66,"['cauliflower', 'radish', 'peas']","[66, 34, 0]"
6.2,20.4,99.7,95.1,49.8,57.3,beetroot,beetroot,beetroot,98,"['beetroot', 'cauliflower', 'radish']","[98, 1, 1]"
7.0,15.6,63.8,84.0,85.1,81.8,carrot,carrot,carrot,100,"['carrot', 'pumpkin', 'sugarbeet']","[100, 0, 0]"
7.8,34.7,97.5,32.9,30.7,25.3,gingely,gingely,gingely,100,"['gingely', 'pearl millet', 'castor']","[100, 0, 0]"
5.9,25.5,17.3,38.8,20.9,21.1,varagu,varagu,varagu,80,"['varagu', 'thinai', 'ragi']","[80, 10, 5]"
7.3,25.1,83.6,80.8,55.7,64.3,watermelon,watermelon,watermelon,62,"['watermelon', 'ribbed gourd', 'muskmelon']","[62, 18, 13]"
6.2,34.7,93.6,65.5,56.4,50.7,sorghum,sorghum,sorghum,99,"['sorghum', 'elephant foot yam', 'jute']","[99, 0, 0]"
6.4,20.9,79.3,108.6,40.1,117.9,onion,onion,onion,95,"['onion', 'chillies', 'tomato']","[95, 2, 2]"
6.1,21.3,54.2,110.6,60.0,47.8,wheat,wheat,wheat,100,"['wheat', 'sugarbeet', 'maize']","[100, 0, 0]"
7.9,22.5,81.6,88.1,59.4,46.2,cotton,cotton,cluster bean,74,"['cluster bean', 'cotton', 'peas']","[74, 24, 1]"
6.3,24.0,51.9,59.8,28.0,22.0,cowpea,cowpea,cowpea,93,"['cowpea', 'bengalgram', 'horsegram']","[93, 5, 1]"
6.7,26.8,76.3,65.3,49.2,89.4,bottle gourd,bottle gourd,ribbed gourd,55,"['ribbed gourd', 'bitter gourd', 'bottle gourd']","[55, 23, 16]"
6.3,26.4,66.1,82.0,44.1,87.0,ash gourd,ash gourd,ash gourd,60,"['ash gourd', 'pumpkin', 'watermelon']","[60, 39, 0]"
6.2,24.6,76.9,103.9,70.4,75.4,sugarbeet,sugarbeet,sugarbeet,39,"['sugarbeet', 'chillies', 'onion']","[39, 25, 15]"
6.9,22.4,53.2,82.5,55.2,42.3,wheat,wheat,wheat,99,"['wheat', 'rice', 'small onion']","[99, 1, 0]"
6.2,26.0,87.3,87.7,79.9,64.4,snake gourd,snake gourd,snake gourd,87,"['snake gourd', 'bitter gourd', 'bottle gourd']","[87, 8, 3]"
5.8,23.4,81.6,91.8,54.1,42.6,vegetable cowpea,vegetable cowpea,vegetable cowpea,62,"['vegetable cowpea', 'french bean', 'sweet potato']","[62, 24, 10]"
6.5,12.2,97.4,94.5,53.7,48.4,radish,radish,radish,62,"['radish', 'cauliflower', 'beetroot']","[62, 37, 0]"
6.7,25.9,76.0,128.2,76.0,80.4,chillies,chillies,chillies,33,"['chillies', 'tomato', 'maize']","[33, 31, 27]"
7.2,30.5,17.8,23.8,32.5,37.5,blackgram,blackgram,blackgram,100,"['blackgram', 'greengram', 'panivaragu']","[100, 0, 0]"
7.5,23.8,81.9,63.3,30.2,24.0,sunflower,sunflower,sunflower,67,"['sunflower', 'castor', 'soyabean']","[67, 31, 1]"
7.0,21.0,92.2,45.8,30.4,33.4,pearl millet,pearl millet,sunflower,77,"['sunflower', 'pearl millet', 'castor']","[77, 16, 6]"
7.3,27.9,97.6,27.4,26.0,37.3,gingely,gingely,gingely,100,"['gingely', 'castor', 'pearl millet']","[100, 0, 0]"
6.7,16.6,96.9,118.9,42.6,59.8,cauliflower,cauliflower,cauliflower,99,"['cauliflower', 'radish', 'peas']","[99, 1, 0]"
6.8,33.8,75.7,68.3,55.8,99.0,ribbed gourd,ribbed gourd,ribbed gourd,69,"['ribbed gourd', 'ash gourd', 'muskmelon']","[69, 27, 2]"
5.6,26.9,50.8,80.5,43.0,41.5,tapoica,tapoica,tapoica,99,"['tapoica', 'rice', 'cowpea']","[99, 0, 0]"
6.3,24.1,87.7,96.5,41.8,58.0,sweet potato,sweet potato,sweet potato,98,"['sweet potato', 'snake gourd', 'jute']","[98, 1, 0]"
7.4,34.5,65.3,61.6,58.5,56.5,cucumber,cucumber,cucumber,93,"['cucumber', 'groundnut', 'rice']","[93, 5, 1]"
6.5,20.3,90.5,58.1,35.9,27.8,sunflower,sunflower,sunflower,48,"['sunflower', 'soyabean', 'pearl millet']","[48, 28, 21]"
6.3,24.9,87.9,91.8,49.2,47.3,sweet potato,sweet potato,sweet potato,96,"['sweet potato', 'jute', 'snake gourd']","[96, 2, 1]"
5.9,28.9,84.6,68.3,45.8,44.6,vegetable cowpea,vegetable cowpea,vegetable cowpea,55,"['vegetable cowpea', 'elephant foot yam', 'french bean']","[55, 40, 2]"
6.8,25.6,78.3,115.8,70.1,89.9,chillies,chillies,tomato,47,"['tomato', 'chillies', 'watermelon']","[47, 40, 4]"
6.5,19.5,99.7,78.3,44.6,51.1,sorghum,sorghum,beetroot,95,"['beetroot', 'sorghum', 'radish']","[95, 3, 1]"
7.5,19.5,77.2,107.0,67.7,77.2,sugarbeet,sugarbeet,sugarbeet,90,"['sugarbeet', 'tomato', 'maize']","[90, 10, 0]"
5.5,23.1,53.2,33.0,34.3,34.8,cowpea,cowpea,cowpea,99,"['cowpea', 'thinai', 'ragi']","[99, 0, 0]"
6.4,25.0,55.0,77.7,47.3,69.9,ash gourd,ash gourd,ash gourd,96,"['ash gourd', 'pumpkin', 'tapoica']","[96, 4, 0]"
8.2,22.5,76.2,75.1,53.0,56.4,cluster bean,cluster bean,cluster bean,99,"['cluster bean', 'cotton', 'rice']","[99, 1, 0]"
7.0,22.1,96.4,62.2,37.5,38.2,castor,castor,sunflower,82,"['sunflower', 'castor', 'soyabean']","[82, 15, 1]"
8.6,34.2,17.0,31.8,21.8,27.4,samai,samai,samai,100,"['samai', 'blackgram', 'panivaragu']","[100, 0, 0]"
6.4,20.3,98.3,65.5,40.0,58.5,beetroot,beetroot,beetroot,93,"['beetroot', 'sorghum', 'radish']","[93, 6, 0]"
6.4,16.8,16.4,36.2,24.8,29.5,panivaragu,panivaragu,panivaragu,52,"['panivaragu', 'ragi', 'thinai']","[52, 47, 1]"
6.6,18.7,18.9,30.6,20.2,24.6,ragi,ragi,ragi,57,"['ragi', 'panivaragu', 'thinai']","[57, 28, 11]"
6.1,22.5,83.0,137.1,46.0,95.3,onion,onion,onion,89,"['onion', 'chillies', 'brinjal']","[89, 8, 2]"
6.6,21.8,57.0,112.5,44.1,58.6,wheat,wheat,wheat,100,"['wheat', 'rice', 'peas']","[100, 0, 0]"
6.5,19.0,90.0,143.3,40.4,96.7,brinjal,brinjal,brinjal,67,"['brinjal', 'capsicum', 'tomato']","[67, 32, 0]"
5.5,16.8,98.3,65.3,45.9,47.2,radish,radish,radish,98,"['radish', 'sorghum', 'beetroot']","[98, 1, 1]"
5.4,28.8,75.4,83.1,47.0,52.4,rice,rice,rice,70,"['rice', 'vegetable cowpea', 'elephant foot yam']","[70, 19, 10]"
6.9,26.6,53.7,92.1,56.9,43.1,tapoica,tapoica,tapoica,97,"['tapoica', 'wheat', 'cucumber']","[97, 2, 1]"
6.1,24.5,69.6,60.5,54.0,55.9,small onion,small onion,small onion,93,"['small onion', 'ash gourd', 'groundnut']","[93, 2, 2]"
5.4,23.6,84.9,78.5,37.0,22.3,castor,castor,castor,99,"['castor', 'soyabean', 'pearl millet']","[99, 1, 0]"
7.0,21.3,78.1,85.9,41.4,49.4,rice,rice,cluster bean,46,"['cluster bean', 'peas', 'cotton']","[46, 29, 15]"
6.3,33.2,93.3,68.0,44.9,57.7,sorghum,sorghum,sorghum,99,"['sorghum', 'elephant foot yam', 'jute']","[99, 0, 0]"
6.5,16.2,91.3,76.2,55.7,58.6,sorghum,sorghum,sorghum,84,"['sorghum', 'radish', 'cauliflower']","[84, 12, 2]"
7.5,18.8,93.0,65.8,56.7,43.5,sorghum,sorghum,sorghum,95,"['sorghum', 'beetroot', 'peas']","[95, 4, 0]"
6.9,19.5,99.9,76.1,56.2,50.0,beetroot,beetroot,beetroot,95,"['beetroot', 'sorghum', 'radish']","[95, 4, 0]"
6.2,23.8,75.3,123.8,74.2,103.3,chillies,chillies,onion,61,"['onion', 'chillies', 'maize']","[61, 35, 2]"
6.6,33.4,100.0,71.5,59.5,58.6,sorghum,sorghum,sorghum,100,"['sorghum', 'cauliflower', 'elephant foot yam']","[100, 0, 0]"
5.7,20.0,78.0,60.4,43.9,40.4,vegetable cowpea,vegetable cowpea,chowchow,56,"['chowchow', 'french bean', 'vegetable cowpea']","[56, 26, 18]"
7.2,22.6,84.0,114.8,43.8,109.5,tomato,tomato,tomato,95,"['tomato', 'brinjal', 'watermelon']","[95, 2, 1]"
6.8,25.4,64.2,93.7,57.8,88.2,pumpkin,pumpkin,pumpkin,80,"['pumpkin', 'ash gourd', 'watermelon']","[80, 20, 0]"
7.3,27.3,84.6,28.8,32.6,32.8,gingely,gingely,gingely,100,"['gingely', 'pearl millet', 'greengram']","[100, 0, 0]"
5.5,14.4,16.8,36.4,24.7,26.0,panivaragu,panivaragu,ragi,69,"['ragi', 'panivaragu', 'thinai']","[69, 30, 0]"
6.9,23.4,76.2,131.6,51.6,84.8,tomato,tomato,tomato,77,"['tomato', 'chillies', 'onion']","[77, 15, 2]"
6.2,26.4,50.6,55.6,22.0,23.7,cowpea,cowpea,cowpea,85,"['cowpea', 'horsegram', 'bengalgram']","[85, 9, 3]"
6.6,23.1,86.7,83.6,41.4,85.2,snake gourd,snake gourd,snake gourd,91,"['snake gourd', 'bottle gourd', 'bitter gourd']","[91, 4, 3]"
6.1,19.0,92.9,121.2,59.8,82.9,capsicum,capsicum,capsicum,69,"['capsicum', 'cabbage', 'brinjal']","[69, 28, 2]"
7.7,33.2,98.7,25.6,21.4,24.1,gingely,gingely,gingely,100,"['gingely', 'castor', 'pearl millet']","[100, 0, 0]"
7.0,27.8,75.8,65.1,56.7,58.1,tinda,tinda,tinda,89,"['tinda', 'ribbed gourd', 'jute']","[89, 6, 1]"
5.7,28.1,52.8,72.3,59.7,54.1,tapoica,tapoica,tapoica,100,"['tapoica', 'ash gourd', 'vegetable cowpea']","[100, 0, 0]"
6.4,16.9,71.6,62.3,43.9,41.8,small onion,small onion,small onion,97,"['small onion', 'groundnut', 'chowchow']","[97, 2, 0]"
6.5,28.2,88.0,77.3,71.9,65.6,bitter gourd,bitter gourd,bitter gourd,82,"['bitter gourd', 'snake gourd', 'ribbed gourd']","[82, 15, 2]"
7.4,16.2,81.9,43.0,20.3,38.3,pearl millet,pearl millet,pearl millet,97,"['pearl millet', 'soyabean', 'sunflower']","[97, 2, 1]"
7.3,26.7,75.7,87.5,57.7,50.7,annual moringa,annual moringa,tinda,42,"['tinda', 'cotton', 'annual moringa']","[42, 23, 20]"
7.0,25.5,60.0,53.9,23.6,27.1,bengalgram,bengalgram,bengalgram,86,"['bengalgram', 'horsegram', 'greengram']","[86, 13, 0]"
5.8,16.1,81.9,96.4,47.0,45.5,french bean,french bean,french bean,98,"['french bean', 'chowchow', 'vegetable cowpea']","[98, 2, 0]"
7.4,26.9,80.7,109.9,56.1,52.3,annual moringa,annual moringa,annual moringa,44,"['annual moringa', 'cotton', 'peas']","[44, 40, 13]"
6.9,20.1,79.9,58.1,22.3,30.4,redgram,redgram,redgram,81,"['redgram', 'sunflower', 'soyabean']","[81, 10, 8]"
6.1,22.1,72.8,53.1,21.5,22.5,soyabean,soyabean,soyabean,92,"['soyabean', 'redgram', 'bengalgram']","[92, 5, 2]"
6.6,27.3,84.8,88.6,52.1,58.6,elephant foot yam,elephant foot yam,tinda,38,"['tinda', 'elephant foot yam', 'annual moringa']","[38, 29, 11]"
7.1,25.6,77.9,116.6,47.6,51.8,cotton,cotton,annual moringa,42,"['annual moringa', 'cotton', 'peas']","[42, 37, 18]"
6.9,28.7,77.8,56.4,25.3,38.0,soyabean,soyabean,redgram,76,"['redgram', 'horsegram', 'soyabean']","[76, 13, 10]"
6.5,20.3,77.0,107.0,46.9,45.1,peas,peas,peas,89,"['peas', 'chowchow', 'cotton']","[89, 5, 3]"
5.9,22.9,17.8,34.8,27.8,29.0,thinai,thinai,thinai,53,"['thinai', 'ragi', 'panivaragu']","[53, 26, 17]"
6.3,25.8,90.3,102.1,90.7,98.1,cabbage,cabbage,cabbage,59,"['cabbage', 'bhendi', 'capsicum']","[59, 30, 6]"
6.9,25.5,70.9,93.8,59.8,57.8,rice,rice,rice,28,"['rice', 'cucumber', 'small onion']","[28, 26, 14]"
7.8,25.3,74.6,85.6,55.3,50.0,cotton,cotton,cotton,61,"['cotton', 'rice', 'cluster bean']","[61, 22, 7]"
5.6,33.0,84.5,64.8,48.9,45.3,elephant foot yam,elephant foot yam,elephant foot yam,94,"['elephant foot yam', 'vegetable cowpea', 'jute']","[94, 5, 1]"
6.1,26.4,17.6,38.4,21.8,20.5,varagu,varagu,varagu,81,"['varagu', 'thinai', 'panivaragu']","[81, 11, 4]"
7.4,29.8,85.3,36.1,25.2,20.7,gingely,gingely,gingely,99,"['gingely', 'pearl millet', 'soyabean']","[99, 1, 0]"
6.7,19.5,99.5,60.4,53.0,46.1,beetroot,beetroot,beetroot,95,"['beetroot', 'sorghum', 'radish']","[95, 4, 1]"
7.2,28.3,70.3,86.4,50.5,53.5,cotton,cotton,cucumber,42,"['cucumber', 'cotton', 'rice']","[42, 22, 21]"
6.4,26.6,75.4,100.2,50.6,61.9,watermelon,watermelon,watermelon,78,"['watermelon', 'muskmelon', 'bottle gourd']","[78, 12, 4]"
6.2,20.4,19.6,36.3,22.3,29.9,thinai,thinai,thinai,39,"['thinai', 'ragi', 'panivaragu']","[39, 25, 25]"
6.0,18.6,90.0,135.4,49.1,97.4,brinjal,brinjal,brinjal,58,"['brinjal', 'capsicum', 'cabbage']","[58, 40, 1]"
7.5,26.1,78.0,82.7,30.0,43.3,jute,jute,jute,88,"['jute', 'tinda', 'annual moringa']","[88, 4, 3]"
6.0,10.0,99.8,83.6,56.3,59.2,radish,radish,radish,98,"['radish', 'cauliflower', 'beetroot']","[98, 1, 0]"
6.2,25.5,60.0,43.5,22.7,30.3,bengalgram,bengalgram,bengalgram,93,"['bengalgram', 'horsegram', 'cowpea']","[93, 4, 3]"
5.6,25.1,17.9,34.0,23.9,29.7,varagu,varagu,varagu,75,"['varagu', 'thinai', 'ragi']","[75, 12, 8]"
7.2,23.8,68.0,184.2,79.6,121.9,sugarcane,sugarcane,sugarcane,99,"['sugarcane', 'sugarbeet', 'maize']","[99, 1, 0]"
6.2,25.8,17.5,40.0,28.8,20.7,varagu,varagu,varagu,76,"['varagu', 'thinai', 'panivaragu']","[76, 14, 5]"
7.4,31.6,78.5,81.3,46.9,88.1,muskmelon,muskmelon,muskmelon,54,"['muskmelon', 'ribbed gourd', 'bitter gourd']","[54, 46, 0]"
6.9,36.2,65.0,77.5,50.8,45.8,groundnut,groundnut,groundnut,81,"['groundnut', 'cucumber', 'rice']","[81, 16, 2]"
6.4,29.2,57.4,81.5,42.8,75.5,ash gourd,ash gourd,ash gourd,99,"['ash gourd', 'pumpkin', 'tapoica']","[99, 0, 0]"
6.7,26.7,57.0,68.1,44.1,57.2,tapoica,tapoica,tapoica,97,"['tapoica', 'cucumber', 'groundnut']","[97, 2, 0]"
7.2,27.1,84.6,114.7,46.1,53.7,annual moringa,annual moringa,cotton,40,"['cotton', 'annual moringa', 'peas']","[40, 38, 19]"
6.6,23.7,97.5,42.9,36.0,27.4,castor,castor,sunflower,57,"['sunflower', 'castor', 'pearl millet']","[57, 39, 3]"
6.5,10.6,97.7,97.2,54.1,57.3,cauliflower,cauliflower,cauliflower,55,"['cauliflower', 'radish', 'beetroot']","[55, 45, 0]"
7.0,19.4,90.0,126.9,52.9,84.2,brinjal,brinjal,brinjal,87,"['brinjal', 'capsicum', 'tomato']","[87, 12, 1]"
6.5,17.8,91.6,142.6,52.0,91.0,capsicum,capsicum,capsicum,95,"['capsicum', 'cabbage', 'brinjal']","[95, 3, 2]"
6.1,36.1,90.9,72.6,55.1,56.7,sorghum,sorghum,sorghum,97,"['sorghum', 'elephant foot yam', 'jute']","[97, 2, 1]"
6.6,29.6,69.8,20.4,30.0,39.5,greengram,greengram,greengram,98,"['greengram', 'gingely', 'horsegram']","[98, 2, 0]"
5.5,20.0,78.1,89.1,49.8,42.1,chowchow,chowchow,chowchow,59,"['chowchow', 'french bean', 'vegetable cowpea']","[59, 29, 8]"
7.2,28.0,99.2,30.3,28.1,27.9,gingely,gingely,gingely,100,"['gingely', 'castor', 'pearl millet']","[100, 0, 0]"
6.5,29.8,58.5,83.6,64.4,96.1,ash gourd,ash gourd,ash gourd,100,"['ash gourd', 'pumpkin', 'ribbed gourd']","[100, 0, 0]"
5.7,40.8,91.3,53.3,29.6,28.7,pearl millet,pearl millet,pearl millet,100,"['pearl millet', 'gingely', 'soyabean']","[100, 0, 0]"
5.9,23.3,82.7,66.0,44.2,47.5,vegetable cowpea,vegetable cowpea,vegetable cowpea,62,"['vegetable cowpea', 'french bean', 'chowchow']","[62, 28, 7]"
6.4,19.6,78.5,65.4,54.9,54.1,chowchow,chowchow,chowchow,95,"['chowchow', 'bottle gourd', 'french bean']","[95, 2, 1]"
6.5,31.1,83.3,72.3,64.1,85.4,ribbed gourd,ribbed gourd,ribbed gourd,89,"['ribbed gourd', 'bitter gourd', 'bottle gourd']","[89, 9, 1]"
6.5,17.5,90.5,143.3,77.8,92.6,capsicum,capsicum,cabbage,52,"['cabbage', 'capsicum', 'brinjal']","[52, 47, 1]"
7.8,24.5,73.8,174.9,99.9,132.1,sugarcane,sugarcane,sugarcane,100,"['sugarcane', 'sugarbeet', 'tomato']","[100, 0, 0]"
6.6,18.8,61.6,98.4,77.9,79.0,carrot,carrot,carrot,78,"['carrot', 'pumpkin', 'sugarbeet']","[78, 21, 0]"
7.1,22.4,79.5,71.5,47.9,44.6,cluster bean,cluster bean,cluster bean,98,"['cluster bean', 'cotton', 'peas']","[98, 1, 0]"
6.4,26.0,56.4,80.3,57.2,50.0,tapoica,tapoica,tapoica,99,"['tapoica', 'rice', 'ash gourd']","[99, 0, 0]"
7.5,38.3,17.4,25.6,35.9,35.0,blackgram,blackgram,blackgram,100,"['blackgram', 'samai', 'panivaragu']","[100, 0, 0]"
6.9,30.1,63.7,67.1,54.4,57.5,cucumber,cucumber,cucumber,87,"['cucumber', 'groundnut', 'tapoica']","[87, 11, 1]"
7.4,26.8,90.0,118.1,61.6,84.2,brinjal,brinjal,brinjal,94,"['brinjal', 'capsicum', 'tomato']","[94, 4, 1]"
6.8,16.2,86.6,72.5,36.7,34.4,soyabean,soyabean,soyabean,94,"['soyabean', 'pearl millet', 'sorghum']","[94, 4, 0]"
6.2,24.5,84.7,169.3,72.8,74.0,maize,maize,maize,97,"['maize', 'onion', 'chillies']","[97, 1, 1]"
6.8,21.3,61.7,79.8,62.0,79.7,pumpkin,pumpkin,pumpkin,99,"['pumpkin', 'ash gourd', 'carrot']","[99, 0, 0]"
6.5,20.8,88.8,60.1,79.8,94.0,snake gourd,snake gourd,snake gourd,97,"['snake gourd', 'bottle gourd', 'bitter gourd']","[97, 2, 1]"
6.6,34.5,65.2,26.1,25.3,25.6,greengram,greengram,greengram,100,"['greengram', 'horsegram', 'panivaragu']","[100, 0, 0]"
6.3,26.3,97.3,149.5,69.5,113.4,bhendi,bhendi,bhendi,84,"['bhendi', 'cabbage', 'capsicum']","[84, 11, 5]"
6.5,43.3,65.0,62.4,49.7,56.8,groundnut,groundnut,groundnut,98,"['groundnut', 'cucumber', 'rice']","[98, 1, 0]"
5.8,25.9,16.2,38.9,28.2,24.9,varagu,varagu,varagu,77,"['varagu', 'thinai', 'ragi']","[77, 14, 6]"
6.6,27.3,77.9,97.7,45.0,49.8,rice,rice,tinda,57,"['tinda', 'annual moringa', 'peas']","[57, 20, 8]"
6.6,26.6,97.2,142.5,94.5,91.0,bhendi,bhendi,bhendi,96,"['bhendi', 'cabbage', 'capsicum']","[96, 4, 0]"
6.8,27.1,57.3,84.7,43.2,58.5,tapoica,tapoica,tapoica,96,"['tapoica', 'cucumber', 'rice']","[96, 3, 1]"
6.0,24.1,80.3,97.1,59.2,59.4,vegetable cowpea,vegetable cowpea,vegetable cowpea,50,"['vegetable cowpea', 'french bean', 'bottle gourd']","[50, 17, 12]"
7.9,21.5,81.4,77.6,33.5,25.4,sunflower,sunflower,sunflower,86,"['sunflower', 'castor', 'soyabean']","[86, 13, 0]"
7.4,39.9,79.0,93.4,41.7,45.6,rice,rice,jute,54,"['jute', 'rice', 'annual moringa']","[54, 32, 12]"
7.3,26.9,84.0,107.5,56.1,45.5,annual moringa,annual moringa,annual moringa,43,"['annual moringa', 'cotton', 'peas']","[43, 38, 15]"
6.8,39.7,56.7,48.9,28.5,35.7,horsegram,horsegram,horsegram,99,"['horsegram', 'panivaragu', 'greengram']","[99, 0, 0]"
6.3,22.2,79.6,134.5,61.6,84.6,onion,onion,onion,77,"['onion', 'chillies', 'maize']","[77, 10, 8]"
5.6,20.0,15.6,58.1,35.2,27.8,kudiraivali,kudiraivali,kudiraivali,100,"['kudiraivali', 'ragi', 'thinai']","[100, 0, 0]"
5.6,20.6,61.7,171.8,77.4,77.0,maize,maize,maize,100,"['maize', 'sugarbeet', 'carrot']","[100, 0, 0]"
7.9,37.3,64.0,85.3,56.9,56.6,rice,rice,rice,83,"['rice', 'cucumber', 'groundnut']","[83, 16, 0]"
7.8,21.4,69.9,176.9,92.9,145.0,sugarcane,sugarcane,sugarcane,100,"['sugarcane', 'sugarbeet', 'maize']","[100, 0, 0]"
6.3,22.8,72.7,126.2,67.9,70.9,sugarbeet,sugarbeet,sugarbeet,68,"['sugarbeet', 'maize', 'onion']","[68, 30, 1]"
6.4,25.2,67.9,67.6,48.7,85.2,ash gourd,ash gourd,ash gourd,55,"['ash gourd', 'pumpkin', 'bottle gourd']","[55, 45, 0]"
6.5,25.5,92.0,89.7,71.0,90.6,bitter gourd,bitter gourd,bitter gourd,51,"['bitter gourd', 'snake gourd', 'bhendi']","[51, 38, 4]"
6.2,26.9,51.9,50.5,31.6,21.8,cowpea,cowpea,cowpea,82,"['cowpea', 'horsegram', 'bengalgram']","[82, 14, 3]"
5.6,25.4,18.5,33.5,24.9,25.8,varagu,varagu,varagu,79,"['varagu', 'thinai', 'ragi']","[79, 10, 7]"
5.6,26.1,57.5,68.2,40.5,41.3,tapoica,tapoica,tapoica,97,"['tapoica', 'cowpea', 'french bean']","[97, 2, 0]"
6.4,35.6,77.8,60.6,36.1,46.4,jute,jute,jute,96,"['jute', 'horsegram', 'soyabean']","[96, 2, 1]"
6.0,22.6,85.5,98.9,40.3,48.5,sweet potato,sweet potato,sweet potato,96,"['sweet potato', 'vegetable cowpea', 'chowchow']","[96, 2, 1]"
7.3,18.4,79.5,81.3,49.7,46.4,peas,peas,peas,87,"['peas', 'cluster bean', 'cotton']","[87, 7, 3]"
6.8,18.5,65.0,95.4,76.4,78.5,carrot,carrot,carrot,72,"['carrot', 'pumpkin', 'sugarbeet']","[72, 27, 2]"
6.3,20.0,19.7,46.9,36.2,27.5,kudiraivali,kudiraivali,kudiraivali,98,"['kudiraivali', 'cowpea', 'thinai']","[98, 1, 0]"
7.3,15.9,77.0,137.6,67.8,67.0,sugarbeet,sugarbeet,sugarbeet,100,"['sugarbeet', 'tomato', 'maize']","[100, 0, 0]"
6.7,22.0,86.1,71.5,49.6,72.1,snake gourd,snake gourd,snake gourd,86,"['snake gourd', 'bottle gourd', 'bitter gourd']","[86, 13, 1]"
6.8,26.4,98.7,114.3,78.1,94.4,bhendi,bhendi,bhendi,97,"['bhendi', 'cabbage', 'capsicum']","[97, 2, 1]"
6.9,15.0,67.2,108.8,65.9,61.2,sugarbeet,sugarbeet,sugarbeet,57,"['sugarbeet', 'carrot', 'peas']","[57, 43, 0]"
6.5,21.0,75.1,112.7,44.7,100.2,tomato,tomato,onion,54,"['onion', 'tomato', 'chillies']","[54, 38, 5]"
6.0,32.4,94.3,59.2,38.1,34.8,pearl millet,pearl millet,pearl millet,86,"['pearl millet', 'soyabean', 'sorghum']","[86, 10, 1]"
6.3,29.0,90.0,144.7,40.1,90.9,brinjal,brinjal,brinjal,67,"['brinjal', 'capsicum', 'chillies']","[67, 33, 1]"
7.4,22.3,81.8,81.3,46.4,49.4,cluster bean,cluster bean,cluster bean,77,"['cluster bean', 'cotton', 'peas']","[77, 16, 6]"
6.6,30.1,63.9,37.0,22.1,31.5,greengram,greengram,greengram,99,"['greengram', 'horsegram', 'bengalgram']","[99, 1, 0]"
6.5,31.0,86.9,20.6,33.2,38.3,gingely,gingely,gingely,100,"['gingely', 'pearl millet', 'soyabean']","[100, 0, 0]"
6.4,22.1,73.6,106.9,69.3,78.8,sugarbeet,sugarbeet,sugarbeet,67,"['sugarbeet', 'tomato', 'onion']","[67, 12, 7]"
6.0,23.4,85.2,83.4,53.9,44.1,sweet potato,sweet potato,sweet potato,87,"['sweet potato', 'vegetable cowpea', 'french bean']","[87, 7, 2]"
6.9,20.8,77.2,58.6,35.0,22.7,redgram,redgram,redgram,81,"['redgram', 'soyabean', 'sunflower']","[81, 9, 9]"
6.6,23.2,95.7,91.3,41.3,56.7,cauliflower,cauliflower,cauliflower,97,"['cauliflower', 'beetroot', 'sweet potato']","[97, 1, 1]"
6.6,21.7,79.5,50.7,30.0,24.1,redgram,redgram,redgram,92,"['redgram', 'soyabean', 'sunflower']","[92, 4, 3]"
5.9,44.8,17.1,34.7,22.5,21.4,panivaragu,panivaragu,panivaragu,99,"['panivaragu', 'blackgram', 'thinai']","[99, 0, 0]"
6.2,22.8,84.1,160.0,66.1,82.5,maize,maize,maize,83,"['maize', 'onion', 'chillies']","[83, 13, 2]"
6.3,20.1,70.5,87.4,59.1,53.9,small onion,small onion,small onion,88,"['small onion', 'rice', 'chowchow']","[88, 7, 3]"
6.7,16.9,77.7,131.9,66.1,64.2,sugarbeet,sugarbeet,sugarbeet,98,"['sugarbeet', 'maize', 'tomato']","[98, 2, 0]"
6.1,24.1,88.8,88.1,43.7,67.0,snake gourd,snake gourd,snake gourd,96,"['snake gourd', 'sweet potato', 'bottle gourd']","[96, 1, 1]"
7.4,23.9,78.9,64.7,56.9,56.2,cluster bean,cluster bean,cluster bean,98,"['cluster bean', 'tinda', 'cotton']","[98, 1, 0]"
6.7,23.8,82.6,59.2,29.5,28.8,soyabean,soyabean,sunflower,33,"['sunflower', 'redgram', 'soyabean']","[33, 30, 17]"
6.7,22.1,74.7,155.5,72.4,128.0,sugarcane,sugarcane,sugarcane,99,"['sugarcane', 'tomato', 'maize']","[99, 0, 0]"
5.7,20.0,18.5,51.8,39.8,35.8,kudiraivali,kudiraivali,kudiraivali,99,"['kudiraivali', 'cowpea', 'bengalgram']","[99, 0, 0]"
7.4,27.5,60.3,22.1,21.7,28.1,greengram,greengram,greengram,100,"['greengram', 'horsegram', 'thinai']","[100, 0, 0]"
6.1,25.9,19.9,33.1,25.6,23.5,panivaragu,panivaragu,varagu,76,"['varagu', 'thinai', 'panivaragu']","[76, 13, 5]"
6.8,34.8,83.8,90.4,59.0,47.6,elephant foot yam,elephant foot yam,elephant foot yam,65,"['elephant foot yam', 'annual moringa', 'jute']","[65, 27, 3]"
6.5,32.6,72.4,82.0,44.1,49.0,jute,jute,rice,48,"['rice', 'jute', 'cucumber']","[48, 33, 12]"
6.9,32.1,69.9,29.0,26.2,20.4,greengram,greengram,greengram,100,"['greengram', 'horsegram', 'gingely']","[100, 0, 0]"
7.0,33.4,80.8,119.9,46.2,82.5,muskmelon,muskmelon,muskmelon,95,"['muskmelon', 'tomato', 'ribbed gourd']","[95, 3, 1]"
6.3,21.0,83.2,71.9,52.7,48.1,chowchow,chowchow,chowchow,93,"['chowchow', 'vegetable cowpea', 'french bean']","[93, 3, 2]"
6.7,29.0,59.6,64.9,40.7,57.9,tapoica,tapoica,tapoica,80,"['tapoica', 'cucumber', 'groundnut']","[80, 17, 2]"
6.9,26.6,78.8,45.5,24.9,38.3,redgram,redgram,redgram,89,"['redgram', 'horsegram', 'soyabean']","[89, 8, 2]"
6.1,25.7,89.5,113.6,45.2,53.9,sweet potato,sweet potato,sweet potato,99,"['sweet potato', 'cauliflower', 'peas']","[99, 0, 0]"
5.8,22.1,60.0,56.9,33.0,29.2,bengalgram,bengalgram,bengalgram,97,"['bengalgram', 'cowpea', 'soyabean']","[97, 2, 0]"
6.4,20.6,15.3,37.3,20.6,24.7,panivaragu,panivaragu,thinai,51,"['thinai', 'panivaragu', 'ragi']","[51, 27, 18]"
6.7,24.5,83.6,47.9,27.3,32.8,castor,castor,redgram,31,"['redgram', 'sunflower', 'castor']","[31, 27, 19]"
7.4,24.9,15.9,30.0,29.3,28.0,ragi,ragi,blackgram,70,"['blackgram', 'ragi', 'thinai']","[70, 25, 4]"
6.2,25.5,95.0,133.4,75.1,109.8,bhendi,bhendi,bhendi,67,"['bhendi', 'cabbage', 'capsicum']","[67, 20, 12]"
6.7,29.0,84.8,127.2,60.5,95.0,tomato,tomato,chillies,49,"['chillies', 'tomato', 'brinjal']","[49, 33, 12]"
7.8,17.2,17.6,30.6,29.5,29.0,ragi,ragi,ragi,99,"['ragi', 'blackgram', 'panivaragu']","[99, 1, 0]"
6.7,18.6,80.3,172.2,79.2,83.6,maize,maize,maize,90,"['maize', 'tomato', 'sugarbeet']","[90, 7, 2]"
6.6,30.0,100.0,106.1,40.5,50.4,cauliflower,cauliflower,cauliflower,100,"['cauliflower', 'peas', 'sweet potato']","[100, 0, 0]"
6.1,25.8,81.8,169.5,84.2,69.4,maize,maize,maize,100,"['maize', 'chillies', 'sugarbeet']","[100, 0, 0]"
5.2,24.6,91.7,68.2,36.8,21.4,castor,castor,castor,100,"['castor', 'pearl millet', 'soyabean']","[100, 0, 0]"
6.2,15.8,94.4,134.1,56.2,119.9,capsicum,capsicum,capsicum,81,"['capsicum', 'cabbage', 'brinjal']","[81, 19, 0]"
6.0,20.5,67.3,71.5,43.9,60.3,pumpkin,pumpkin,small onion,50,"['small onion', 'pumpkin', 'chowchow']","[50, 39, 5]"
6.3,16.4,67.6,75.5,55.4,54.3,small onion,small onion,small onion,97,"['small onion', 'groundnut', 'pumpkin']","[97, 3, 0]"
7.1,37.1,18.0,38.4,30.0,30.3,blackgram,blackgram,blackgram,92,"['blackgram', 'panivaragu', 'samai']","[92, 8, 0]"
5.9,20.0,82.7,97.5,57.1,41.6,chowchow,chowchow,chowchow,54,"['chowchow', 'french bean', 'vegetable cowpea']","[54, 19, 15]"
7.4,30.9,68.8,34.4,37.1,20.2,greengram,greengram,greengram,99,"['greengram', 'horsegram', 'gingely']","[99, 1, 0]"
6.7,17.3,99.0,70.9,42.3,51.1,radish,radish,radish,49,"['radish', 'sorghum', 'beetroot']","[49, 26, 22]"
8.7,37.8,15.6,34.0,22.5,21.9,samai,samai,samai,100,"['samai', 'blackgram', 'panivaragu']","[100, 0, 0]"
6.4,34.3,94.8,20.3,31.5,26.4,gingely,gingely,gingely,100,"['gingely', 'pearl millet', 'soyabean']","[100, 0, 0]"
7.1,28.8,83.3,83.3,49.6,36.5,jute,jute,jute,56,"['jute', 'tinda', 'annual moringa']","[56, 24, 9]"
7.4,24.0,90.1,55.5,33.3,33.3,pearl millet,pearl millet,sunflower,63,"['sunflower', 'castor', 'pearl millet']","[63, 30, 6]"
7.3,28.2,79.6,133.9,41.3,91.0,tomato,tomato,tomato,86,"['tomato', 'muskmelon', 'chillies']","[86, 8, 4]"
8.0,24.0,70.7,82.6,54.9,49.0,rice,rice,cotton,44,"['cotton', 'rice', 'cluster bean']","[44, 44, 9]"
6.8,21.1,80.9,55.7,30.4,39.2,sunflower,sunflower,redgram,63,"['redgram', 'sunflower', 'soyabean']","[63, 22, 10]"
5.8,23.4,18.3,31.4,25.2,20.7,panivaragu,panivaragu,thinai,50,"['thinai', 'ragi', 'panivaragu']","[50, 21, 15]"
6.3,37.5,88.8,47.7,35.2,22.1,pearl millet,pearl millet,pearl millet,99,"['pearl millet', 'soyabean', 'gingely']","[99, 1, 0]"
6.7,24.0,68.6,84.4,44.8,69.8,ash gourd,ash gourd,pumpkin,82,"['pumpkin', 'ash gourd', 'watermelon']","[82, 11, 3]"
6.0,27.3,84.1,70.0,28.4,36.1,soyabean,soyabean,soyabean,78,"['soyabean', 'jute', 'castor']","[78, 11, 6]"
5.7,26.0,18.7,30.8,27.2,25.8,varagu,varagu,varagu,77,"['varagu', 'thinai', 'ragi']","[77, 11, 7]"
6.1,11.7,98.7,90.6,40.0,48.9,radish,radish,radish,97,"['radish', 'cauliflower', 'beetroot']","[97, 2, 1]"
6.1,25.9,87.0,95.8,59.3,64.6,snake gourd,snake gourd,snake gourd,90,"['snake gourd', 'bitter gourd', 'sweet potato']","[90, 4, 2]"
6.7,25.0,67.4,87.6,50.1,64.3,pumpkin,pumpkin,pumpkin,62,"['pumpkin', 'ash gourd', 'watermelon']","[62, 34, 1]"
6.5,29.5,54.5,80.3,51.9,95.4,ash gourd,ash gourd,ash gourd,100,"['ash gourd', 'pumpkin', 'tapoica']","[100, 0, 0]"
6.3,20.0,15.4,58.7,31.7,31.3,kudiraivali,kudiraivali,kudiraivali,100,"['kudiraivali', 'thinai', 'ragi']","[100, 0, 0]"
6.4,19.8,89.3,70.8,59.4,95.8,snake gourd,snake gourd,snake gourd,99,"['snake gourd', 'bottle gourd', 'bitter gourd']","[99, 1, 0]"
6.4,19.3,90.8,124.4,72.1,85.5,cabbage,cabbage,cabbage,53,"['cabbage', 'capsicum', 'brinjal']","[53, 43, 4]"
6.2,24.3,91.7,74.8,26.0,39.2,soyabean,soyabean,castor,56,"['castor', 'soyabean', 'sunflower']","[56, 39, 4]"
7.3,33.0,17.3,20.4,35.7,23.2,blackgram,blackgram,blackgram,100,"['blackgram', 'panivaragu', 'samai']","[100, 0, 0]"
6.9,26.8,77.8,115.9,55.7,97.0,watermelon,watermelon,tomato,33,"['tomato', 'watermelon', 'muskmelon']","[33, 30, 20]"
6.6,18.4,93.6,109.4,68.1,109.7,capsicum,capsicum,capsicum,70,"['capsicum', 'cabbage', 'brinjal']","[70, 25, 5]"
7.4,30.8,87.9,85.3,36.3,37.9,jute,jute,jute,99,"['jute', 'soyabean', 'tinda']","[99, 0, 0]"
6.7,26.1,61.5,35.1,33.4,36.8,greengram,greengram,greengram,98,"['greengram', 'bengalgram', 'horsegram']","[98, 1, 1]"
5.7,27.5,77.4,61.0,44.5,49.7,vegetable cowpea,vegetable cowpea,vegetable cowpea,85,"['vegetable cowpea', 'elephant foot yam', 'french bean']","[85, 10, 4]"
5.9,16.0,92.8,109.2,65.1,95.6,capsicum,capsicum,capsicum,66,"['capsicum', 'cabbage', 'brinjal']","[66, 34, 0]"
6.1,28.6,90.0,116.8,74.7,86.6,brinjal,brinjal,brinjal,64,"['brinjal', 'capsicum', 'chillies']","[64, 34, 1]"
6.9,28.7,60.0,41.7,27.1,21.0,bengalgram,bengalgram,bengalgram,74,"['bengalgram', 'horsegram', 'greengram']","[74, 13, 12]"
7.5,27.1,81.6,91.5,58.8,58.4,tinda,tinda,tinda,34,"['tinda', 'cotton', 'annual moringa']","[34, 30, 24]"
5.9,24.3,78.6,106.2,79.4,105.9,onion,onion,onion,76,"['onion', 'chillies', 'maize']","[76, 23, 0]"
7.4,33.6,82.3,104.2,54.2,70.8,muskmelon,muskmelon,muskmelon,93,"['muskmelon', 'ribbed gourd', 'annual moringa']","[93, 6, 1]"
6.4,25.4,51.2,41.7,26.4,34.4,cowpea,cowpea,cowpea,85,"['cowpea', 'horsegram', 'bengalgram']","[85, 10, 3]"
7.4,23.6,65.4,162.3,88.9,123.1,sugarcane,sugarcane,sugarcane,100,"['sugarcane', 'maize', 'sugarbeet']","[100, 0, 0]"
6.4,30.2,58.6,71.4,41.1,89.7,ash gourd,ash gourd,ash gourd,100,"['ash gourd', 'pumpkin', 'tapoica']","[100, 0, 0]"
5.9,18.1,83.2,70.0,57.8,46.3,chowchow,chowchow,french bean,50,"['french bean', 'chowchow', 'vegetable cowpea']","[50, 48, 2]"
6.9,20.7,94.3,107.3,56.7,87.0,capsicum,capsicum,capsicum,91,"['capsicum', 'brinjal', 'cabbage']","[91, 7, 2]"
6.9,26.3,77.5,56.8,20.1,36.8,redgram,redgram,redgram,81,"['redgram', 'soyabean', 'horsegram']","[81, 11, 8]"
7.0,18.0,90.0,117.8,44.0,99.3,brinjal,brinjal,brinjal,70,"['brinjal', 'capsicum', 'tomato']","[70, 28, 1]"
7.0,25.7,84.4,114.9,57.6,70.2,watermelon,watermelon,watermelon,62,"['watermelon', 'muskmelon', 'tomato']","[62, 32, 2]"
6.6,14.1,96.8,89.4,51.2,45.3,radish,radish,radish,53,"['radish', 'cauliflower', 'beetroot']","[53, 46, 0]"
5.6,15.7,77.3,68.4,49.6,53.8,french bean,french bean,french bean,98,"['french bean', 'chowchow', 'vegetable cowpea']","[98, 1, 0]"
8.7,27.1,19.5,36.5,29.7,26.2,samai,samai,samai,99,"['samai', 'ragi', 'blackgram']","[99, 0, 0]"
6.3,24.9,63.0,97.9,70.1,99.1,ash gourd,ash gourd,ash gourd,63,"['ash gourd', 'pumpkin', 'maize']","[63, 36, 0]"
6.6,32.4,77.2,87.3,45.7,71.9,muskmelon,muskmelon,muskmelon,62,"['muskmelon', 'ribbed gourd', 'bitter gourd']","[62, 34, 1]"
6.0,23.7,86.0,77.4,73.4,74.9,snake gourd,snake gourd,snake gourd,97,"['snake gourd', 'bottle gourd', 'bitter gourd']","[97, 2, 1]"
6.9,39.7,93.0,62.7,53.7,42.2,sorghum,sorghum,sorghum,99,"['sorghum', 'jute', 'pearl millet']","[99, 1, 0]"
7.0,21.0,84.5,129.6,49.8,117.6,tomato,tomato,tomato,93,"['tomato', 'onion', 'brinjal']","[93, 4, 1]"
7.1,25.6,84.6,108.9,46.8,82.7,watermelon,watermelon,watermelon,65,"['watermelon', 'muskmelon', 'tomato']","[65, 23, 10]"
8.0,24.5,71.6,118.7,47.0,59.6,cotton,cotton,cotton,92,"['cotton', 'peas', 'rice']","[92, 3, 2]"
6.2,24.1,77.2,121.8,76.6,63.4,sugarbeet,sugarbeet,sugarbeet,62,"['sugarbeet', 'maize', 'onion']","[62, 29, 5]"
5.9,10.3,76.7,67.0,41.7,56.2,french bean,french bean,french bean,99,"['french bean', 'chowchow', 'peas']","[99, 0, 0]"
6.0,22.0,78.9,133.9,70.4,84.9,maize,maize,onion,79,"['onion', 'maize', 'chillies']","[79, 14, 4]"
7.1,30.0,97.3,34.8,37.3,21.9,gingely,gingely,gingely,100,"['gingely', 'pearl millet', 'castor']","[100, 0, 0]"
6.0,21.9,76.3,128.3,66.4,119.7,onion,onion,onion,93,"['onion', 'chillies', 'maize']","[93, 5, 1]"
5.6,20.7,60.0,57.8,29.4,24.0,bengalgram,bengalgram,bengalgram,97,"['bengalgram', 'cowpea', 'kudiraivali']","[97, 2, 0]"
6.5,15.3,96.9,89.2,54.2,41.5,cauliflower,cauliflower,radish,67,"['radish', 'cauliflower', 'beetroot']","[67, 32, 1]"
6.6,28.2,59.8,54.9,23.8,27.0,horsegram,horsegram,bengalgram,57,"['bengalgram', 'horsegram', 'cowpea']","[57, 37, 3]"
7.4,23.8,75.3,139.8,58.4,80.5,tomato,tomato,tomato,72,"['tomato', 'sugarbeet', 'watermelon']","[72, 21, 3]"
8.0,26.6,80.7,96.2,46.1,44.2,annual moringa,annual moringa,cotton,43,"['cotton', 'annual moringa', 'cluster bean']","[43, 39, 7]"
6.8,25.2,79.8,78.9,59.8,99.2,bitter gourd,bitter gourd,bitter gourd,45,"['bitter gourd', 'ribbed gourd', 'bottle gourd']","[45, 35, 13]"
7.2,25.1,72.4,69.9,30.1,43.6,jute,jute,jute,94,"['jute', 'soyabean', 'cucumber']","[94, 2, 1]"
7.0,11.2,71.9,118.6,41.2,44.5,peas,peas,peas,100,"['peas', 'small onion', 'cotton']","[100, 0, 0]"
6.9,26.7,77.6,53.4,35.9,30.2,redgram,redgram,redgram,83,"['redgram', 'horsegram', 'soyabean']","[83, 9, 6]"
6.4,20.1,20.0,37.6,27.1,22.2,thinai,thinai,cowpea,40,"['cowpea', 'panivaragu', 'ragi']","[40, 19, 18]"
6.8,25.1,65.0,73.0,50.1,44.1,groundnut,groundnut,groundnut,73,"['groundnut', 'cucumber', 'small onion']","[73, 24, 1]"
6.8,26.4,88.2,80.9,60.1,72.7,bitter gourd,bitter gourd,bitter gourd,78,"['bitter gourd', 'snake gourd', 'bottle gourd']","[78, 19, 1]"
6.6,19.9,97.4,102.6,46.4,46.0,cauliflower,cauliflower,cauliflower,84,"['cauliflower', 'beetroot', 'radish']","[84, 16, 0]"
8.7,38.8,15.4,35.9,23.6,21.6,samai,samai,samai,100,"['samai', 'blackgram', 'panivaragu']","[100, 0, 0]"
6.6,25.4,95.7,102.0,75.9,87.0,bhendi,bhendi,bhendi,94,"['bhendi', 'cabbage', 'capsicum']","[94, 3, 2]"
7.1,37.0,69.2,57.8,24.0,35.2,horsegram,horsegram,horsegram,99,"['horsegram', 'greengram', 'jute']","[99, 0, 0]"
6.2,20.0,19.5,55.4,35.9,33.5,kudiraivali,kudiraivali,kudiraivali,99,"['kudiraivali', 'cowpea', 'bengalgram']","[99, 1, 0]"
7.6,20.0,86.8,55.5,39.2,39.7,sunflower,sunflower,sunflower,88,"['sunflower', 'pearl millet', 'castor']","[88, 8, 2]"
6.1,25.1,53.8,77.8,74.4,64.4,ash gourd,ash gourd,ash gourd,97,"['ash gourd', 'pumpkin', 'tapoica']","[97, 3, 0]"
5.5,29.5,92.6,131.2,64.6,116.1,capsicum,capsicum,capsicum,99,"['capsicum', 'brinjal', 'cabbage']","[99, 1, 0]"
6.8,20.8,81.4,77.4,25.3,20.8,soyabean,soyabean,sunflower,66,"['sunflower', 'soyabean', 'redgram']","[66, 29, 3]"
5.7,11.0,83.3,66.2,57.1,57.2,french bean,french bean,french bean,99,"['french bean', 'chowchow', 'radish']","[99, 0, 0]"
6.7,14.3,98.0,78.4,41.5,43.0,radish,radish,radish,88,"['radish', 'cauliflower', 'sorghum']","[88, 6, 4]"
6.3,23.2,51.5,83.2,41.4,45.3,wheat,wheat,wheat,97,"['wheat', 'tapoica', 'rice']","[97, 2, 0]"
6.2,23.9,80.9,129.5,72.2,66.6,maize,maize,maize,67,"['maize', 'sugarbeet', 'onion']","[67, 16, 11]"
6.6,21.1,59.8,95.2,57.3,48.1,wheat,wheat,wheat,96,"['wheat', 'rice', 'small onion']","[96, 2, 1]"
6.4,16.3,66.7,69.8,43.4,40.2,small onion,small onion,small onion,83,"['small onion', 'groundnut', 'soyabean']","[83, 16, 1]"
5.5,29.6,51.2,51.3,38.4,27.1,cowpea,cowpea,cowpea,97,"['cowpea', 'bengalgram', 'horsegram']","[97, 2, 1]"
6.3,38.7,83.4,53.2,21.6,24.9,pearl millet,pearl millet,pearl millet,95,"['pearl millet', 'soyabean', 'horsegram']","[95, 3, 2]"
7.8,23.7,83.2,91.6,49.2,42.8,cotton,cotton,cluster bean,71,"['cluster bean', 'cotton', 'peas']","[71, 27, 1]"
5.7,17.4,81.6,82.8,58.0,41.2,french bean,french bean,french bean,94,"['french bean', 'chowchow', 'vegetable cowpea']","[94, 6, 1]"
6.7,28.3,83.2,70.9,42.0,78.6,bitter gourd,bitter gourd,bitter gourd,63,"['bitter gourd', 'ribbed gourd', 'bottle gourd']","[63, 33, 1]"
6.9,26.5,60.9,62.6,74.4,76.4,pumpkin,pumpkin,pumpkin,70,"['pumpkin', 'ash gourd', 'ribbed gourd']","[70, 30, 0]"
6.2,24.3,76.7,146.1,45.7,117.1,chillies,chillies,onion,49,"['onion', 'chillies', 'sugarcane']","[49, 44, 5]"
7.0,21.5,80.4,92.0,55.1,54.9,peas,peas,cluster bean,39,"['cluster bean', 'peas', 'cotton']","[39, 35, 20]"
6.9,38.6,99.5,79.8,42.5,43.7,sorghum,sorghum,sorghum,98,"['sorghum', 'jute', 'cauliflower']","[98, 1, 1]"
6.7,26.3,90.0,115.5,74.9,97.6,brinjal,brinjal,brinjal,78,"['brinjal', 'capsicum', 'bhendi']","[78, 18, 1]"
6.6,27.9,87.1,75.2,45.2,61.6,bitter gourd,bitter gourd,bitter gourd,92,"['bitter gourd', 'snake gourd', 'ribbed gourd']","[92, 3, 2]"
6.9,30.2,84.0,102.3,50.4,60.9,muskmelon,muskmelon,muskmelon,66,"['muskmelon', 'annual moringa', 'ribbed gourd']","[66, 13, 8]"
5.6,13.1,98.7,93.5,58.2,50.4,radish,radish,radish,100,"['radish', 'cauliflower', 'beetroot']","[100, 0, 0]"
6.8,26.5,97.3,71.7,42.9,45.7,sorghum,sorghum,sorghum,96,"['sorghum', 'cauliflower', 'jute']","[96, 3, 0]"
6.9,20.8,98.8,93.8,41.0,44.8,beetroot,beetroot,beetroot,88,"['beetroot', 'cauliflower', 'sorghum']","[88, 12, 0]"
8.8,31.6,16.9,33.4,28.3,25.0,samai,samai,samai,100,"['samai', 'blackgram', 'ragi']","[100, 0, 0]"
6.6,28.0,76.6,54.5,34.5,26.9,horsegram,horsegram,redgram,73,"['redgram', 'horsegram', 'soyabean']","[73, 13, 13]"
6.7,20.0,15.0,57.2,26.2,35.6,kudiraivali,kudiraivali,kudiraivali,100,"['kudiraivali', 'ragi', 'thinai']","[100, 0, 0]"
7.4,23.8,84.9,89.7,54.2,41.7,cotton,cotton,cluster bean,44,"['cluster bean', 'cotton', 'peas']","[44, 40, 15]"
5.5,21.9,60.0,60.0,26.6,27.4,bengalgram,bengalgram,bengalgram,96,"['bengalgram', 'cowpea', 'soyabean']","[96, 4, 0]"
6.6,28.9,80.8,71.1,58.0,48.1,tinda,tinda,tinda,64,"['tinda', 'elephant foot yam', 'jute']","[64, 32, 1]"
6.9,33.0,77.8,93.1,77.1,70.2,ribbed gourd,ribbed gourd,ribbed gourd,92,"['ribbed gourd', 'muskmelon', 'bitter gourd']","[92, 4, 2]"
6.0,34.9,79.9,85.2,54.9,53.1,rice,rice,elephant foot yam,57,"['elephant foot yam', 'rice', 'jute']","[57, 35, 3]"
5.5,24.5,17.7,34.7,20.4,24.4,ragi,ragi,thinai,39,"['thinai', 'varagu', 'ragi']","[39, 27, 26]"
6.4,26.6,95.8,132.8,77.4,92.0,bhendi,bhendi,bhendi,86,"['bhendi', 'cabbage', 'capsicum']","[86, 11, 3]"
6.3,28.1,77.1,113.5,44.9,109.3,chillies,chillies,chillies,95,"['chillies', 'tomato', 'watermelon']","[95, 3, 1]"
6.0,23.3,82.6,56.2,31.5,23.2,castor,castor,castor,44,"['castor', 'pearl millet', 'soyabean']","[44, 30, 24]"
6.3,20.0,19.7,42.2,34.2,27.4,kudiraivali,kudiraivali,kudiraivali,97,"['kudiraivali', 'cowpea', 'ragi']","[97, 2, 1]"
6.7,26.0,96.6,134.4,67.1,116.6,bhendi,bhendi,bhendi,89,"['bhendi', 'capsicum', 'cabbage']","[89, 6, 4]"
6.4,26.3,83.8,63.4,46.4,78.4,bottle gourd,bottle gourd,bottle gourd,66,"['bottle gourd', 'bitter gourd', 'snake gourd']","[66, 19, 8]"
6.0,20.0,17.8,46.1,23.1,38.1,kudiraivali,kudiraivali,kudiraivali,99,"['kudiraivali', 'thinai', 'ragi']","[99, 0, 0]"
6.7,29.2,82.9,120.6,62.5,99.6,chillies,chillies,chillies,56,"['chillies', 'tomato', 'muskmelon']","[56, 37, 3]"
8.5,25.3,96.0,79.4,29.0,23.1,castor,castor,castor,88,"['castor', 'sunflower', 'soyabean']","[88, 12, 0]"
7.0,30.8,50.7,56.1,39.0,39.8,horsegram,horsegram,horsegram,88,"['horsegram', 'cowpea', 'tapoica']","[88, 8, 2]"
6.5,24.1,76.9,55.8,28.0,33.4,redgram,redgram,redgram,76,"['redgram', 'soyabean', 'sunflower']","[76, 20, 1]"
5.8,23.0,84.1,124.4,48.5,89.8,onion,onion,onion,75,"['onion', 'capsicum', 'brinjal']","[75, 11, 10]"
5.7,18.4,91.8,133.7,41.6,88.9,capsicum,capsicum,capsicum,99,"['capsicum', 'cabbage', 'brinjal']","[99, 0, 0]"
7.7,29.4,79.5,110.4,50.4,49.5,cotton,cotton,annual moringa,69,"['annual moringa', 'cotton', 'peas']","[69, 29, 2]"
6.0,32.0,74.5,60.8,38.7,30.6,jute,jute,soyabean,48,"['soyabean', 'jute', 'horsegram']","[48, 39, 13]"
6.4,21.6,61.9,89.6,49.1,74.2,pumpkin,pumpkin,pumpkin,97,"['pumpkin', 'ash gourd', 'rice']","[97, 1, 0]"
6.4,19.1,78.0,68.3,52.4,84.6,bottle gourd,bottle gourd,bottle gourd,99,"['bottle gourd', 'snake gourd', 'pumpkin']","[99, 1, 0]"
6.5,25.2,15.0,31.0,27.0,22.0,panivaragu,panivaragu,varagu,50,"['varagu', 'thinai', 'panivaragu']","[50, 25, 13]"
7.1,32.4,91.8,60.3,54.3,53.2,sorghum,sorghum,sorghum,100,"['sorghum', 'jute', 'elephant foot yam']","[100, 0, 0]"
5.9,11.3,84.9,76.8,45.6,49.3,french bean,french bean,french bean,94,"['french bean', 'radish', 'chowchow']","[94, 5, 1]"
6.7,19.5,65.0,59.4,57.3,54.9,groundnut,groundnut,groundnut,97,"['groundnut', 'small onion', 'pumpkin']","[97, 3, 0]"
5.6,24.6,80.1,62.4,50.0,41.5,vegetable cowpea,vegetable cowpea,vegetable cowpea,61,"['vegetable cowpea', 'french bean', 'elephant foot yam']","[61, 34, 4]"
7.0,33.7,64.0,74.5,48.9,51.0,cucumber,cucumber,cucumber,88,"['cucumber', 'groundnut', 'rice']","[88, 10, 1]"
6.7,25.1,98.0,111.8,92.3,89.8,bhendi,bhendi,bhendi,97,"['bhendi', 'cabbage', 'capsicum']","[97, 3, 0]"
6.7,32.8,76.5,97.6,54.5,97.2,muskmelon,muskmelon,muskmelon,70,"['muskmelon', 'ribbed gourd', 'ash gourd']","[70, 25, 4]"
6.9,34.7,50.5,50.0,28.6,24.4,horsegram,horsegram,horsegram,99,"['horsegram', 'panivaragu', 'greengram']","[99, 1, 0]"
6.8,37.6,84.4,83.4,45.1,40.8,jute,jute,jute,60,"['jute', 'elephant foot yam', 'annual moringa']","[60, 23, 12]"
6.0,27.9,84.7,80.9,57.1,57.4,elephant foot yam,elephant foot yam,elephant foot yam,64,"['elephant foot yam', 'vegetable cowpea', 'french bean']","[64, 32, 1]"
8.2,23.3,84.4,87.2,50.0,57.6,cluster bean,cluster bean,cluster bean,91,"['cluster bean', 'cotton', 'rice']","[91, 9, 0]"
6.6,27.6,86.4,69.9,32.7,25.0,soyabean,soyabean,soyabean,89,"['soyabean', 'jute', 'castor']","[89, 5, 2]"
7.6,32.2,95.2,25.2,31.5,25.4,gingely,gingely,gingely,100,"['gingely', 'pearl millet', 'castor']","[100, 0, 0]"
6.9,25.0,80.9,42.2,24.5,39.5,redgram,redgram,redgram,71,"['redgram', 'pearl millet', 'castor']","[71, 9, 8]"
6.6,18.1,94.5,62.9,44.7,42.8,sorghum,sorghum,sorghum,71,"['sorghum', 'beetroot', 'radish']","[71, 24, 4]"
6.8,26.6,66.1,65.2,40.8,42.5,cucumber,cucumber,cucumber,71,"['cucumber', 'groundnut', 'jute']","[71, 21, 3]"
6.3,26.4,16.3,38.3,25.5,25.0,varagu,varagu,varagu,79,"['varagu', 'thinai', 'ragi']","[79, 12, 4]"
6.7,25.4,71.9,57.9,30.0,26.2,soyabean,soyabean,soyabean,51,"['soyabean', 'horsegram', 'redgram']","[51, 39, 8]"
5.9,25.2,53.4,48.8,27.4,37.6,cowpea,cowpea,cowpea,94,"['cowpea', 'bengalgram', 'horsegram']","[94, 3, 2]"
5.8,21.5,17.1,38.6,22.6,27.0,panivaragu,panivaragu,thinai,53,"['thinai', 'ragi', 'panivaragu']","[53, 27, 18]"
6.7,18.2,68.6,85.3,47.2,45.3,small onion,small onion,small onion,92,"['small onion', 'peas', 'groundnut']","[92, 5, 2]"
7.2,28.0,77.7,82.9,53.8,46.3,tinda,tinda,tinda,57,"['tinda', 'annual moringa', 'cotton']","[57, 19, 14]"
6.1,26.6,98.8,78.1,47.6,41.5,sorghum,sorghum,sorghum,89,"['sorghum', 'cauliflower', 'castor']","[89, 10, 0]"
6.7,14.6,71.7,99.1,58.9,45.8,peas,peas,peas,72,"['peas', 'small onion', 'groundnut']","[72, 28, 0]"
6.2,21.4,76.0,129.5,40.0,107.5,onion,onion,onion,96,"['onion', 'chillies', 'tomato']","[96, 3, 1]"
6.8,32.7,61.8,73.5,46.2,49.1,cucumber,cucumber,cucumber,86,"['cucumber', 'groundnut', 'rice']","[86, 12, 1]"
6.1,10.3,94.6,132.4,77.8,111.8,cabbage,cabbage,cabbage,98,"['cabbage', 'capsicum', 'brinjal']","[98, 2, 0]"
6.7,20.3,77.4,53.4,21.6,21.9,redgram,redgram,redgram,92,"['redgram', 'soyabean', 'sunflower']","[92, 6, 2]"
7.4,29.2,17.8,30.0,35.0,39.7,blackgram,blackgram,blackgram,100,"['blackgram', 'greengram', 'samai']","[100, 0, 0]"
6.7,21.4,86.8,76.8,26.8,26.3,sunflower,sunflower,sunflower,64,"['sunflower', 'soyabean', 'castor']","[64, 31, 5]"
5.7,29.1,84.5,81.0,41.4,42.1,vegetable cowpea,vegetable cowpea,vegetable cowpea,56,"['vegetable cowpea', 'elephant foot yam', 'jute']","[56, 37, 3]"
6.5,30.7,63.4,33.9,20.9,37.5,greengram,greengram,greengram,96,"['greengram', 'horsegram', 'cowpea']","[96, 3, 0]"
6.1,23.7,88.2,116.4,58.9,57.1,sweet potato,sweet potato,sweet potato,100,"['sweet potato', 'peas', 'snake gourd']","[100, 0, 0]"
6.1,18.4,98.3,88.4,42.8,46.5,beetroot,beetroot,beetroot,90,"['beetroot', 'radish', 'cauliflower']","[90, 8, 1]"
6.2,27.7,63.2,86.4,77.3,64.8,ash gourd,ash gourd,ash gourd,96,"['ash gourd', 'pumpkin', 'rice']","[96, 4, 0]"
7.0,34.2,76.4,85.4,42.8,43.3,annual moringa,annual moringa,jute,48,"['jute', 'annual moringa', 'rice']","[48, 34, 11]"
6.3,18.7,69.6,87.5,64.6,88.8,carrot,carrot,pumpkin,58,"['pumpkin', 'carrot', 'bottle gourd']","[58, 41, 1]"
6.2,20.0,17.9,42.1,31.2,30.4,kudiraivali,kudiraivali,kudiraivali,99,"['kudiraivali', 'ragi', 'thinai']","[99, 0, 0]"
6.8,25.2,83.3,74.8,58.4,57.1,elephant foot yam,elephant foot yam,tinda,42,"['tinda', 'elephant foot yam', 'bitter gourd']","[42, 40, 8]"
6.7,26.3,87.2,61.6,54.6,99.2,bitter gourd,bitter gourd,bitter gourd,69,"['bitter gourd', 'snake gourd', 'bottle gourd']","[69, 27, 2]"
8.4,25.2,94.9,46.9,33.8,30.6,castor,castor,castor,89,"['castor', 'sunflower', 'pearl millet']","[89, 10, 1]"
6.8,21.8,18.2,39.8,24.3,26.3,ragi,ragi,thinai,54,"['thinai', 'ragi', 'panivaragu']","[54, 19, 18]"
5.1,21.4,53.2,59.8,26.0,23.5,cowpea,cowpea,cowpea,98,"['cowpea', 'bengalgram', 'kudiraivali']","[98, 2, 0]"
7.4,18.3,81.5,134.3,60.0,84.8,tomato,tomato,tomato,83,"['tomato', 'sugarbeet', 'brinjal']","[83, 15, 1]"
6.7,7.0,97.0,88.4,51.9,43.2,cauliflower,cauliflower,cauliflower,94,"['cauliflower', 'radish', 'peas']","[94, 5, 0]"
5.9,14.7,89.6,55.7,25.1,36.9,pearl millet,pearl millet,pearl millet,90,"['pearl millet', 'soyabean', 'radish']","[90, 9, 0]"
7.0,20.2,70.5,91.1,45.5,53.0,peas,peas,small onion,59,"['small onion', 'peas', 'rice']","[59, 20, 10]"
6.4,23.1,83.7,149.7,46.4,96.2,onion,onion,onion,72,"['onion', 'chillies', 'tomato']","[72, 25, 2]"
5.2,15.5,15.4,32.1,22.0,25.8,ragi,ragi,ragi,88,"['ragi', 'panivaragu', 'thinai']","[88, 12, 0]"
6.4,23.8,93.3,116.0,62.6,111.1,capsicum,capsicum,cabbage,40,"['cabbage', 'capsicum', 'bhendi']","[40, 38, 19]"
6.6,26.0,76.0,119.9,56.9,59.8,annual moringa,annual moringa,annual moringa,44,"['annual moringa', 'peas', 'watermelon']","[44, 20, 15]"
5.6,27.8,15.7,39.4,26.1,23.0,thinai,thinai,thinai,55,"['thinai', 'varagu', 'panivaragu']","[55, 26, 14]"
6.6,23.9,79.4,55.3,34.4,33.6,redgram,redgram,redgram,89,"['redgram', 'soyabean', 'sunflower']","[89, 6, 2]"
5.8,25.8,75.6,96.7,42.1,52.6,vegetable cowpea,vegetable cowpea,vegetable cowpea,57,"['vegetable cowpea', 'french bean', 'rice']","[57, 26, 12]"
6.0,25.2,77.6,112.9,70.8,110.5,chillies,chillies,chillies,79,"['chillies', 'onion', 'watermelon']","[79, 18, 1]"
6.6,25.3,99.5,128.8,61.5,118.7,bhendi,bhendi,bhendi,88,"['bhendi', 'cabbage', 'capsicum']","[88, 6, 6]"
5.8,27.5,20.0,39.6,24.6,22.4,panivaragu,panivaragu,cowpea,61,"['cowpea', 'varagu', 'thinai']","[61, 25, 7]"
7.5,16.8,66.1,133.4,64.2,79.2,sugarbeet,sugarbeet,sugarbeet,99,"['sugarbeet', 'carrot', 'maize']","[99, 1, 0]"
6.2,25.7,84.0,86.3,48.4,92.0,watermelon,watermelon,watermelon,52,"['watermelon', 'bottle gourd', 'bitter gourd']","[52, 27, 10]"
6.2,16.1,68.0,85.4,94.2,75.5,carrot,carrot,carrot,100,"['carrot', 'pumpkin', 'sugarbeet']","[100, 0, 0]"
7.1,21.8,77.5,77.8,58.1,46.8,cluster bean,cluster bean,cluster bean,93,"['cluster bean', 'cotton', 'peas']","[93, 4, 1]"
6.5,20.8,51.7,32.6,37.0,20.2,cowpea,cowpea,cowpea,91,"['cowpea', 'thinai', 'panivaragu']","[91, 4, 2]"
5.6,26.9,60.0,52.4,37.8,36.5,bengalgram,bengalgram,bengalgram,95,"['bengalgram', 'cowpea', 'horsegram']","[95, 4, 0]"
7.1,31.0,92.7,41.3,33.8,32.7,pearl millet,pearl millet,pearl millet,62,"['pearl millet', 'gingely', 'soyabean']","[62, 37, 0]"
6.3,21.0,73.6,99.8,58.6,58.5,small onion,small onion,small onion,61,"['small onion', 'sugarbeet', 'rice']","[61, 19, 10]"
7.2,27.6,90.0,123.0,55.3,117.1,brinjal,brinjal,brinjal,94,"['brinjal', 'capsicum', 'tomato']","[94, 4, 2]"
6.2,17.6,66.0,113.1,98.0,65.9,carrot,carrot,carrot,98,"['carrot', 'sugarbeet', 'maize']","[98, 2, 0]"
7.3,24.8,79.5,102.4,45.4,71.6,watermelon,watermelon,watermelon,92,"['watermelon', 'muskmelon', 'tomato']","[92, 5, 1]"
7.5,25.3,73.9,84.1,54.4,53.3,cotton,cotton,cotton,53,"['cotton', 'rice', 'cluster bean']","[53, 19, 7]"
6.2,17.6,92.5,67.0,54.5,56.5,sorghum,sorghum,sorghum,70,"['sorghum', 'beetroot', 'radish']","[70, 21, 8]"
6.5,18.8,89.2,81.8,78.3,69.8,snake gourd,snake gourd,snake gourd,99,"['snake gourd', 'bottle gourd', 'brinjal']","[99, 1, 0]"
7.2,25.7,77.7,113.3,59.1,69.9,watermelon,watermelon,watermelon,67,"['watermelon', 'muskmelon', 'tomato']","[67, 28, 2]"
5.9,25.5,19.7,34.8,20.5,20.1,varagu,varagu,varagu,81,"['varagu', 'thinai', 'ragi']","[81, 10, 4]"
8.6,37.1,18.0,37.5,20.2,24.9,samai,samai,samai,100,"['samai', 'blackgram', 'panivaragu']","[100, 0, 0]"
6.9,22.8,78.6,86.3,53.3,57.8,rice,rice,cluster bean,35,"['cluster bean', 'peas', 'cotton']","[35, 33, 12]"
6.8,19.8,64.4,102.9,69.5,86.7,carrot,carrot,carrot,85,"['carrot', 'pumpkin', 'maize']","[85, 9, 3]"
6.1,20.0,90.0,145.3,46.9,114.6,brinjal,brinjal,brinjal,65,"['brinjal', 'capsicum', 'onion']","[65, 34, 1]"
5.8,17.2,82.6,63.2,59.9,41.4,french bean,french bean,french bean,92,"['french bean', 'chowchow', 'vegetable cowpea']","[92, 7, 1]"
8.0,20.4,93.3,69.9,30.8,23.4,sunflower,sunflower,sunflower,93,"['sunflower', 'castor', 'soyabean']","[93, 7, 0]"
5.9,25.1,88.0,81.5,44.2,44.0,sweet potato,sweet potato,sweet potato,93,"['sweet potato', 'vegetable cowpea', 'french bean']","[93, 3, 1]"
7.0,19.8,90.0,110.3,66.8,90.1,brinjal,brinjal,brinjal,90,"['brinjal', 'capsicum', 'tomato']","[90, 9, 1]"
7.2,25.7,67.5,82.9,56.7,59.2,cucumber,cucumber,cucumber,65,"['cucumber', 'rice', 'cotton']","[65, 24, 5]"
6.1,17.3,99.6,68.0,52.3,54.5,radish,radish,radish,68,"['radish', 'sorghum', 'beetroot']","[68, 19, 12]"
6.4,12.3,92.0,128.9,64.2,102.4,cabbage,cabbage,cabbage,93,"['cabbage', 'capsicum', 'brinjal']","[93, 7, 0]"
6.6,22.7,76.8,138.4,59.4,110.4,tomato,tomato,tomato,48,"['tomato', 'chillies', 'onion']","[48, 28, 23]"
6.9,24.0,77.4,55.3,26.7,25.3,redgram,redgram,redgram,89,"['redgram', 'soyabean', 'sunflower']","[89, 7, 2]"
6.4,25.2,18.5,31.0,24.5,29.2,varagu,varagu,varagu,59,"['varagu', 'thinai', 'ragi']","[59, 21, 8]"
6.4,14.9,96.9,120.1,83.4,95.1,cabbage,cabbage,cabbage,100,"['cabbage', 'capsicum', 'bhendi']","[100, 0, 0]"
6.6,21.8,76.6,44.2,30.9,22.1,redgram,redgram,redgram,96,"['redgram', 'sunflower', 'soyabean']","[96, 2, 2]"
6.6,25.9,84.6,74.9,49.8,40.6,elephant foot yam,elephant foot yam,tinda,43,"['tinda', 'elephant foot yam', 'jute']","[43, 37, 11]"
5.7,23.2,87.2,96.3,43.5,51.8,sweet potato,sweet potato,sweet potato,98,"['sweet potato', 'vegetable cowpea', 'french bean']","[98, 1, 1]"
6.6,22.6,78.0,188.3,60.7,134.9,sugarcane,sugarcane,sugarcane,94,"['sugarcane', 'tomato', 'chillies']","[94, 3, 2]"
6.8,20.0,79.9,48.8,27.3,33.2,redgram,redgram,redgram,93,"['redgram', 'sunflower', 'soyabean']","[93, 4, 2]"
6.3,22.9,65.1,94.0,62.4,86.5,pumpkin,pumpkin,pumpkin,95,"['pumpkin', 'ash gourd', 'carrot']","[95, 4, 0]"
5.9,21.9,76.1,73.0,54.0,49.0,vegetable cowpea,vegetable cowpea,vegetable cowpea,40,"['vegetable cowpea', 'chowchow', 'french bean']","[40, 37, 22]"
5.7,21.8,18.6,39.7,22.9,29.2,thinai,thinai,thinai,51,"['thinai', 'ragi', 'panivaragu']","[51, 23, 17]"
6.4,18.2,91.9,121.0,69.0,96.4,capsicum,capsicum,cabbage,58,"['cabbage', 'capsicum', 'brinjal']","[58, 40, 2]"
7.0,32.5,79.2,87.3,55.0,43.3,annual moringa,annual moringa,annual moringa,65,"['annual moringa', 'jute', 'rice']","[65, 10, 10]"
5.1,21.5,62.1,87.3,56.5,47.3,rice,rice,rice,99,"['rice', 'small onion', 'wheat']","[99, 0, 0]"
8.7,35.6,17.7,34.8,23.4,24.1,samai,samai,samai,99,"['samai', 'blackgram', 'panivaragu']","[99, 1, 0]"
6.8,15.0,98.2,114.0,57.5,46.4,cauliflower,cauliflower,cauliflower,99,"['cauliflower', 'radish', 'peas']","[99, 1, 0]"
9.0,35.5,19.0,35.3,29.1,27.9,samai,samai,samai,100,"['samai', 'blackgram', 'panivaragu']","[100, 0, 0]"
6.2,22.9,87.3,98.7,42.5,53.7,sweet potato,sweet potato,sweet potato,99,"['sweet potato', 'snake gourd', 'peas']","[99, 0, 0]"
7.5,27.5,60.3,33.0,39.9,31.2,greengram,greengram,greengram,99,"['greengram', 'horsegram', 'blackgram']","[99, 0, 0]"
6.3,18.3,60.6,146.6,68.6,65.2,maize,maize,maize,72,"['maize', 'sugarbeet', 'carrot']","[72, 17, 11]"
5.9,19.6,81.0,86.5,56.6,45.2,chowchow,chowchow,chowchow,70,"['chowchow', 'french bean', 'vegetable cowpea']","[70, 23, 6]"
6.2,22.7,57.6,108.6,46.3,46.7,wheat,wheat,wheat,100,"['wheat', 'rice', 'small onion']","[100, 0, 0]"
6.8,26.4,89.5,66.7,71.0,96.8,bitter gourd,bitter gourd,bitter gourd,77,"['bitter gourd', 'snake gourd', 'bottle gourd']","[77, 22, 1]"
6.5,24.1,96.7,106.5,69.4,85.6,cabbage,cabbage,bhendi,87,"['bhendi', 'cabbage', 'capsicum']","[87, 10, 2]"
5.9,22.1,81.8,97.2,50.4,55.5,vegetable cowpea,vegetable cowpea,vegetable cowpea,44,"['vegetable cowpea', 'french bean', 'chowchow']","[44, 24, 20]"
8.7,38.4,17.9,39.9,26.5,28.6,samai,samai,samai,99,"['samai', 'blackgram', 'panivaragu']","[99, 1, 0]"
7.8,30.9,77.0,94.2,46.2,57.6,rice,rice,annual moringa,75,"['annual moringa', 'rice', 'cotton']","[75, 15, 7]"
6.1,31.3,90.9,72.7,49.4,46.0,sorghum,sorghum,sorghum,95,"['sorghum', 'jute', 'elephant foot yam']","[95, 4, 1]"
8.3,24.0,96.4,58.2,36.9,28.2,castor,castor,castor,73,"['castor', 'sunflower', 'pearl millet']","[73, 27, 0]"
6.8,23.8,75.6,136.2,73.8,106.4,chillies,chillies,tomato,66,"['tomato', 'chillies', 'sugarcane']","[66, 25, 4]"
5.9,23.4,60.0,43.3,24.6,28.4,bengalgram,bengalgram,bengalgram,97,"['bengalgram', 'cowpea', 'thinai']","[97, 2, 0]"
8.0,32.9,80.8,36.4,26.7,20.1,gingely,gingely,gingely,99,"['gingely', 'pearl millet', 'greengram']","[99, 0, 0]"
7.4,32.1,80.4,93.0,42.6,71.6,muskmelon,muskmelon,muskmelon,65,"['muskmelon', 'ribbed gourd', 'annual moringa']","[65, 34, 1]"
6.5,21.9,15.5,35.5,20.3,20.7,panivaragu,panivaragu,thinai,54,"['thinai', 'panivaragu', 'ragi']","[54, 26, 18]"
6.4,24.7,76.1,93.7,51.7,60.7,watermelon,watermelon,watermelon,61,"['watermelon', 'bottle gourd', 'muskmelon']","[61, 21, 3]"
7.4,28.9,62.7,96.5,59.3,43.3,cucumber,cucumber,cucumber,81,"['cucumber', 'rice', 'tapoica']","[81, 14, 3]"
6.4,15.3,62.2,104.4,68.4,61.8,carrot,carrot,carrot,93,"['carrot', 'sugarbeet', 'maize']","[93, 7, 0]"
7.2,17.1,97.5,62.7,42.5,46.1,sorghum,sorghum,sorghum,90,"['sorghum', 'beetroot', 'radish']","[90, 5, 4]"
5.9,14.9,96.7,89.4,51.4,53.0,radish,radish,radish,100,"['radish', 'cauliflower', 'beetroot']","[100, 0, 0]"
6.5,26.0,19.8,33.7,21.5,23.8,thinai,thinai,varagu,54,"['varagu', 'thinai', 'panivaragu']","[54, 28, 9]"
6.6,23.3,98.2,117.2,53.1,53.5,cauliflower,cauliflower,cauliflower,100,"['cauliflower', 'sweet potato', 'beetroot']","[100, 0, 0]"
6.1,26.6,89.0,67.6,62.8,90.1,snake gourd,snake gourd,snake gourd,95,"['snake gourd', 'bitter gourd', 'bottle gourd']","[95, 4, 1]"
6.1,22.4,73.4,83.5,57.1,58.6,small onion,small onion,small onion,65,"['small onion', 'bottle gourd', 'rice']","[65, 15, 12]"
6.7,37.9,54.2,51.0,24.6,39.0,horsegram,horsegram,horsegram,99,"['horsegram', 'panivaragu', 'cowpea']","[99, 0, 0]"
8.8,30.5,16.1,36.8,24.3,29.1,samai,samai,samai,100,"['samai', 'blackgram', 'ragi']","[100, 0, 0]"
8.0,23.7,99.0,73.7,20.5,34.6,castor,castor,castor,74,"['castor', 'sunflower', 'soyabean']","[74, 25, 0]"
8.6,30.9,16.8,37.4,20.9,29.8,samai,samai,samai,100,"['samai', 'blackgram', 'ragi']","[100, 0, 0]"
6.7,24.9,66.0,67.4,65.4,93.0,ash gourd,ash gourd,pumpkin,64,"['pumpkin', 'ash gourd', 'bottle gourd']","[64, 35, 0]"
8.7,33.7,17.7,33.1,22.8,21.8,samai,samai,samai,99,"['samai', 'blackgram', 'panivaragu']","[99, 1, 0]"
6.4,27.0,53.2,73.7,57.8,61.2,ash gourd,ash gourd,ash gourd,71,"['ash gourd', 'tapoica', 'pumpkin']","[71, 28, 1]"
6.8,26.9,50.2,95.6,46.0,58.6,tapoica,tapoica,tapoica,98,"['tapoica', 'cucumber', 'ash gourd']","[98, 1, 0]"
6.9,34.1,77.4,89.7,55.9,67.1,ribbed gourd,ribbed gourd,muskmelon,61,"['muskmelon', 'ribbed gourd', 'bitter gourd']","[61, 37, 1]"
8.3,22.5,77.9,92.3,47.1,45.5,cluster bean,cluster bean,cluster bean,92,"['cluster bean', 'cotton', 'rice']","[92, 6, 1]"
7.1,23.6,87.1,68.1,29.9,36.3,castor,castor,sunflower,70,"['sunflower', 'castor', 'soyabean']","[70, 26, 3]"
6.3,31.3,86.2,75.0,32.3,36.6,soyabean,soyabean,jute,65,"['jute', 'soyabean', 'pearl millet']","[65, 33, 2]"
6.2,22.1,54.0,108.4,40.6,45.5,wheat,wheat,wheat,100,"['wheat', 'rice', 'tapoica']","[100, 0, 0]"
6.3,29.1,62.4,75.0,66.1,70.5,ash gourd,ash gourd,ash gourd,98,"['ash gourd', 'pumpkin', 'tapoica']","[98, 2, 0]"
5.7,17.6,98.2,76.4,42.8,44.5,radish,radish,radish,95,"['radish', 'beetroot', 'sorghum']","[95, 3, 2]"
6.5,21.6,78.5,84.4,48.0,43.4,chowchow,chowchow,chowchow,56,"['chowchow', 'peas', 'rice']","[56, 17, 9]"
6.4,15.1,66.2,117.3,83.4,96.9,carrot,carrot,carrot,99,"['carrot', 'sugarbeet', 'maize']","[99, 0, 0]"
6.1,19.9,89.2,84.6,62.9,85.5,snake gourd,snake gourd,snake gourd,99,"['snake gourd', 'bottle gourd', 'cabbage']","[99, 1, 0]"
6.1,26.1,67.2,128.6,66.4,63.4,maize,maize,maize,88,"['maize', 'sugarbeet', 'ash gourd']","[88, 11, 1]"
6.4,26.4,50.2,40.4,39.2,23.9,cowpea,cowpea,cowpea,90,"['cowpea', 'horsegram', 'varagu']","[90, 4, 3]"
7.6,21.5,80.6,61.0,59.2,44.4,cluster bean,cluster bean,cluster bean,99,"['cluster bean', 'cotton', 'sunflower']","[99, 0, 0]"
5.9,21.1,79.3,103.1,41.7,88.5,onion,onion,onion,97,"['onion', 'chillies', 'bottle gourd']","[97, 1, 1]"
6.3,25.2,83.9,67.3,40.0,43.5,elephant foot yam,elephant foot yam,elephant foot yam,44,"['elephant foot yam', 'jute', 'vegetable cowpea']","[44, 42, 4]"
6.8,18.9,96.4,63.7,58.5,49.3,sorghum,sorghum,beetroot,51,"['beetroot', 'sorghum', 'radish']","[51, 46, 2]"
6.5,20.0,16.4,51.4,20.4,28.6,kudiraivali,kudiraivali,kudiraivali,99,"['kudiraivali', 'thinai', 'panivaragu']","[99, 0, 0]"
5.7,22.2,85.0,60.4,48.3,54.7,vegetable cowpea,vegetable cowpea,vegetable cowpea,47,"['vegetable cowpea', 'french bean', 'chowchow']","[47, 29, 17]"
7.0,29.0,65.0,65.0,49.7,57.2,groundnut,groundnut,cucumber,51,"['cucumber', 'groundnut', 'tapoica']","[51, 47, 1]"
5.8,24.3,52.6,54.0,24.2,27.5,cowpea,cowpea,cowpea,96,"['cowpea', 'bengalgram', 'thinai']","[96, 4, 0]"
5.7,26.2,17.1,34.7,24.8,24.4,thinai,thinai,varagu,80,"['varagu', 'thinai', 'ragi']","[80, 11, 5]"
7.0,25.7,60.0,40.9,33.3,35.5,bengalgram,bengalgram,bengalgram,71,"['bengalgram', 'horsegram', 'greengram']","[71, 18, 9]"
7.1,29.0,95.7,72.1,44.0,58.5,sorghum,sorghum,sorghum,99,"['sorghum', 'cauliflower', 'tinda']","[99, 0, 0]"
6.7,23.5,79.9,54.8,20.9,21.1,redgram,redgram,redgram,82,"['redgram', 'soyabean', 'sunflower']","[82, 9, 7]"
7.4,23.6,73.2,189.6,97.2,137.1,sugarcane,sugarcane,sugarcane,100,"['sugarcane', 'tomato', 'sugarbeet']","[100, 0, 0]"
6.6,33.1,77.1,90.6,54.5,56.7,rice,rice,annual moringa,56,"['annual moringa', 'rice', 'elephant foot yam']","[56, 20, 8]"
6.7,26.1,97.1,104.2,82.2,104.3,bhendi,bhendi,bhendi,96,"['bhendi', 'cabbage', 'capsicum']","[96, 3, 1]"
6.9,25.3,77.9,85.4,66.9,88.2,ribbed gourd,ribbed gourd,ribbed gourd,44,"['ribbed gourd', 'bitter gourd', 'bottle gourd']","[44, 39, 6]"
6.8,26.7,77.7,115.4,56.3,98.1,muskmelon,muskmelon,tomato,30,"['tomato', 'chillies', 'watermelon']","[30, 30, 24]"
6.5,21.7,58.4,98.6,43.7,45.1,wheat,wheat,wheat,99,"['wheat', 'rice', 'small onion']","[99, 1, 0]"
6.7,34.8,65.0,65.3,43.3,54.3,groundnut,groundnut,groundnut,77,"['groundnut', 'cucumber', 'rice']","[77, 22, 0]"
8.8,39.6,15.8,33.8,29.2,28.6,samai,samai,samai,100,"['samai', 'blackgram', 'panivaragu']","[100, 0, 0]"
6.0,15.1,96.1,79.3,54.5,53.2,sorghum,sorghum,radish,97,"['radish', 'sorghum', 'beetroot']","[97, 2, 1]"
7.2,24.6,75.7,110.7,78.6,114.0,tomato,tomato,tomato,93,"['tomato', 'chillies', 'sugarcane']","[93, 3, 2]"
7.1,12.7,17.2,36.2,29.3,26.4,ragi,ragi,ragi,95,"['ragi', 'panivaragu', 'blackgram']","[95, 5, 0]"
5.6,21.8,19.2,37.1,26.3,21.7,thinai,thinai,thinai,50,"['thinai', 'ragi', 'panivaragu']","[50, 29, 18]"
6.4,26.6,20.0,33.0,23.1,21.4,varagu,varagu,varagu,55,"['varagu', 'cowpea', 'thinai']","[55, 21, 13]"
6.8,18.1,78.8,49.7,25.0,37.2,redgram,redgram,redgram,89,"['redgram', 'soyabean', 'pearl millet']","[89, 6, 4]"
7.0,26.7,81.3,85.3,53.3,53.2,tinda,tinda,tinda,58,"['tinda', 'annual moringa', 'elephant foot yam']","[58, 14, 9]"
7.1,26.6,77.2,88.6,46.8,81.0,watermelon,watermelon,watermelon,53,"['watermelon', 'muskmelon', 'ribbed gourd']","[53, 28, 17]"
7.1,28.7,84.4,77.6,47.7,43.8,jute,jute,tinda,78,"['tinda', 'jute', 'annual moringa']","[78, 8, 4]"
6.7,11.2,97.3,86.3,49.9,48.7,cauliflower,cauliflower,cauliflower,59,"['cauliflower', 'radish', 'beetroot']","[59, 40, 0]"
6.5,29.6,65.5,38.3,22.2,35.4,greengram,greengram,greengram,92,"['greengram', 'horsegram', 'cowpea']","[92, 5, 1]"
7.8,23.5,71.0,140.4,73.4,75.4,sugarbeet,sugarbeet,sugarbeet,99,"['sugarbeet', 'maize', 'sugarcane']","[99, 1, 0]"
6.3,20.8,88.0,95.9,65.4,70.9,snake gourd,snake gourd,snake gourd,98,"['snake gourd', 'bottle gourd', 'brinjal']","[98, 1, 0]"
7.2,26.4,74.9,152.8,76.2,128.9,sugarcane,sugarcane,sugarcane,99,"['sugarcane', 'tomato', 'maize']","[99, 0, 0]"
6.7,24.9,83.7,84.6,41.5,89.1,watermelon,watermelon,watermelon,77,"['watermelon', 'bottle gourd', 'bitter gourd']","[77, 8, 6]"
6.7,26.3,75.8,83.1,62.4,90.9,ribbed gourd,ribbed gourd,ribbed gourd,44,"['ribbed gourd', 'bitter gourd', 'bottle gourd']","[44, 25, 17]"
6.6,19.2,90.0,102.2,52.6,117.3,brinjal,brinjal,brinjal,78,"['brinjal', 'capsicum', 'tomato']","[78, 21, 0]"
7.2,15.6,82.6,115.2,51.1,46.4,peas,peas,peas,100,"['peas', 'cotton', 'cluster bean']","[100, 0, 0]"
6.5,21.6,16.8,31.6,23.2,23.0,thinai,thinai,thinai,57,"['thinai', 'ragi', 'panivaragu']","[57, 20, 20]"
6.9,25.5,80.8,40.1,33.3,34.7,redgram,redgram,redgram,70,"['redgram', 'gingely', 'pearl millet']","[70, 12, 6]"
7.0,22.8,78.0,94.4,57.2,46.1,cluster bean,cluster bean,cluster bean,38,"['cluster bean', 'peas', 'cotton']","[38, 27, 21]"
6.5,21.0,86.9,85.6,46.4,49.5,sweet potato,sweet potato,sweet potato,86,"['sweet potato', 'peas', 'chowchow']","[86, 6, 5]"
6.4,21.3,69.3,81.4,53.0,54.9,small onion,small onion,small onion,87,"['small onion', 'rice', 'chowchow']","[87, 10, 1]"
6.6,28.6,82.1,66.7,65.1,70.2,bitter gourd,bitter gourd,bitter gourd,66,"['bitter gourd', 'ribbed gourd', 'bottle gourd']","[66, 32, 2]"
5.7,20.7,79.9,96.9,41.6,57.1,vegetable cowpea,vegetable cowpea,chowchow,44,"['chowchow', 'vegetable cowpea', 'french bean']","[44, 30, 22]"
6.7,20.0,18.6,32.8,22.3,29.9,thinai,thinai,thinai,34,"['thinai', 'ragi', 'panivaragu']","[34, 29, 19]"
7.5,22.1,89.3,54.9,21.2,24.1,castor,castor,sunflower,80,"['sunflower', 'castor', 'pearl millet']","[80, 17, 3]"
5.7,25.9,19.3,33.6,23.7,20.3,varagu,varagu,varagu,79,"['varagu', 'thinai', 'ragi']","[79, 11, 5]"
5.7,19.0,79.0,67.4,48.2,48.0,chowchow,chowchow,chowchow,66,"['chowchow', 'french bean', 'vegetable cowpea']","[66, 29, 5]"
6.4,26.6,77.2,135.9,73.6,98.5,chillies,chillies,chillies,89,"['chillies', 'tomato', 'maize']","[89, 5, 4]"
6.4,17.8,92.7,47.4,36.4,32.8,pearl millet,pearl millet,pearl millet,90,"['pearl millet', 'soyabean', 'sunflower']","[90, 8, 1]"
6.7,32.8,81.4,97.5,77.7,69.7,ribbed gourd,ribbed gourd,ribbed gourd,89,"['ribbed gourd', 'bitter gourd', 'muskmelon']","[89, 5, 4]"
6.8,27.3,60.6,61.4,53.0,43.3,cucumber,cucumber,cucumber,78,"['cucumber', 'groundnut', 'tapoica']","[78, 11, 9]"
7.2,24.3,81.7,67.4,26.4,23.6,sunflower,sunflower,sunflower,63,"['sunflower', 'castor', 'soyabean']","[63, 29, 4]"
7.0,33.3,64.1,34.8,26.7,30.4,greengram,greengram,greengram,99,"['greengram', 'horsegram', 'panivaragu']","[99, 1, 0]"
6.9,15.8,64.9,93.2,73.6,86.6,carrot,carrot,carrot,99,"['carrot', 'pumpkin', 'sugarbeet']","[99, 1, 0]"
6.3,23.3,19.9,37.1,29.8,25.5,panivaragu,panivaragu,thinai,55,"['thinai', 'panivaragu', 'ragi']","[55, 19, 17]"
5.6,28.1,84.0,67.4,47.5,56.2,elephant foot yam,elephant foot yam,vegetable cowpea,53,"['vegetable cowpea', 'elephant foot yam', 'french bean']","[53, 44, 3]"
6.0,20.0,93.7,122.3,54.8,91.5,capsicum,capsicum,capsicum,87,"['capsicum', 'cabbage', 'brinjal']","[87, 12, 1]"
5.2,23.7,82.5,42.5,27.9,38.7,castor,castor,castor,90,"['castor', 'pearl millet', 'soyabean']","[90, 10, 0]"
6.6,24.9,89.0,117.6,48.2,57.9,sweet potato,sweet potato,sweet potato,89,"['sweet potato', 'peas', 'cotton']","[89, 9, 1]"
6.3,25.1,97.9,143.1,68.4,80.7,bhendi,bhendi,bhendi,90,"['bhendi', 'cabbage', 'capsicum']","[90, 9, 1]"
6.0,24.5,76.8,68.0,55.3,75.5,bottle gourd,bottle gourd,bottle gourd,87,"['bottle gourd', 'snake gourd', 'bitter gourd']","[87, 4, 3]"
6.7,19.8,99.1,89.6,57.9,47.1,beetroot,beetroot,beetroot,87,"['beetroot', 'cauliflower', 'radish']","[87, 12, 1]"
7.1,27.6,76.6,80.2,54.3,53.5,tinda,tinda,tinda,68,"['tinda', 'annual moringa', 'cotton']","[68, 13, 10]"
7.0,15.1,90.0,67.5,38.0,34.3,soyabean,soyabean,soyabean,68,"['soyabean', 'pearl millet', 'sorghum']","[68, 27, 3]"
6.7,26.6,63.0,76.2,51.4,58.4,cucumber,cucumber,cucumber,78,"['cucumber', 'groundnut', 'tapoica']","[78, 11, 9]"
6.4,39.3,76.9,51.6,35.2,30.8,horsegram,horsegram,horsegram,92,"['horsegram', 'pearl millet', 'soyabean']","[92, 3, 2]"
6.8,14.4,96.8,82.0,40.7,48.8,cauliflower,cauliflower,radish,58,"['radish', 'cauliflower', 'beetroot']","[58, 40, 1]"
6.5,22.4,96.8,48.9,26.6,32.8,sunflower,sunflower,sunflower,52,"['sunflower', 'castor', 'pearl millet']","[52, 42, 5]"
6.8,29.3,77.2,66.4,43.2,56.2,tinda,tinda,tinda,90,"['tinda', 'elephant foot yam', 'jute']","[90, 3, 3]"
7.2,29.2,79.1,114.6,47.6,76.7,muskmelon,muskmelon,muskmelon,91,"['muskmelon', 'watermelon', 'tomato']","[91, 4, 3]"
6.7,41.7,15.1,33.2,25.7,28.6,panivaragu,panivaragu,panivaragu,84,"['panivaragu', 'blackgram', 'thinai']","[84, 16, 0]"
6.0,22.8,67.4,96.6,40.4,43.4,small onion,small onion,small onion,62,"['small onion', 'rice', 'wheat']","[62, 33, 2]"
6.3,18.5,97.6,149.2,86.5,90.9,cabbage,cabbage,cabbage,99,"['cabbage', 'capsicum', 'bhendi']","[99, 1, 0]"
6.9,20.8,64.2,171.4,89.3,79.0,maize,maize,maize,99,"['maize', 'sugarcane', 'sugarbeet']","[99, 0, 0]"
8.0,24.9,15.5,38.0,22.5,28.2,ragi,ragi,ragi,72,"['ragi', 'samai', 'blackgram']","[72, 24, 2]"
6.5,26.1,83.4,113.3,59.0,71.0,muskmelon,muskmelon,watermelon,68,"['watermelon', 'muskmelon', 'chillies']","[68, 17, 6]"
7.4,12.2,79.3,90.9,55.2,42.6,peas,peas,peas,100,"['peas', 'cluster bean', 'cotton']","[100, 0, 0]"
7.1,24.7,88.1,69.9,23.0,23.0,sunflower,sunflower,sunflower,64,"['sunflower', 'castor', 'soyabean']","[64, 32, 3]"
7.5,34.3,75.1,65.0,44.1,41.5,jute,jute,jute,85,"['jute', 'cucumber', 'tinda']","[85, 5, 5]"
7.1,35.5,58.4,45.1,37.9,20.7,horsegram,horsegram,horsegram,99,"['horsegram', 'greengram', 'blackgram']","[99, 1, 0]"
5.9,27.7,80.8,66.7,43.8,43.5,vegetable cowpea,vegetable cowpea,vegetable cowpea,62,"['vegetable cowpea', 'elephant foot yam', 'french bean']","[62, 32, 3]"
6.0,24.6,81.7,73.9,55.5,43.0,vegetable cowpea,vegetable cowpea,vegetable cowpea,66,"['vegetable cowpea', 'french bean', 'elephant foot yam']","[66, 19, 10]"
6.9,46.4,65.0,57.9,48.0,44.7,groundnut,groundnut,groundnut,100,"['groundnut', 'cucumber', 'horsegram']","[100, 0, 0]"
6.6,38.3,17.0,21.2,23.5,21.7,blackgram,blackgram,blackgram,80,"['blackgram', 'panivaragu', 'thinai']","[80, 19, 0]"
6.7,33.3,69.1,20.4,29.4,34.7,greengram,greengram,greengram,100,"['greengram', 'gingely', 'horsegram']","[100, 0, 0]"
6.8,26.0,96.8,112.5,55.2,53.6,cauliflower,cauliflower,cauliflower,99,"['cauliflower', 'sweet potato', 'peas']","[99, 1, 0]"
5.9,18.1,80.1,67.7,41.9,59.2,chowchow,chowchow,chowchow,57,"['chowchow', 'french bean', 'bottle gourd']","[57, 35, 5]"
7.2,28.9,17.3,30.6,34.9,39.8,blackgram,blackgram,blackgram,100,"['blackgram', 'samai', 'thinai']","[100, 0, 0]"
6.7,22.5,66.3,181.4,78.9,139.0,sugarcane,sugarcane,sugarcane,99,"['sugarcane', 'maize', 'sugarbeet']","[99, 1, 0]"
6.0,26.6,83.4,73.8,48.2,59.7,vegetable cowpea,vegetable cowpea,elephant foot yam,54,"['elephant foot yam', 'vegetable cowpea', 'french bean']","[54, 30, 10]"
6.3,19.7,89.1,79.5,69.9,81.8,snake gourd,snake gourd,snake gourd,99,"['snake gourd', 'bottle gourd', 'bitter gourd']","[99, 1, 0]"
5.7,12.4,15.5,39.2,27.8,20.3,ragi,ragi,ragi,58,"['ragi', 'panivaragu', 'thinai']","[58, 41, 0]"
6.4,26.9,72.6,52.4,30.5,36.2,soyabean,soyabean,horsegram,60,"['horsegram', 'soyabean', 'redgram']","[60, 31, 5]"
5.7,22.3,75.4,94.5,50.4,40.7,french bean,french bean,vegetable cowpea,56,"['vegetable cowpea', 'french bean', 'chowchow']","[56, 27, 10]"
6.9,20.1,90.4,132.9,45.2,104.8,capsicum,capsicum,capsicum,72,"['capsicum', 'brinjal', 'tomato']","[72, 27, 0]"
5.8,13.5,83.3,74.6,52.7,44.8,french bean,french bean,french bean,99,"['french bean', 'chowchow', 'radish']","[99, 0, 0]"
6.2,24.2,81.0,128.9,44.8,103.8,onion,onion,onion,58,"['onion', 'chillies', 'tomato']","[58, 39, 1]"
6.3,23.5,69.2,70.6,66.3,97.2,pumpkin,pumpkin,pumpkin,88,"['pumpkin', 'ash gourd', 'bottle gourd']","[88, 12, 1]"
7.4,30.4,83.4,66.6,38.5,45.6,jute,jute,jute,91,"['jute', 'tinda', 'elephant foot yam']","[91, 7, 1]"
6.4,19.3,99.4,74.3,55.6,42.0,beetroot,beetroot,beetroot,95,"['beetroot', 'sorghum', 'radish']","[95, 4, 1]"
5.8,10.2,84.2,67.1,42.4,40.8,french bean,french bean,french bean,84,"['french bean', 'radish', 'cauliflower']","[84, 14, 0]"
6.8,29.1,78.5,74.2,42.0,50.8,tinda,tinda,tinda,83,"['tinda', 'jute', 'elephant foot yam']","[83, 6, 4]"
6.4,24.4,99.2,145.8,69.9,101.5,cabbage,cabbage,bhendi,87,"['bhendi', 'cabbage', 'capsicum']","[87, 12, 1]"
6.3,15.6,91.3,143.8,77.0,91.0,capsicum,capsicum,cabbage,83,"['cabbage', 'capsicum', 'brinjal']","[83, 17, 0]"
6.7,24.2,63.9,76.1,61.0,72.8,pumpkin,pumpkin,pumpkin,81,"['pumpkin', 'ash gourd', 'bottle gourd']","[81, 19, 0]"
6.1,27.7,56.5,75.0,55.7,41.6,tapoica,tapoica,tapoica,100,"['tapoica', 'ash gourd', 'cucumber']","[100, 0, 0]"
6.5,26.8,83.5,69.2,52.6,45.8,tinda,tinda,elephant foot yam,62,"['elephant foot yam', 'tinda', 'jute']","[62, 32, 2]"
7.0,30.9,88.3,68.3,33.1,29.6,soyabean,soyabean,soyabean,57,"['soyabean', 'jute', 'pearl millet']","[57, 35, 6]"
7.1,24.7,96.0,67.3,29.2,29.6,sunflower,sunflower,sunflower,56,"['sunflower', 'castor', 'soyabean']","[56, 42, 1]"
7.2,22.2,90.0,140.5,73.9,105.8,brinjal,brinjal,brinjal,95,"['brinjal', 'capsicum', 'tomato']","[95, 4, 1]"
6.1,29.5,92.9,139.5,44.5,114.2,capsicum,capsicum,capsicum,96,"['capsicum', 'brinjal', 'chillies']","[96, 4, 0]"
6.1,24.7,60.1,96.7,44.2,40.2,rice,rice,rice,50,"['rice', 'tapoica', 'wheat']","[50, 17, 17]"
6.9,36.8,65.0,55.4,40.7,45.6,groundnut,groundnut,groundnut,98,"['groundnut', 'horsegram', 'cucumber']","[98, 2, 1]"
6.0,19.2,77.7,68.7,59.1,56.5,chowchow,chowchow,chowchow,75,"['chowchow', 'bottle gourd', 'french bean']","[75, 12, 9]"
6.6,29.4,83.7,110.2,73.7,114.2,tomato,tomato,chillies,72,"['chillies', 'tomato', 'muskmelon']","[72, 26, 1]"
6.2,27.0,86.9,23.1,24.4,29.5,gingely,gingely,gingely,100,"['gingely', 'pearl millet', 'soyabean']","[100, 0, 0]"
6.0,31.5,77.3,66.5,39.8,20.9,soyabean,soyabean,soyabean,70,"['soyabean', 'jute', 'horsegram']","[70, 22, 5]"
7.0,43.0,15.4,30.6,21.2,23.6,panivaragu,panivaragu,panivaragu,80,"['panivaragu', 'blackgram', 'thinai']","[80, 19, 0]"
6.5,34.0,80.8,100.0,45.3,87.1,muskmelon,muskmelon,muskmelon,81,"['muskmelon', 'ribbed gourd', 'chillies']","[81, 16, 1]"
6.0,10.2,98.5,80.3,53.8,55.8,radish,radish,radish,99,"['radish', 'cauliflower', 'beetroot']","[99, 1, 0]"
7.0,29.4,84.5,73.9,57.5,47.2,tinda,tinda,tinda,70,"['tinda', 'elephant foot yam', 'jute']","[70, 24, 2]"
7.0,29.0,79.2,40.9,38.4,23.0,redgram,redgram,redgram,71,"['redgram', 'horsegram', 'pearl millet']","[71, 25, 2]"
6.7,20.9,68.6,143.3,64.4,67.4,maize,maize,sugarbeet,67,"['sugarbeet', 'maize', 'carrot']","[67, 33, 0]"
7.2,24.2,79.2,84.9,57.7,77.1,watermelon,watermelon,watermelon,89,"['watermelon', 'ribbed gourd', 'muskmelon']","[89, 4, 3]"
7.0,27.1,80.3,110.0,44.4,69.4,muskmelon,muskmelon,muskmelon,68,"['muskmelon', 'watermelon', 'tomato']","[68, 25, 3]"
6.6,34.1,53.0,55.9,27.7,26.6,horsegram,horsegram,horsegram,98,"['horsegram', 'cowpea', 'bengalgram']","[98, 1, 0]"
6.1,26.3,78.5,109.3,40.7,92.3,chillies,chillies,watermelon,58,"['watermelon', 'chillies', 'muskmelon']","[58, 35, 2]"
6.2,20.8,69.5,69.3,64.0,96.4,pumpkin,pumpkin,pumpkin,97,"['pumpkin', 'ash gourd', 'bottle gourd']","[97, 2, 1]"
7.4,24.4,76.5,111.4,53.5,87.8,watermelon,watermelon,watermelon,75,"['watermelon', 'tomato', 'muskmelon']","[75, 21, 2]"
7.0,25.4,19.1,34.3,23.5,28.2,thinai,thinai,thinai,43,"['thinai', 'ragi', 'panivaragu']","[43, 32, 14]"
5.5,28.7,68.2,88.3,47.7,51.8,rice,rice,rice,98,"['rice', 'tapoica', 'vegetable cowpea']","[98, 1, 0]"
5.6,17.6,76.5,60.4,58.2,45.5,french bean,french bean,french bean,85,"['french bean', 'chowchow', 'vegetable cowpea']","[85, 13, 1]"
5.6,27.7,16.5,31.7,28.6,26.5,panivaragu,panivaragu,thinai,48,"['thinai', 'varagu', 'panivaragu']","[48, 29, 17]"
6.1,34.5,67.3,47.9,27.5,24.5,horsegram,horsegram,horsegram,99,"['horsegram', 'greengram', 'bengalgram']","[99, 0, 0]"
6.7,22.0,51.6,93.2,54.3,55.1,wheat,wheat,wheat,99,"['wheat', 'rice', 'small onion']","[99, 0, 0]"
5.9,20.4,84.4,65.3,55.2,44.2,vegetable cowpea,vegetable cowpea,chowchow,54,"['chowchow', 'french bean', 'vegetable cowpea']","[54, 25, 21]"
6.6,14.9,65.0,51.4,47.3,51.2,groundnut,groundnut,groundnut,100,"['groundnut', 'small onion', 'peas']","[100, 0, 0]"
6.6,27.8,91.6,143.0,70.9,99.3,capsicum,capsicum,capsicum,85,"['capsicum', 'brinjal', 'bhendi']","[85, 13, 1]"
6.6,30.8,64.8,33.8,22.8,38.1,greengram,greengram,greengram,99,"['greengram', 'horsegram', 'panivaragu']","[99, 1, 0]"
7.2,29.2,75.8,90.9,47.1,76.1,muskmelon,muskmelon,muskmelon,58,"['muskmelon', 'ribbed gourd', 'watermelon']","[58, 37, 2]"
6.5,18.2,79.0,53.9,27.2,28.4,soyabean,soyabean,redgram,71,"['redgram', 'soyabean', 'pearl millet']","[71, 27, 2]"
6.1,25.4,78.6,126.1,66.5,81.8,chillies,chillies,chillies,68,"['chillies', 'maize', 'onion']","[68, 19, 8]"
6.7,9.0,95.1,93.9,51.3,51.8,cauliflower,cauliflower,cauliflower,90,"['cauliflower', 'radish', 'peas']","[90, 9, 1]"
6.8,23.6,82.9,141.4,45.2,111.5,tomato,tomato,tomato,56,"['tomato', 'chillies', 'onion']","[56, 31, 12]"
5.8,25.1,19.8,33.5,20.1,24.6,panivaragu,panivaragu,varagu,74,"['varagu', 'thinai', 'ragi']","[74, 14, 5]"
7.1,25.3,17.5,32.6,25.5,23.8,ragi,ragi,ragi,42,"['ragi', 'blackgram', 'thinai']","[42, 39, 12]"
7.2,27.9,79.4,91.7,57.0,50.7,cotton,cotton,tinda,54,"['tinda', 'annual moringa', 'cotton']","[54, 21, 16]"
6.3,20.0,19.9,52.3,36.4,38.1,kudiraivali,kudiraivali,kudiraivali,98,"['kudiraivali', 'cowpea', 'bengalgram']","[98, 2, 0]"
6.5,26.7,20.0,36.3,20.7,29.3,varagu,varagu,varagu,45,"['varagu', 'thinai', 'cowpea']","[45, 21, 17]"
6.7,25.8,77.8,114.2,54.9,91.9,watermelon,watermelon,watermelon,41,"['watermelon', 'chillies', 'tomato']","[41, 25, 18]"
6.3,25.4,91.6,114.7,84.0,84.8,cabbage,cabbage,cabbage,51,"['cabbage', 'bhendi', 'capsicum']","[51, 41, 7]"
7.1,33.5,67.2,61.9,47.1,41.8,cucumber,cucumber,cucumber,82,"['cucumber', 'groundnut', 'jute']","[82, 14, 4]"
6.5,17.2,93.3,64.3,57.3,54.6,sorghum,sorghum,sorghum,74,"['sorghum', 'beetroot', 'radish']","[74, 18, 8]"
6.3,24.7,56.0,60.9,67.5,82.1,ash gourd,ash gourd,ash gourd,89,"['ash gourd', 'pumpkin', 'bottle gourd']","[89, 11, 0]"
6.0,22.3,74.1,83.7,58.6,40.9,small onion,small onion,small onion,55,"['small onion', 'rice', 'vegetable cowpea']","[55, 26, 9]"
6.8,26.6,82.4,90.9,58.3,52.6,tinda,tinda,tinda,51,"['tinda', 'elephant foot yam', 'annual moringa']","[51, 21, 12]"
7.0,25.6,92.4,142.7,54.5,108.1,capsicum,capsicum,capsicum,78,"['capsicum', 'brinjal', 'bhendi']","[78, 21, 1]"
6.7,15.5,16.2,31.3,25.0,22.1,ragi,ragi,ragi,59,"['ragi', 'panivaragu', 'thinai']","[59, 41, 0]"
6.6,21.6,19.5,35.7,22.2,27.0,thinai,thinai,thinai,59,"['thinai', 'ragi', 'panivaragu']","[59, 19, 18]"
8.5,39.6,19.9,35.9,23.0,23.5,samai,samai,samai,100,"['samai', 'blackgram', 'panivaragu']","[100, 0, 0]"
6.6,13.8,96.8,82.1,55.4,50.3,radish,radish,radish,64,"['radish', 'cauliflower', 'beetroot']","[64, 36, 0]"
6.8,29.6,96.8,24.9,37.1,31.9,gingely,gingely,gingely,100,"['gingely', 'pearl millet', 'castor']","[100, 0, 0]"
5.5,23.2,95.8,75.5,34.4,26.8,castor,castor,castor,100,"['castor', 'pearl millet', 'sunflower']","[100, 0, 0]"
6.8,26.5,54.9,81.5,40.4,56.3,tapoica,tapoica,tapoica,98,"['tapoica', 'cucumber', 'rice']","[98, 2, 0]"
5.5,20.1,60.0,53.7,23.7,27.9,bengalgram,bengalgram,bengalgram,95,"['bengalgram', 'cowpea', 'kudiraivali']","[95, 4, 1]"
5.7,28.7,94.3,112.2,44.1,106.2,capsicum,capsicum,capsicum,100,"['capsicum', 'brinjal', 'bhendi']","[100, 0, 0]"
6.2,21.0,76.0,71.4,47.5,41.9,chowchow,chowchow,chowchow,88,"['chowchow', 'small onion', 'vegetable cowpea']","[88, 6, 2]"
7.4,25.4,75.8,71.2,54.5,49.3,tinda,tinda,tinda,74,"['tinda', 'cluster bean', 'jute']","[74, 19, 2]"
5.2,27.3,54.6,41.7,25.3,39.5,cowpea,cowpea,cowpea,98,"['cowpea', 'bengalgram', 'horsegram']","[98, 2, 0]"
6.9,29.5,90.0,121.7,43.3,88.7,brinjal,brinjal,brinjal,87,"['brinjal', 'capsicum', 'tomato']","[87, 11, 0]"
6.9,20.6,65.0,75.1,46.2,55.5,groundnut,groundnut,groundnut,88,"['groundnut', 'small onion', 'rice']","[88, 11, 1]"
7.5,27.4,17.2,31.4,31.4,20.1,blackgram,blackgram,blackgram,97,"['blackgram', 'thinai', 'ragi']","[97, 1, 1]"
8.9,36.3,16.8,38.7,22.6,29.4,samai,samai,samai,100,"['samai', 'blackgram', 'panivaragu']","[100, 0, 0]"
6.5,25.2,84.9,87.9,49.6,56.1,peas,peas,sweet potato,30,"['sweet potato', 'elephant foot yam', 'tinda']","[30, 29, 14]"
6.4,13.2,17.1,37.7,20.3,24.4,panivaragu,panivaragu,ragi,55,"['ragi', 'panivaragu', 'thinai']","[55, 44, 0]"
8.4,24.2,76.4,75.2,40.8,56.4,cluster bean,cluster bean,cluster bean,99,"['cluster bean', 'cotton', 'rice']","[99, 0, 0]"
6.5,29.1,83.6,81.7,46.0,52.2,elephant foot yam,elephant foot yam,elephant foot yam,50,"['elephant foot yam', 'tinda', 'annual moringa']","[50, 31, 9]"
5.6,25.4,15.4,33.3,26.8,29.2,varagu,varagu,varagu,79,"['varagu', 'thinai', 'ragi']","[79, 11, 7]"
7.4,22.5,90.3,52.7,37.9,27.1,sunflower,sunflower,sunflower,73,"['sunflower', 'castor', 'pearl millet']","[73, 20, 6]"
7.6,20.7,18.6,39.8,28.6,22.0,ragi,ragi,ragi,86,"['ragi', 'blackgram', 'kudiraivali']","[86, 9, 2]"
6.8,41.9,17.5,21.2,38.7,33.6,blackgram,blackgram,blackgram,100,"['blackgram', 'panivaragu', 'greengram']","[100, 0, 0]"
6.7,27.5,82.9,104.0,49.8,58.4,annual moringa,annual moringa,annual moringa,51,"['annual moringa', 'peas', 'tinda']","[51, 22, 8]"
6.2,16.4,62.4,100.4,72.8,97.6,carrot,carrot,carrot,99,"['carrot', 'pumpkin', 'sugarbeet']","[99, 1, 0]"
5.9,14.1,80.4,82.9,47.6,48.5,french bean,french bean,french bean,99,"['french bean', 'chowchow', 'peas']","[99, 1, 0]"
6.5,23.6,16.8,39.0,22.1,24.9,thinai,thinai,thinai,59,"['thinai', 'panivaragu', 'ragi']","[59, 19, 17]"
7.2,28.1,60.5,25.8,37.8,22.1,greengram,greengram,greengram,100,"['greengram', 'horsegram', 'blackgram']","[100, 0, 0]"
6.1,21.9,92.1,142.0,63.9,118.9,cabbage,cabbage,capsicum,59,"['capsicum', 'cabbage', 'brinjal']","[59, 32, 5]"
6.0,25.5,78.9,110.4,42.2,86.7,chillies,chillies,watermelon,69,"['watermelon', 'chillies', 'onion']","[69, 23, 6]"
6.5,23.4,65.9,167.3,84.0,137.7,sugarcane,sugarcane,sugarcane,99,"['sugarcane', 'maize', 'sugarbeet']","[99, 1, 0]"
6.3,24.5,17.3,34.6,26.9,24.0,thinai,thinai,thinai,51,"['thinai', 'varagu', 'panivaragu']","[51, 17, 15]"
6.9,34.1,79.1,116.3,50.0,54.1,annual moringa,annual moringa,annual moringa,95,"['annual moringa', 'muskmelon', 'peas']","[95, 2, 1]"
6.0,18.1,83.0,75.0,56.9,50.1,chowchow,chowchow,chowchow,70,"['chowchow', 'french bean', 'vegetable cowpea']","[70, 28, 1]"
5.7,23.7,79.4,83.9,52.0,44.5,french bean,french bean,vegetable cowpea,68,"['vegetable cowpea', 'french bean', 'chowchow']","[68, 26, 3]"
7.7,24.2,85.2,93.1,51.7,52.2,cotton,cotton,cotton,65,"['cotton', 'cluster bean', 'peas']","[65, 31, 2]"
6.1,21.4,54.9,37.0,24.6,24.7,cowpea,cowpea,cowpea,92,"['cowpea', 'thinai', 'panivaragu']","[92, 3, 2]"
6.0,20.4,98.7,65.2,57.9,42.6,beetroot,beetroot,beetroot,95,"['beetroot', 'sorghum', 'radish']","[95, 4, 1]"
6.3,19.3,99.1,82.6,46.7,50.3,beetroot,beetroot,beetroot,98,"['beetroot', 'radish', 'cauliflower']","[98, 1, 1]"
6.2,22.9,63.8,85.8,48.8,87.8,pumpkin,pumpkin,pumpkin,94,"['pumpkin', 'ash gourd', 'bottle gourd']","[94, 6, 0]"
7.1,27.4,80.2,62.2,50.1,72.6,ribbed gourd,ribbed gourd,ribbed gourd,90,"['ribbed gourd', 'bitter gourd', 'tinda']","[90, 7, 1]"
7.2,24.6,90.0,139.0,53.8,98.1,brinjal,brinjal,brinjal,94,"['brinjal', 'capsicum', 'tomato']","[94, 6, 1]"
6.7,8.8,99.1,91.2,57.3,47.2,cauliflower,cauliflower,cauliflower,90,"['cauliflower', 'radish', 'beetroot']","[90, 10, 0]"
6.3,26.1,15.2,30.3,27.9,20.9,varagu,varagu,varagu,78,"['varagu', 'thinai', 'panivaragu']","[78, 12, 5]"
6.9,22.5,15.4,30.6,22.2,21.3,ragi,ragi,thinai,43,"['thinai', 'ragi', 'panivaragu']","[43, 27, 18]"
6.8,20.0,95.8,108.7,59.7,47.2,cauliflower,cauliflower,cauliflower,98,"['cauliflower', 'beetroot', 'peas']","[98, 2, 0]"
7.0,24.5,60.2,141.1,78.0,80.7,maize,maize,maize,87,"['maize', 'sugarbeet', 'sugarcane']","[87, 8, 3]"
6.1,21.2,68.4,153.5,79.2,65.7,maize,maize,maize,91,"['maize', 'sugarbeet', 'carrot']","[91, 8, 0]"
6.3,35.8,100.0,67.8,55.4,46.7,sorghum,sorghum,sorghum,100,"['sorghum', 'jute', 'cauliflower']","[100, 0, 0]"
6.0,28.2,54.7,65.3,51.6,46.0,tapoica,tapoica,tapoica,100,"['tapoica', 'ash gourd', 'cowpea']","[100, 0, 0]"
7.0,25.0,86.4,72.7,50.0,35.7,jute,jute,jute,83,"['jute', 'tinda', 'castor']","[83, 4, 3]"
7.3,25.4,81.8,92.5,46.0,45.4,tinda,tinda,tinda,40,"['tinda', 'cotton', 'annual moringa']","[40, 24, 15]"
6.5,18.3,98.1,69.5,55.9,49.7,beetroot,beetroot,beetroot,92,"['beetroot', 'sorghum', 'radish']","[92, 5, 2]"
5.6,22.5,84.7,96.5,57.2,58.7,french bean,french bean,vegetable cowpea,35,"['vegetable cowpea', 'french bean', 'sweet potato']","[35, 29, 27]"
6.3,20.5,83.4,69.1,67.5,80.1,bottle gourd,bottle gourd,bottle gourd,74,"['bottle gourd', 'snake gourd', 'bitter gourd']","[74, 26, 0]"
6.5,31.5,72.0,84.6,41.6,43.8,rice,rice,jute,49,"['jute', 'rice', 'cucumber']","[49, 39, 7]"
6.8,43.0,16.3,33.5,23.7,26.6,panivaragu,panivaragu,panivaragu,88,"['panivaragu', 'blackgram', 'thinai']","[88, 11, 0]"
6.8,29.0,68.9,82.9,55.2,48.1,cucumber,cucumber,cucumber,76,"['cucumber', 'rice', 'groundnut']","[76, 16, 2]"
7.3,30.0,77.7,61.6,49.1,52.4,tinda,tinda,tinda,87,"['tinda', 'jute', 'ribbed gourd']","[87, 7, 2]"
5.9,39.6,16.6,38.3,21.2,21.6,panivaragu,panivaragu,panivaragu,99,"['panivaragu', 'thinai', 'blackgram']","[99, 0, 0]"
5.7,27.2,56.5,78.0,45.9,41.3,tapoica,tapoica,tapoica,100,"['tapoica', 'cowpea', 'rice']","[100, 0, 0]"
8.6,36.9,16.4,30.7,27.7,28.8,samai,samai,samai,100,"['samai', 'blackgram', 'panivaragu']","[100, 0, 0]"
7.0,29.8,80.8,124.4,68.6,89.4,tomato,tomato,tomato,80,"['tomato', 'chillies', 'muskmelon']","[80, 16, 2]"
7.0,26.0,83.4,68.9,56.9,64.5,ribbed gourd,ribbed gourd,ribbed gourd,47,"['ribbed gourd', 'bitter gourd', 'bottle gourd']","[47, 43, 4]"
6.3,24.0,60.0,57.2,22.1,29.3,bengalgram,bengalgram,bengalgram,98,"['bengalgram', 'cowpea', 'soyabean']","[98, 2, 0]"
6.7,23.9,18.5,32.3,22.6,20.4,thinai,thinai,thinai,61,"['thinai', 'ragi', 'panivaragu']","[61, 18, 15]"
7.0,25.2,89.4,85.9,57.3,97.8,bitter gourd,bitter gourd,bitter gourd,79,"['bitter gourd', 'snake gourd', 'brinjal']","[79, 14, 2]"
6.9,28.9,61.9,37.2,35.7,35.4,greengram,greengram,greengram,99,"['greengram', 'horsegram', 'bengalgram']","[99, 1, 0]"
6.1,15.4,80.9,61.7,33.3,38.2,soyabean,soyabean,soyabean,93,"['soyabean', 'pearl millet', 'french bean']","[93, 6, 0]"
6.5,26.6,88.0,82.2,64.7,71.5,snake gourd,snake gourd,snake gourd,67,"['snake gourd', 'bitter gourd', 'bottle gourd']","[67, 30, 1]"
6.1,12.8,18.1,31.5,24.3,22.9,ragi,ragi,ragi,55,"['ragi', 'panivaragu', 'thinai']","[55, 45, 0]"
6.9,21.7,72.8,188.2,98.3,123.0,sugarcane,sugarcane,sugarcane,99,"['sugarcane', 'maize', 'tomato']","[99, 1, 0]"
6.0,20.0,18.7,53.2,35.1,36.6,kudiraivali,kudiraivali,kudiraivali,99,"['kudiraivali', 'cowpea', 'bengalgram']","[99, 0, 0]"
6.6,22.1,80.1,61.2,72.6,85.7,bottle gourd,bottle gourd,bottle gourd,92,"['bottle gourd', 'bitter gourd', 'snake gourd']","[92, 3, 3]"
7.0,12.8,82.2,46.7,26.5,37.2,pearl millet,pearl millet,pearl millet,96,"['pearl millet', 'soyabean', 'redgram']","[96, 3, 1]"
6.4,15.5,91.5,107.2,60.5,119.8,capsicum,capsicum,cabbage,53,"['cabbage', 'capsicum', 'brinjal']","[53, 47, 0]"
5.2,20.8,64.6,81.4,57.9,45.5,rice,rice,rice,97,"['rice', 'small onion', 'vegetable cowpea']","[97, 2, 1]"
6.1,20.5,93.9,73.4,45.4,48.2,sorghum,sorghum,sorghum,71,"['sorghum', 'beetroot', 'cauliflower']","[71, 25, 3]"
6.0,25.1,17.7,37.0,26.5,22.7,varagu,varagu,varagu,72,"['varagu', 'thinai', 'panivaragu']","[72, 16, 6]"
6.9,16.0,67.3,66.8,41.7,47.3,small onion,small onion,small onion,51,"['small onion', 'groundnut', 'peas']","[51, 49, 0]"
6.2,20.3,78.5,125.4,71.5,119.8,onion,onion,onion,95,"['onion', 'chillies', 'tomato']","[95, 2, 2]"
7.4,35.4,51.3,53.6,35.4,37.5,horsegram,horsegram,horsegram,100,"['horsegram', 'blackgram', 'greengram']","[100, 0, 0]"
6.7,29.7,74.8,63.4,37.3,43.5,jute,jute,jute,90,"['jute', 'soyabean', 'tinda']","[90, 6, 2]"
5.6,23.0,82.5,91.3,45.5,42.9,vegetable cowpea,vegetable cowpea,vegetable cowpea,42,"['vegetable cowpea', 'french bean', 'sweet potato']","[42, 31, 21]"
7.4,27.9,83.9,103.9,43.8,41.8,cotton,cotton,annual moringa,49,"['annual moringa', 'cotton', 'peas']","[49, 30, 13]"
8.9,27.0,20.0,39.2,25.3,20.2,samai,samai,samai,98,"['samai', 'ragi', 'greengram']","[98, 1, 1]"
6.8,26.0,78.2,86.8,57.5,64.2,watermelon,watermelon,watermelon,38,"['watermelon', 'ribbed gourd', 'bitter gourd']","[38, 20, 18]"
5.8,11.3,16.6,36.3,23.9,28.1,panivaragu,panivaragu,ragi,51,"['ragi', 'panivaragu', 'thinai']","[51, 49, 0]"
6.3,25.7,18.6,34.2,24.4,23.5,varagu,varagu,varagu,75,"['varagu', 'thinai', 'ragi']","[75, 14, 5]"
7.6,24.6,83.5,93.1,59.5,57.4,cluster bean,cluster bean,cluster bean,64,"['cluster bean', 'cotton', 'peas']","[64, 31, 2]"
6.4,22.7,65.4,70.4,48.6,40.9,small onion,small onion,small onion,75,"['small onion', 'groundnut', 'rice']","[75, 21, 1]"
7.2,28.1,97.0,61.2,59.0,45.0,sorghum,sorghum,sorghum,100,"['sorghum', 'tinda', 'jute']","[100, 0, 0]"
7.1,27.6,75.8,78.1,62.4,86.8,ribbed gourd,ribbed gourd,ribbed gourd,96,"['ribbed gourd', 'bitter gourd', 'muskmelon']","[96, 3, 1]"
6.3,28.9,72.5,91.6,58.2,97.6,ash gourd,ash gourd,ash gourd,96,"['ash gourd', 'chillies', 'pumpkin']","[96, 2, 1]"
7.5,26.8,83.1,63.3,55.3,52.2,tinda,tinda,tinda,85,"['tinda', 'cluster bean', 'elephant foot yam']","[85, 8, 3]"
6.5,37.8,65.0,78.6,42.7,40.1,groundnut,groundnut,groundnut,79,"['groundnut', 'jute', 'rice']","[79, 8, 7]"
6.0,24.0,60.0,49.7,31.4,35.3,bengalgram,bengalgram,bengalgram,98,"['bengalgram', 'cowpea', 'horsegram']","[98, 2, 0]"
6.6,28.1,51.7,98.4,79.3,71.0,ash gourd,ash gourd,ash gourd,99,"['ash gourd', 'pumpkin', 'tapoica']","[99, 0, 0]"
6.6,23.0,79.2,134.3,63.0,67.5,sugarbeet,sugarbeet,sugarbeet,63,"['sugarbeet', 'maize', 'tomato']","[63, 29, 4]"
6.2,24.9,85.0,63.4,49.4,49.1,jute,jute,jute,29,"['jute', 'elephant foot yam', 'vegetable cowpea']","[29, 26, 15]"
6.5,26.3,77.7,136.6,79.7,92.4,chillies,chillies,chillies,72,"['chillies', 'tomato', 'maize']","[72, 13, 11]"
7.8,26.8,70.7,161.5,70.4,137.6,sugarcane,sugarcane,sugarcane,100,"['sugarcane', 'tomato', 'maize']","[100, 0, 0]"
7.9,29.0,81.8,83.1,46.7,43.5,annual moringa,annual moringa,annual moringa,50,"['annual moringa', 'cotton', 'tinda']","[50, 32, 11]"
5.9,23.7,83.3,82.3,43.7,50.1,vegetable cowpea,vegetable cowpea,vegetable cowpea,52,"['vegetable cowpea', 'french bean', 'sweet potato']","[52, 26, 17]"
6.3,18.1,69.5,95.3,88.3,69.6,carrot,carrot,carrot,98,"['carrot', 'pumpkin', 'sugarbeet']","[98, 2, 0]"
6.5,20.0,19.8,55.3,24.3,29.7,kudiraivali,kudiraivali,kudiraivali,98,"['kudiraivali', 'cowpea', 'thinai']","[98, 1, 0]"
7.9,24.1,84.3,95.8,47.6,47.4,cluster bean,cluster bean,cluster bean,64,"['cluster bean', 'cotton', 'peas']","[64, 33, 1]"
5.6,28.3,54.2,50.2,28.2,26.0,cowpea,cowpea,cowpea,94,"['cowpea', 'bengalgram', 'horsegram']","[94, 4, 1]"
6.5,24.9,89.0,75.5,34.5,31.3,sunflower,sunflower,soyabean,38,"['soyabean', 'castor', 'sunflower']","[38, 33, 14]"
7.9,35.0,76.4,92.7,47.4,58.7,annual moringa,annual moringa,rice,56,"['rice', 'annual moringa', 'cucumber']","[56, 38, 3]"
6.8,22.4,73.5,69.9,52.0,43.5,small onion,small onion,small onion,84,"['small onion', 'cluster bean', 'groundnut']","[84, 11, 1]"
7.0,13.0,16.2,30.8,20.6,29.4,ragi,ragi,ragi,78,"['ragi', 'panivaragu', 'thinai']","[78, 22, 0]"
8.6,27.4,15.5,35.4,21.5,21.4,samai,samai,samai,100,"['samai', 'ragi', 'blackgram']","[100, 0, 0]"
6.0,18.8,90.9,121.2,44.2,84.3,capsicum,capsicum,capsicum,97,"['capsicum', 'brinjal', 'cabbage']","[97, 2, 1]"
6.0,41.5,18.6,31.8,29.8,23.2,panivaragu,panivaragu,panivaragu,98,"['panivaragu', 'blackgram', 'thinai']","[98, 1, 0]"
6.8,18.0,64.3,99.0,65.0,89.9,carrot,carrot,carrot,91,"['carrot', 'pumpkin', 'sugarbeet']","[91, 9, 0]"
7.3,26.7,81.9,111.0,44.8,50.7,cotton,cotton,annual moringa,47,"['annual moringa', 'cotton', 'peas']","[47, 36, 14]"
6.7,26.9,72.8,67.9,47.8,32.7,jute,jute,jute,90,"['jute', 'soyabean', 'tinda']","[90, 3, 3]"
6.3,22.1,16.4,30.2,20.9,28.0,thinai,thinai,thinai,56,"['thinai', 'ragi', 'panivaragu']","[56, 19, 16]"
6.8,44.0,15.8,31.7,26.4,20.9,panivaragu,panivaragu,panivaragu,89,"['panivaragu', 'blackgram', 'thinai']","[89, 11, 0]"
5.6,23.4,81.1,64.3,42.1,44.1,french bean,french bean,vegetable cowpea,58,"['vegetable cowpea', 'french bean', 'chowchow']","[58, 35, 4]"
6.3,16.6,95.3,82.4,49.2,46.0,radish,radish,radish,89,"['radish', 'cauliflower', 'beetroot']","[89, 7, 3]"
6.1,35.4,56.8,51.4,29.4,20.2,horsegram,horsegram,horsegram,99,"['horsegram', 'cowpea', 'panivaragu']","[99, 1, 0]"
6.5,24.5,66.5,120.1,72.1,74.2,sugarbeet,sugarbeet,sugarbeet,65,"['sugarbeet', 'maize', 'tomato']","[65, 29, 3]"
6.0,25.2,69.3,88.6,54.3,70.7,ash gourd,ash gourd,ash gourd,72,"['ash gourd', 'pumpkin', 'watermelon']","[72, 24, 1]"
6.6,28.0,80.9,68.2,69.2,63.4,bitter gourd,bitter gourd,bitter gourd,64,"['bitter gourd', 'ribbed gourd', 'bottle gourd']","[64, 32, 3]"
6.2,28.4,80.0,78.2,35.2,34.4,jute,jute,jute,55,"['jute', 'soyabean', 'horsegram']","[55, 43, 0]"
7.6,29.2,97.4,27.0,39.7,40.0,gingely,gingely,gingely,100,"['gingely', 'sorghum', 'castor']","[100, 0, 0]"
6.0,22.2,18.0,36.1,21.0,29.2,thinai,thinai,thinai,58,"['thinai', 'ragi', 'panivaragu']","[58, 20, 20]"
6.7,37.9,95.8,76.4,58.4,44.5,sorghum,sorghum,sorghum,99,"['sorghum', 'jute', 'cauliflower']","[99, 0, 0]"
7.4,32.4,69.0,70.5,46.0,59.1,cucumber,cucumber,cucumber,96,"['cucumber', 'groundnut', 'jute']","[96, 2, 1]"
6.6,23.4,59.2,118.8,58.4,47.4,wheat,wheat,wheat,100,"['wheat', 'rice', 'peas']","[100, 0, 0]"
6.6,21.9,78.8,51.6,29.8,24.5,redgram,redgram,redgram,93,"['redgram', 'soyabean', 'sunflower']","[93, 4, 3]"
7.0,19.7,99.0,63.3,44.7,52.7,beetroot,beetroot,beetroot,91,"['beetroot', 'sorghum', 'radish']","[91, 8, 0]"
6.4,9.8,92.3,112.7,88.6,90.1,cabbage,cabbage,cabbage,100,"['cabbage', 'capsicum', 'brinjal']","[100, 0, 0]"
6.6,24.6,91.9,77.0,29.8,34.3,sunflower,sunflower,castor,43,"['castor', 'sunflower', 'soyabean']","[43, 35, 20]"
6.2,26.0,19.9,33.1,22.0,22.2,varagu,varagu,varagu,77,"['varagu', 'thinai', 'panivaragu']","[77, 13, 5]"
7.0,34.5,83.3,77.0,57.4,86.9,ribbed gourd,ribbed gourd,ribbed gourd,93,"['ribbed gourd', 'muskmelon', 'bitter gourd']","[93, 5, 2]"
6.0,22.5,51.3,98.8,56.2,47.4,wheat,wheat,wheat,99,"['wheat', 'rice', 'tapoica']","[99, 1, 0]"
6.0,16.1,73.2,68.7,54.1,58.7,small onion,small onion,small onion,84,"['small onion', 'french bean', 'chowchow']","[84, 11, 3]"
6.4,20.0,17.4,40.8,21.4,37.4,kudiraivali,kudiraivali,kudiraivali,99,"['kudiraivali', 'thinai', 'ragi']","[99, 0, 0]"
6.3,18.8,61.5,64.7,67.6,71.1,pumpkin,pumpkin,pumpkin,97,"['pumpkin', 'carrot', 'ash gourd']","[97, 2, 0]"
6.9,28.9,81.4,113.3,74.6,87.1,tomato,tomato,tomato,61,"['tomato', 'chillies', 'muskmelon']","[61, 24, 6]"
7.3,26.0,78.9,79.7,55.5,61.6,ribbed gourd,ribbed gourd,ribbed gourd,41,"['ribbed gourd', 'watermelon', 'tinda']","[41, 20, 15]"
6.2,27.9,53.7,82.9,50.9,68.0,ash gourd,ash gourd,ash gourd,99,"['ash gourd', 'tapoica', 'pumpkin']","[99, 0, 0]"
5.7,22.6,76.0,81.8,56.5,58.2,vegetable cowpea,vegetable cowpea,vegetable cowpea,56,"['vegetable cowpea', 'french bean', 'chowchow']","[56, 26, 9]"
9.0,34.9,17.5,37.7,24.9,25.3,samai,samai,samai,99,"['samai', 'blackgram', 'panivaragu']","[99, 1, 0]"
6.0,20.2,75.7,95.7,51.5,57.6,chowchow,chowchow,chowchow,72,"['chowchow', 'vegetable cowpea', 'french bean']","[72, 10, 9]"
5.8,20.4,84.9,75.5,41.9,46.1,chowchow,chowchow,chowchow,52,"['chowchow', 'french bean', 'vegetable cowpea']","[52, 24, 20]"
6.1,26.9,83.6,81.4,58.4,58.6,elephant foot yam,elephant foot yam,elephant foot yam,75,"['elephant foot yam', 'vegetable cowpea', 'french bean']","[75, 14, 3]"
5.7,27.6,78.9,86.3,56.9,51.6,vegetable cowpea,vegetable cowpea,vegetable cowpea,82,"['vegetable cowpea', 'elephant foot yam', 'rice']","[82, 7, 7]"
7.5,26.3,87.3,22.9,35.9,31.9,gingely,gingely,gingely,100,"['gingely', 'castor', 'pearl millet']","[100, 0, 0]"
7.4,25.5,80.6,113.9,52.9,84.3,tomato,tomato,watermelon,65,"['watermelon', 'muskmelon', 'tomato']","[65, 21, 12]"
6.5,21.1,92.6,100.5,64.5,105.2,capsicum,capsicum,capsicum,54,"['capsicum', 'cabbage', 'brinjal']","[54, 36, 5]"
7.4,15.4,16.5,38.6,26.4,29.2,ragi,ragi,ragi,97,"['ragi', 'panivaragu', 'blackgram']","[97, 2, 0]"
6.8,46.1,65.0,68.5,57.3,55.7,groundnut,groundnut,groundnut,98,"['groundnut', 'cucumber', 'rice']","[98, 2, 0]"
6.7,26.9,83.1,97.2,43.9,84.6,watermelon,watermelon,watermelon,38,"['watermelon', 'bitter gourd', 'muskmelon']","[38, 24, 22]"
7.2,28.8,68.0,25.2,32.6,37.4,greengram,greengram,greengram,100,"['greengram', 'horsegram', 'gingely']","[100, 0, 0]"
5.9,21.8,89.2,86.0,58.5,54.8,sweet potato,sweet potato,sweet potato,96,"['sweet potato', 'chowchow', 'vegetable cowpea']","[96, 1, 1]"
6.6,26.5,96.2,118.1,93.7,84.9,bhendi,bhendi,bhendi,95,"['bhendi', 'cabbage', 'capsicum']","[95, 4, 0]"
6.1,24.5,80.7,107.0,42.8,63.3,watermelon,watermelon,watermelon,92,"['watermelon', 'onion', 'chillies']","[92, 4, 2]"
6.1,25.1,16.4,38.3,28.8,21.0,varagu,varagu,varagu,69,"['varagu', 'thinai', 'panivaragu']","[69, 19, 5]"
5.7,28.5,84.5,89.7,53.8,49.4,vegetable cowpea,vegetable cowpea,vegetable cowpea,60,"['vegetable cowpea', 'elephant foot yam', 'french bean']","[60, 36, 2]"
6.6,20.6,84.5,101.2,71.6,115.2,tomato,tomato,tomato,68,"['tomato', 'onion', 'brinjal']","[68, 24, 3]"
6.1,27.2,72.4,85.7,56.2,49.6,rice,rice,rice,81,"['rice', 'jute', 'small onion']","[81, 4, 3]"
7.1,32.3,63.8,98.0,58.5,59.0,cucumber,cucumber,cucumber,84,"['cucumber', 'rice', 'tapoica']","[84, 15, 0]"
6.5,22.4,90.0,140.0,64.0,87.8,brinjal,brinjal,brinjal,70,"['brinjal', 'capsicum', 'cabbage']","[70, 20, 5]"
5.7,26.0,76.7,80.7,56.3,55.8,vegetable cowpea,vegetable cowpea,vegetable cowpea,66,"['vegetable cowpea', 'french bean', 'rice']","[66, 25, 4]"
5.6,23.9,75.6,66.3,48.9,50.6,vegetable cowpea,vegetable cowpea,vegetable cowpea,63,"['vegetable cowpea', 'french bean', 'chowchow']","[63, 33, 3]"
6.0,24.9,85.6,113.5,57.2,44.9,sweet potato,sweet potato,sweet potato,100,"['sweet potato', 'vegetable cowpea', 'peas']","[100, 0, 0]"
6.2,29.9,51.9,30.5,31.0,24.0,cowpea,cowpea,cowpea,86,"['cowpea', 'greengram', 'panivaragu']","[86, 6, 3]"
6.2,19.4,83.5,89.2,42.9,48.9,chowchow,chowchow,chowchow,93,"['chowchow', 'french bean', 'sweet potato']","[93, 2, 2]"
6.8,27.4,87.5,98.5,55.5,60.9,bitter gourd,bitter gourd,bitter gourd,80,"['bitter gourd', 'peas', 'muskmelon']","[80, 6, 2]"
6.4,30.8,61.9,72.0,55.6,85.4,ash gourd,ash gourd,ash gourd,99,"['ash gourd', 'pumpkin', 'cucumber']","[99, 1, 0]"
7.5,32.5,77.7,115.8,51.7,89.3,muskmelon,muskmelon,muskmelon,97,"['muskmelon', 'tomato', 'ribbed gourd']","[97, 2, 1]"
6.2,19.0,68.2,106.0,63.3,99.9,carrot,carrot,carrot,81,"['carrot', 'pumpkin', 'tomato']","[81, 10, 3]"
6.5,27.7,69.8,89.6,50.5,45.6,cucumber,cucumber,rice,44,"['rice', 'cucumber', 'jute']","[44, 37, 6]"
6.7,8.6,98.4,89.4,54.6,45.5,cauliflower,cauliflower,cauliflower,90,"['cauliflower', 'radish', 'beetroot']","[90, 10, 0]"
7.5,31.3,86.9,99.9,49.6,32.8,jute,jute,jute,94,"['jute', 'annual moringa', 'cotton']","[94, 2, 2]"
6.1,27.9,88.2,37.3,36.6,39.7,gingely,gingely,gingely,98,"['gingely', 'pearl millet', 'soyabean']","[98, 1, 0]"
6.1,21.8,71.5,68.8,52.8,41.6,small onion,small onion,small onion,95,"['small onion', 'chowchow', 'rice']","[95, 3, 1]"
7.3,22.8,74.3,167.0,70.6,132.3,sugarcane,sugarcane,sugarcane,100,"['sugarcane', 'tomato', 'sugarbeet']","[100, 0, 0]"
6.9,33.9,67.7,31.1,36.0,31.0,greengram,greengram,greengram,100,"['greengram', 'horsegram', 'gingely']","[100, 0, 0]"
6.4,35.1,58.6,44.1,21.1,33.8,horsegram,horsegram,horsegram,98,"['horsegram', 'cowpea', 'bengalgram']","[98, 1, 1]"
6.9,27.5,83.9,75.3,42.6,53.1,tinda,tinda,tinda,63,"['tinda', 'elephant foot yam', 'jute']","[63, 29, 3]"
5.8,26.2,16.3,39.1,22.5,20.4,thinai,thinai,varagu,79,"['varagu', 'thinai', 'ragi']","[79, 12, 5]"
6.0,19.0,62.1,93.0,62.2,84.7,carrot,carrot,pumpkin,58,"['pumpkin', 'carrot', 'maize']","[58, 42, 0]"
6.1,24.5,60.0,45.3,29.9,25.1,bengalgram,bengalgram,bengalgram,97,"['bengalgram', 'cowpea', 'horsegram']","[97, 2, 1]"
7.3,32.9,75.9,100.5,58.3,88.9,muskmelon,muskmelon,muskmelon,87,"['muskmelon', 'ribbed gourd', 'tomato']","[87, 12, 1]"
6.7,26.6,78.1,104.8,48.9,50.1,peas,peas,annual moringa,59,"['annual moringa', 'peas', 'cotton']","[59, 25, 7]"
6.1,25.5,64.2,80.7,71.1,66.4,ash gourd,ash gourd,ash gourd,64,"['ash gourd', 'pumpkin', 'bottle gourd']","[64, 36, 0]"
6.1,30.3,65.8,81.8,78.4,75.2,ash gourd,ash gourd,ash gourd,99,"['ash gourd', 'pumpkin', 'rice']","[99, 1, 0]"
8.0,19.2,17.2,36.0,25.4,27.7,ragi,ragi,ragi,98,"['ragi', 'blackgram', 'panivaragu']","[98, 2, 0]"
6.9,25.2,83.8,138.4,42.0,94.5,tomato,tomato,tomato,58,"['tomato', 'chillies', 'watermelon']","[58, 23, 7]"
7.8,35.1,17.0,36.2,28.7,25.5,blackgram,blackgram,blackgram,57,"['blackgram', 'samai', 'panivaragu']","[57, 41, 2]"
5.6,23.6,51.3,42.0,34.0,30.5,cowpea,cowpea,cowpea,96,"['cowpea', 'bengalgram', 'thinai']","[96, 3, 0]"
6.4,26.7,16.4,36.1,20.2,22.8,varagu,varagu,varagu,79,"['varagu', 'thinai', 'panivaragu']","[79, 12, 5]"
7.1,32.5,83.9,105.5,53.4,82.8,muskmelon,muskmelon,muskmelon,96,"['muskmelon', 'ribbed gourd', 'tomato']","[96, 3, 1]"
6.5,29.8,75.0,63.7,62.9,99.4,ribbed gourd,ribbed gourd,ash gourd,88,"['ash gourd', 'ribbed gourd', 'bitter gourd']","[88, 8, 2]"
7.2,22.8,82.7,148.8,44.1,81.0,tomato,tomato,tomato,95,"['tomato', 'onion', 'chillies']","[95, 1, 1]"
6.1,17.8,62.0,82.2,68.7,72.8,carrot,carrot,carrot,83,"['carrot', 'pumpkin', 'sugarbeet']","[83, 17, 0]"
7.3,31.8,63.9,25.8,21.9,26.7,greengram,greengram,greengram,100,"['greengram', 'horsegram', 'blackgram']","[100, 0, 0]"
7.1,25.1,77.6,106.9,45.5,70.2,muskmelon,muskmelon,watermelon,81,"['watermelon', 'muskmelon', 'tomato']","[81, 16, 1]"
7.4,27.7,89.2,62.0,42.4,30.1,jute,jute,jute,68,"['jute', 'soyabean', 'pearl millet']","[68, 12, 8]"
6.1,26.2,77.0,77.3,48.5,61.4,bottle gourd,bottle gourd,bottle gourd,63,"['bottle gourd', 'watermelon', 'bitter gourd']","[63, 16, 4]"
7.0,24.0,67.9,119.0,69.5,62.5,sugarbeet,sugarbeet,sugarbeet,95,"['sugarbeet', 'maize', 'pumpkin']","[95, 4, 1]"
7.3,37.4,17.2,32.7,27.6,24.1,blackgram,blackgram,blackgram,92,"['blackgram', 'panivaragu', 'samai']","[92, 7, 1]"
7.4,27.9,83.9,90.7,50.2,53.6,annual moringa,annual moringa,tinda,48,"['tinda', 'annual moringa', 'cotton']","[48, 22, 19]"
6.0,21.8,76.5,128.8,57.4,100.0,onion,onion,onion,96,"['onion', 'chillies', 'tomato']","[96, 3, 0]"
6.9,28.0,60.0,59.3,31.9,20.7,bengalgram,bengalgram,bengalgram,83,"['bengalgram', 'horsegram', 'greengram']","[83, 15, 1]"
6.7,21.5,81.1,53.8,24.3,36.3,soyabean,soyabean,redgram,54,"['redgram', 'sunflower', 'soyabean']","[54, 27, 11]"
5.8,26.7,57.6,93.9,46.4,46.4,tapoica,tapoica,tapoica,99,"['tapoica', 'rice', 'wheat']","[99, 1, 0]"
6.7,41.2,17.2,33.1,36.2,32.2,blackgram,blackgram,blackgram,98,"['blackgram', 'panivaragu', 'horsegram']","[98, 2, 0]"
6.9,25.1,78.4,90.2,59.4,71.4,ribbed gourd,ribbed gourd,watermelon,53,"['watermelon', 'ribbed gourd', 'bitter gourd']","[53, 19, 13]"
7.2,22.8,73.6,191.4,85.7,121.6,sugarcane,sugarcane,sugarcane,99,"['sugarcane', 'maize', 'sugarbeet']","[99, 0, 0]"
6.4,22.1,89.0,95.0,53.1,42.4,sweet potato,sweet potato,sweet potato,98,"['sweet potato', 'cauliflower', 'chowchow']","[98, 0, 0]"
6.4,26.5,91.8,28.5,25.2,21.6,gingely,gingely,gingely,100,"['gingely', 'pearl millet', 'castor']","[100, 0, 0]"
6.6,19.1,16.4,35.8,24.1,26.6,panivaragu,panivaragu,ragi,48,"['ragi', 'panivaragu', 'thinai']","[48, 38, 10]"
6.7,18.5,70.9,65.8,43.4,45.2,small onion,small onion,small onion,94,"['small onion', 'groundnut', 'chowchow']","[94, 4, 0]"
6.4,28.7,94.5,39.2,38.1,27.3,gingely,gingely,gingely,96,"['gingely', 'pearl millet', 'soyabean']","[96, 4, 0]"
5.6,20.0,18.7,50.8,39.5,26.6,kudiraivali,kudiraivali,kudiraivali,99,"['kudiraivali', 'cowpea', 'ragi']","[99, 0, 0]"
5.9,23.1,18.3,30.5,20.2,24.9,thinai,thinai,thinai,58,"['thinai', 'ragi', 'panivaragu']","[58, 20, 14]"
7.1,26.9,17.8,29.4,29.9,22.7,blackgram,blackgram,blackgram,96,"['blackgram', 'ragi', 'thinai']","[96, 3, 1]"
6.5,25.9,79.7,97.9,52.1,80.6,watermelon,watermelon,watermelon,67,"['watermelon', 'bottle gourd', 'muskmelon']","[67, 12, 8]"
5.3,11.6,18.7,35.3,27.6,27.1,ragi,ragi,ragi,87,"['ragi', 'panivaragu', 'thinai']","[87, 13, 0]"
5.7,23.3,82.0,73.9,59.6,54.6,vegetable cowpea,vegetable cowpea,vegetable cowpea,66,"['vegetable cowpea', 'french bean', 'chowchow']","[66, 27, 5]"
6.4,27.9,97.1,60.5,40.2,59.7,sorghum,sorghum,sorghum,99,"['sorghum', 'cauliflower', 'elephant foot yam']","[99, 0, 0]"
6.2,20.0,15.7,46.3,30.3,22.4,kudiraivali,kudiraivali,kudiraivali,99,"['kudiraivali', 'thinai', 'ragi']","[99, 0, 0]"
6.9,34.5,79.9,74.1,70.6,77.0,ribbed gourd,ribbed gourd,ribbed gourd,98,"['ribbed gourd', 'bitter gourd', 'ash gourd']","[98, 2, 0]"
6.3,20.6,92.8,78.2,47.6,48.0,sorghum,sorghum,sorghum,71,"['sorghum', 'cauliflower', 'beetroot']","[71, 16, 12]"
8.6,31.3,15.7,34.4,26.7,24.2,samai,samai,samai,100,"['samai', 'blackgram', 'panivaragu']","[100, 0, 0]"
6.9,33.8,82.8,104.4,58.5,67.7,muskmelon,muskmelon,muskmelon,89,"['muskmelon', 'ribbed gourd', 'annual moringa']","[89, 10, 0]"
6.4,24.8,90.9,117.9,65.4,82.9,capsicum,capsicum,capsicum,51,"['capsicum', 'cabbage', 'bhendi']","[51, 23, 20]"
7.0,20.6,79.1,135.1,48.1,88.1,tomato,tomato,tomato,97,"['tomato', 'onion', 'maize']","[97, 1, 0]"
6.9,23.8,74.7,165.9,69.8,133.6,sugarcane,sugarcane,sugarcane,99,"['sugarcane', 'tomato', 'maize']","[99, 0, 0]"
7.2,31.9,80.8,119.3,59.8,49.2,annual moringa,annual moringa,annual moringa,94,"['annual moringa', 'cotton', 'peas']","[94, 3, 1]"
7.0,19.9,62.3,80.4,74.3,73.8,carrot,carrot,pumpkin,71,"['pumpkin', 'carrot', 'sugarbeet']","[71, 28, 0]"
5.6,11.6,97.0,63.9,56.6,49.5,radish,radish,radish,100,"['radish', 'sorghum', 'french bean']","[100, 0, 0]"
7.3,12.7,88.0,59.7,33.8,39.7,pearl millet,pearl millet,pearl millet,90,"['pearl millet', 'sorghum', 'soyabean']","[90, 5, 4]"
6.6,19.5,90.0,127.3,63.9,119.0,brinjal,brinjal,brinjal,79,"['brinjal', 'capsicum', 'cabbage']","[79, 20, 1]"
6.2,18.9,69.1,88.5,48.5,51.8,small onion,small onion,small onion,95,"['small onion', 'rice', 'chowchow']","[95, 2, 1]"
6.1,24.6,18.9,36.5,29.2,29.7,thinai,thinai,thinai,52,"['thinai', 'varagu', 'panivaragu']","[52, 17, 16]"
6.6,25.2,68.4,87.8,54.8,92.4,pumpkin,pumpkin,pumpkin,61,"['pumpkin', 'ash gourd', 'watermelon']","[61, 37, 1]"
6.1,18.7,79.4,62.7,72.5,93.9,bottle gourd,bottle gourd,bottle gourd,95,"['bottle gourd', 'snake gourd', 'pumpkin']","[95, 5, 0]"
6.3,27.0,55.3,61.6,47.3,44.2,tapoica,tapoica,tapoica,99,"['tapoica', 'cowpea', 'ash gourd']","[99, 0, 0]"
6.6,37.8,17.1,21.4,26.7,20.2,blackgram,blackgram,blackgram,92,"['blackgram', 'panivaragu', 'thinai']","[92, 8, 0]"
5.0,24.3,67.6,83.7,53.0,55.7,rice,rice,rice,99,"['rice', 'vegetable cowpea', 'small onion']","[99, 0, 0]"
6.1,24.3,76.8,81.0,57.7,91.6,watermelon,watermelon,bottle gourd,57,"['bottle gourd', 'watermelon', 'bitter gourd']","[57, 33, 4]"
5.8,22.2,88.3,100.4,47.9,43.0,sweet potato,sweet potato,sweet potato,99,"['sweet potato', 'vegetable cowpea', 'french bean']","[99, 0, 0]"
7.0,18.8,16.0,37.9,22.3,21.4,ragi,ragi,ragi,68,"['ragi', 'panivaragu', 'thinai']","[68, 24, 5]"
6.9,20.4,65.0,57.1,57.1,57.3,groundnut,groundnut,groundnut,98,"['groundnut', 'small onion', 'pumpkin']","[98, 2, 1]"
6.3,26.0,16.9,31.9,26.5,24.9,varagu,varagu,varagu,77,"['varagu', 'thinai', 'ragi']","[77, 13, 5]"
6.7,27.1,80.0,67.8,72.4,62.3,ribbed gourd,ribbed gourd,bitter gourd,60,"['bitter gourd', 'ribbed gourd', 'bottle gourd']","[60, 33, 5]"
6.5,25.1,69.7,88.3,46.1,55.5,cucumber,cucumber,rice,37,"['rice', 'small onion', 'cucumber']","[37, 27, 23]"
6.1,26.2,16.3,33.8,29.1,29.6,varagu,varagu,varagu,81,"['varagu', 'thinai', 'ragi']","[81, 11, 4]"
5.7,25.7,15.9,36.1,28.9,25.5,varagu,varagu,varagu,78,"['varagu', 'thinai', 'ragi']","[78, 13, 6]"
5.8,20.0,19.3,56.0,26.2,29.7,kudiraivali,kudiraivali,kudiraivali,99,"['kudiraivali', 'cowpea', 'ragi']","[99, 1, 0]"
6.4,24.3,87.9,115.7,50.4,58.0,sweet potato,sweet potato,sweet potato,99,"['sweet potato', 'peas', 'cotton']","[99, 0, 0]"
7.7,22.4,93.8,63.2,39.3,34.3,sunflower,sunflower,sunflower,72,"['sunflower', 'castor', 'pearl millet']","[72, 27, 0]"
6.8,21.9,63.0,60.1,49.9,89.9,pumpkin,pumpkin,pumpkin,98,"['pumpkin', 'ash gourd', 'groundnut']","[98, 2, 0]"
7.1,26.4,85.0,112.7,44.1,96.9,watermelon,watermelon,watermelon,35,"['watermelon', 'tomato', 'muskmelon']","[35, 27, 18]"
6.6,26.5,83.4,104.3,63.9,101.5,chillies,chillies,chillies,52,"['chillies', 'tomato', 'brinjal']","[52, 31, 10]"
7.2,33.5,78.4,87.0,50.3,58.8,annual moringa,annual moringa,annual moringa,69,"['annual moringa', 'rice', 'muskmelon']","[69, 14, 4]"
6.7,30.9,86.2,70.3,46.4,38.3,jute,jute,jute,88,"['jute', 'elephant foot yam', 'soyabean']","[88, 6, 2]"
5.7,20.0,15.6,44.5,30.7,27.0,kudiraivali,kudiraivali,kudiraivali,99,"['kudiraivali', 'thinai', 'ragi']","[99, 0, 0]"
7.3,20.8,80.4,73.3,37.8,30.1,sunflower,sunflower,sunflower,90,"['sunflower', 'soyabean', 'castor']","[90, 4, 3]"
8.9,26.4,15.0,33.9,25.0,21.7,samai,samai,samai,96,"['samai', 'ragi', 'blackgram']","[96, 4, 0]"
6.3,24.8,93.3,121.0,43.2,87.8,capsicum,capsicum,capsicum,94,"['capsicum', 'brinjal', 'bhendi']","[94, 3, 1]"
6.5,15.9,87.9,80.1,45.9,43.5,peas,peas,peas,61,"['peas', 'sorghum', 'radish']","[61, 21, 4]"
6.5,20.9,73.6,78.8,44.2,45.2,small onion,small onion,small onion,84,"['small onion', 'chowchow', 'peas']","[84, 5, 3]"
7.3,31.7,79.2,104.5,45.9,50.4,annual moringa,annual moringa,annual moringa,93,"['annual moringa', 'cotton', 'jute']","[93, 2, 1]"
6.7,23.6,86.9,116.6,47.9,54.3,sweet potato,sweet potato,sweet potato,88,"['sweet potato', 'peas', 'cotton']","[88, 10, 1]"
7.6,24.6,75.2,95.1,56.7,44.2,cluster bean,cluster bean,cotton,42,"['cotton', 'cluster bean', 'rice']","[42, 33, 16]"
6.9,18.5,99.2,75.5,43.1,41.6,beetroot,beetroot,beetroot,91,"['beetroot', 'sorghum', 'radish']","[91, 5, 3]"
6.6,17.1,98.1,77.1,57.6,42.8,radish,radish,radish,62,"['radish', 'sorghum', 'beetroot']","[62, 17, 15]"
7.3,25.3,79.6,105.0,58.7,49.9,peas,peas,cotton,44,"['cotton', 'annual moringa', 'peas']","[44, 35, 14]"
6.3,24.9,63.5,129.4,68.3,66.1,maize,maize,maize,82,"['maize', 'sugarbeet', 'ash gourd']","[82, 16, 1]"
7.3,24.3,80.5,68.5,35.7,28.3,castor,castor,sunflower,57,"['sunflower', 'castor', 'soyabean']","[57, 27, 9]"
6.7,28.4,79.3,53.4,23.5,24.8,redgram,redgram,redgram,85,"['redgram', 'soyabean', 'horsegram']","[85, 8, 6]"
5.5,20.0,20.0,52.2,31.4,33.1,kudiraivali,kudiraivali,kudiraivali,62,"['kudiraivali', 'cowpea', 'bengalgram']","[62, 36, 1]"
5.3,22.3,51.0,41.5,22.8,29.9,cowpea,cowpea,cowpea,99,"['cowpea', 'bengalgram', 'ragi']","[99, 1, 0]"
6.4,21.5,86.8,81.0,42.5,57.2,sweet potato,sweet potato,sweet potato,86,"['sweet potato', 'chowchow', 'snake gourd']","[86, 8, 4]"
5.7,25.2,86.8,99.5,54.4,52.3,sweet potato,sweet potato,sweet potato,96,"['sweet potato', 'vegetable cowpea', 'elephant foot yam']","[96, 2, 1]"
8.1,21.7,77.8,74.9,43.9,43.1,cluster bean,cluster bean,cluster bean,99,"['cluster bean', 'cotton', 'rice']","[99, 0, 0]"
6.9,26.8,76.0,88.2,49.7,98.0,muskmelon,muskmelon,watermelon,37,"['watermelon', 'muskmelon', 'ribbed gourd']","[37, 32, 18]"
6.3,28.0,76.4,111.6,68.4,82.0,chillies,chillies,chillies,93,"['chillies', 'tomato', 'maize']","[93, 4, 0]"
6.0,26.6,15.3,30.7,24.9,22.9,varagu,varagu,varagu,80,"['varagu', 'thinai', 'panivaragu']","[80, 11, 5]"
7.8,21.3,90.1,71.2,34.3,35.5,sunflower,sunflower,sunflower,90,"['sunflower', 'castor', 'soyabean']","[90, 10, 0]"
6.7,24.7,84.5,135.2,64.7,86.9,chillies,chillies,chillies,37,"['chillies', 'tomato', 'brinjal']","[37, 27, 14]"
6.9,26.0,72.7,189.8,86.0,136.5,sugarcane,sugarcane,sugarcane,100,"['sugarcane', 'maize', 'tomato']","[100, 0, 0]"
5.9,20.2,82.6,89.2,42.9,49.3,french bean,french bean,chowchow,57,"['chowchow', 'french bean', 'vegetable cowpea']","[57, 20, 15]"
6.9,18.0,99.4,79.3,50.5,42.8,beetroot,beetroot,beetroot,79,"['beetroot', 'radish', 'sorghum']","[79, 9, 7]"
6.9,22.1,90.0,101.5,59.5,91.7,brinjal,brinjal,brinjal,87,"['brinjal', 'capsicum', 'snake gourd']","[87, 10, 1]"
7.1,29.7,66.7,32.0,30.0,25.8,greengram,greengram,greengram,100,"['greengram', 'horsegram', 'gingely']","[100, 0, 0]"
7.4,26.7,76.4,99.3,50.7,44.3,cotton,cotton,annual moringa,32,"['annual moringa', 'tinda', 'cotton']","[32, 26, 25]"
6.8,25.0,60.1,70.5,44.6,43.6,cucumber,cucumber,cucumber,68,"['cucumber', 'groundnut', 'tapoica']","[68, 18, 9]"
6.3,31.2,82.7,96.8,55.6,50.9,elephant foot yam,elephant foot yam,elephant foot yam,90,"['elephant foot yam', 'annual moringa', 'vegetable cowpea']","[90, 3, 2]"
6.6,18.9,99.0,72.7,46.8,59.7,beetroot,beetroot,beetroot,94,"['beetroot', 'sorghum', 'radish']","[94, 5, 1]"
5.7,22.8,16.6,39.3,20.4,20.6,thinai,thinai,thinai,56,"['thinai', 'ragi', 'panivaragu']","[56, 23, 15]"
7.5,27.5,17.0,23.6,34.0,28.3,blackgram,blackgram,blackgram,99,"['blackgram', 'samai', 'ragi']","[99, 0, 0]"
6.8,12.0,97.9,91.9,52.2,51.5,cauliflower,cauliflower,cauliflower,57,"['cauliflower', 'radish', 'beetroot']","[57, 42, 1]"
6.6,24.1,65.0,75.1,41.9,52.0,groundnut,groundnut,groundnut,77,"['groundnut', 'small onion', 'cucumber']","[77, 12, 9]"
7.7,22.0,72.6,101.3,77.8,68.5,sugarbeet,sugarbeet,sugarbeet,99,"['sugarbeet', 'tomato', 'cotton']","[99, 0, 0]"
6.0,26.5,17.1,36.8,23.6,29.4,panivaragu,panivaragu,varagu,80,"['varagu', 'thinai', 'ragi']","[80, 11, 5]"
6.9,22.0,63.2,91.5,57.9,69.4,pumpkin,pumpkin,pumpkin,97,"['pumpkin', 'sugarbeet', 'rice']","[97, 1, 1]"
5.8,25.9,52.4,79.6,43.1,43.5,tapoica,tapoica,tapoica,100,"['tapoica', 'cowpea', 'rice']","[100, 0, 0]"
7.0,34.8,62.8,83.4,51.6,42.1,rice,rice,cucumber,79,"['cucumber', 'rice', 'groundnut']","[79, 19, 1]"
6.5,18.9,79.6,46.9,31.4,36.7,redgram,redgram,redgram,92,"['redgram', 'soyabean', 'pearl millet']","[92, 5, 2]"
6.8,26.5,65.0,54.8,55.0,52.6,groundnut,groundnut,groundnut,95,"['groundnut', 'cucumber', 'tapoica']","[95, 4, 0]"
6.7,28.1,81.2,70.3,71.6,84.2,bitter gourd,bitter gourd,bitter gourd,66,"['bitter gourd', 'ribbed gourd', 'bottle gourd']","[66, 31, 2]"
6.6,25.5,76.3,118.0,42.2,116.7,tomato,tomato,chillies,60,"['chillies', 'tomato', 'watermelon']","[60, 24, 10]"
5.7,25.3,93.5,128.9,71.9,90.5,capsicum,capsicum,capsicum,69,"['capsicum', 'bhendi', 'cabbage']","[69, 25, 6]"
5.8,15.1,99.4,71.3,42.2,58.4,radish,radish,radish,99,"['radish', 'sorghum', 'beetroot']","[99, 1, 0]"
6.1,24.8,53.7,60.1,73.0,84.8,ash gourd,ash gourd,ash gourd,94,"['ash gourd', 'pumpkin', 'bottle gourd']","[94, 6, 0]"
6.6,12.6,100.0,88.2,40.9,44.9,cauliflower,cauliflower,radish,55,"['radish', 'cauliflower', 'beetroot']","[55, 44, 1]"
6.3,31.1,84.3,81.1,57.9,42.1,elephant foot yam,elephant foot yam,elephant foot yam,93,"['elephant foot yam', 'jute', 'vegetable cowpea']","[93, 3, 2]"
6.1,25.8,58.4,75.9,46.2,59.5,tapoica,tapoica,tapoica,94,"['tapoica', 'ash gourd', 'pumpkin']","[94, 5, 0]"
7.0,31.2,60.6,87.9,44.1,43.0,cucumber,cucumber,cucumber,83,"['cucumber', 'rice', 'tapoica']","[83, 12, 4]"
6.9,27.9,81.8,87.6,51.9,55.1,elephant foot yam,elephant foot yam,tinda,55,"['tinda', 'elephant foot yam', 'annual moringa']","[55, 17, 14]"
8.0,26.3,74.4,161.2,81.4,126.5,sugarcane,sugarcane,sugarcane,100,"['sugarcane', 'tomato', 'maize']","[100, 0, 0]"
6.7,31.4,75.8,96.6,59.8,86.7,ribbed gourd,ribbed gourd,muskmelon,49,"['muskmelon', 'ribbed gourd', 'ash gourd']","[49, 47, 2]"
6.7,26.2,17.7,38.0,39.8,26.2,blackgram,blackgram,blackgram,92,"['blackgram', 'thinai', 'ragi']","[92, 4, 1]"
6.3,26.8,78.4,114.5,46.4,82.2,watermelon,watermelon,watermelon,65,"['watermelon', 'chillies', 'muskmelon']","[65, 27, 5]"
7.8,30.0,77.9,104.4,53.0,42.1,annual moringa,annual moringa,annual moringa,80,"['annual moringa', 'cotton', 'rice']","[80, 15, 1]"
5.7,22.3,77.1,86.7,41.9,51.8,vegetable cowpea,vegetable cowpea,vegetable cowpea,58,"['vegetable cowpea', 'french bean', 'chowchow']","[58, 27, 11]"
6.8,20.4,78.8,55.9,39.1,26.9,redgram,redgram,redgram,88,"['redgram', 'soyabean', 'sunflower']","[88, 6, 6]"
7.7,25.7,71.0,83.1,56.0,54.4,rice,rice,rice,47,"['rice', 'cotton', 'cucumber']","[47, 44, 4]"
7.3,24.3,77.4,93.5,45.1,85.2,watermelon,watermelon,watermelon,94,"['watermelon', 'muskmelon', 'ribbed gourd']","[94, 3, 1]"
6.2,23.6,77.0,118.3,51.2,91.0,onion,onion,onion,63,"['onion', 'chillies', 'watermelon']","[63, 27, 7]"
6.6,20.1,99.2,74.6,45.3,56.7,beetroot,beetroot,beetroot,95,"['beetroot', 'sorghum', 'cauliflower']","[95, 4, 1]"
6.8,26.1,76.3,51.1,25.1,22.3,redgram,redgram,redgram,86,"['redgram', 'soyabean', 'horsegram']","[86, 7, 6]"
5.7,24.2,82.8,43.4,31.8,23.9,castor,castor,pearl millet,54,"['pearl millet', 'castor', 'soyabean']","[54, 45, 1]"
6.5,13.2,87.6,107.4,44.5,56.0,peas,peas,peas,96,"['peas', 'cauliflower', 'sweet potato']","[96, 3, 1]"
6.2,24.0,50.3,30.1,30.2,32.8,cowpea,cowpea,cowpea,96,"['cowpea', 'thinai', 'panivaragu']","[96, 2, 1]"
6.7,32.2,63.4,91.5,57.1,48.4,cucumber,cucumber,cucumber,82,"['cucumber', 'rice', 'tapoica']","[82, 16, 1]"
5.5,23.9,82.6,129.6,86.2,80.1,maize,maize,maize,88,"['maize', 'cabbage', 'bhendi']","[88, 7, 3]"
6.2,21.5,98.8,147.2,85.7,111.7,cabbage,cabbage,cabbage,91,"['cabbage', 'bhendi', 'capsicum']","[91, 8, 1]"
7.8,32.0,84.9,90.2,50.1,52.2,annual moringa,annual moringa,annual moringa,85,"['annual moringa', 'cotton', 'tinda']","[85, 7, 3]"
7.1,21.1,78.2,104.5,49.9,55.2,cotton,cotton,cotton,49,"['cotton', 'peas', 'cluster bean']","[49, 45, 4]"
5.6,10.8,16.7,30.3,22.0,29.2,panivaragu,panivaragu,panivaragu,62,"['panivaragu', 'ragi', 'thinai']","[62, 38, 0]"
7.7,29.9,80.3,111.6,59.3,44.9,annual moringa,annual moringa,annual moringa,76,"['annual moringa', 'cotton', 'peas']","[76, 22, 2]"
5.5,16.4,77.9,87.6,59.0,51.1,french bean,french bean,french bean,97,"['french bean', 'chowchow', 'vegetable cowpea']","[97, 2, 0]"
6.5,29.9,90.4,78.9,31.6,27.3,soyabean,soyabean,soyabean,91,"['soyabean', 'jute', 'pearl millet']","[91, 5, 2]"
7.4,18.1,90.0,134.1,74.9,80.1,brinjal,brinjal,brinjal,93,"['brinjal', 'capsicum', 'tomato']","[93, 4, 1]"
